ISO-10303-21;
HEADER;
FILE_DESCRIPTION(('Open CASCADE Model'),'2;1');
FILE_NAME('Open CASCADE Shape Model','2026-06-11T18:08:22',('Author'),(
    'Open CASCADE'),'Open CASCADE STEP processor 7.8','Open CASCADE 7.8'
  ,'Unknown');
FILE_SCHEMA(('AUTOMOTIVE_DESIGN { 1 0 10303 214 1 1 1 1 }'));
ENDSEC;
DATA;
#1 = APPLICATION_PROTOCOL_DEFINITION('international standard',
  'automotive_design',2000,#2);
#2 = APPLICATION_CONTEXT(
  'core data for automotive mechanical design processes');
#3 = SHAPE_DEFINITION_REPRESENTATION(#4,#10);
#4 = PRODUCT_DEFINITION_SHAPE('','',#5);
#5 = PRODUCT_DEFINITION('design','',#6,#9);
#6 = PRODUCT_DEFINITION_FORMATION('','',#7);
#7 = PRODUCT('Open CASCADE STEP translator 7.8 1',
  'Open CASCADE STEP translator 7.8 1','',(#8));
#8 = PRODUCT_CONTEXT('',#2,'mechanical');
#9 = PRODUCT_DEFINITION_CONTEXT('part definition',#2,'design');
#10 = ADVANCED_BREP_SHAPE_REPRESENTATION('',(#11,#15),#7269);
#11 = AXIS2_PLACEMENT_3D('',#12,#13,#14);
#12 = CARTESIAN_POINT('',(0.,0.,0.));
#13 = DIRECTION('',(0.,0.,1.));
#14 = DIRECTION('',(1.,0.,-0.));
#15 = MANIFOLD_SOLID_BREP('',#16);
#16 = CLOSED_SHELL('',(#17,#477,#907,#955,#1007,#1130,#1201,#1250,#1299,
    #1326,#1397,#1446,#1495,#1522,#1593,#1642,#1691,#1718,#2096,#2122,
    #2666,#2692,#2699,#2773,#3222,#3270,#3615,#3663,#3729,#3777,#3804,
    #3829,#3854,#3879,#3904,#3929,#3954,#3979,#4026,#4053,#4080,#4087,
    #4132,#4158,#4184,#4191,#4236,#4262,#4288,#4295,#4320,#4365,#4391,
    #4417,#4424,#4469,#4495,#4521,#4528,#5073,#5125,#5201,#5250,#5299,
    #5326,#5378,#5430,#5482,#5534,#5586,#5638,#5690,#5742,#5794,#5846,
    #5898,#5950,#6002,#6036,#6043,#6077,#6111,#6145,#6179,#6213,#6247,
    #6281,#6315,#6349,#6383,#6417,#6451,#6485,#6537,#6589,#6641,#6693,
    #6745,#6797,#6849,#6901,#6953,#7005,#7057,#7109,#7161,#7213,#7217,
    #7221,#7225,#7229,#7233,#7237,#7241,#7245,#7249,#7253,#7257,#7261,
    #7265));
#17 = ADVANCED_FACE('',(#18,#135,#249,#363),#32,.F.);
#18 = FACE_BOUND('',#19,.F.);
#19 = EDGE_LOOP('',(#20,#55,#82,#110));
#20 = ORIENTED_EDGE('',*,*,#21,.F.);
#21 = EDGE_CURVE('',#22,#24,#26,.T.);
#22 = VERTEX_POINT('',#23);
#23 = CARTESIAN_POINT('',(-7.5,-5.4,3.));
#24 = VERTEX_POINT('',#25);
#25 = CARTESIAN_POINT('',(-7.5,5.4,3.));
#26 = SURFACE_CURVE('',#27,(#31,#43),.PCURVE_S1.);
#27 = LINE('',#28,#29);
#28 = CARTESIAN_POINT('',(-7.5,-6.,3.));
#29 = VECTOR('',#30,1.);
#30 = DIRECTION('',(0.,1.,0.));
#31 = PCURVE('',#32,#37);
#32 = PLANE('',#33);
#33 = AXIS2_PLACEMENT_3D('',#34,#35,#36);
#34 = CARTESIAN_POINT('',(-7.5,-6.,-3.));
#35 = DIRECTION('',(1.,0.,0.));
#36 = DIRECTION('',(0.,0.,1.));
#37 = DEFINITIONAL_REPRESENTATION('',(#38),#42);
#38 = LINE('',#39,#40);
#39 = CARTESIAN_POINT('',(6.,0.));
#40 = VECTOR('',#41,1.);
#41 = DIRECTION('',(0.,-1.));
#42 = ( GEOMETRIC_REPRESENTATION_CONTEXT(2) 
PARAMETRIC_REPRESENTATION_CONTEXT() REPRESENTATION_CONTEXT('2D SPACE',''
  ) );
#43 = PCURVE('',#44,#49);
#44 = PLANE('',#45);
#45 = AXIS2_PLACEMENT_3D('',#46,#47,#48);
#46 = CARTESIAN_POINT('',(-7.5,-6.,3.));
#47 = DIRECTION('',(0.,0.,1.));
#48 = DIRECTION('',(1.,0.,0.));
#49 = DEFINITIONAL_REPRESENTATION('',(#50),#54);
#50 = LINE('',#51,#52);
#51 = CARTESIAN_POINT('',(0.,0.));
#52 = VECTOR('',#53,1.);
#53 = DIRECTION('',(0.,1.));
#54 = ( GEOMETRIC_REPRESENTATION_CONTEXT(2) 
PARAMETRIC_REPRESENTATION_CONTEXT() REPRESENTATION_CONTEXT('2D SPACE',''
  ) );
#55 = ORIENTED_EDGE('',*,*,#56,.F.);
#56 = EDGE_CURVE('',#57,#22,#59,.T.);
#57 = VERTEX_POINT('',#58);
#58 = CARTESIAN_POINT('',(-7.5,-5.4,-3.));
#59 = SURFACE_CURVE('',#60,(#64,#71),.PCURVE_S1.);
#60 = LINE('',#61,#62);
#61 = CARTESIAN_POINT('',(-7.5,-5.4,-3.));
#62 = VECTOR('',#63,1.);
#63 = DIRECTION('',(0.,0.,1.));
#64 = PCURVE('',#32,#65);
#65 = DEFINITIONAL_REPRESENTATION('',(#66),#70);
#66 = LINE('',#67,#68);
#67 = CARTESIAN_POINT('',(0.,-0.6));
#68 = VECTOR('',#69,1.);
#69 = DIRECTION('',(1.,0.));
#70 = ( GEOMETRIC_REPRESENTATION_CONTEXT(2) 
PARAMETRIC_REPRESENTATION_CONTEXT() REPRESENTATION_CONTEXT('2D SPACE',''
  ) );
#71 = PCURVE('',#72,#77);
#72 = CYLINDRICAL_SURFACE('',#73,0.6);
#73 = AXIS2_PLACEMENT_3D('',#74,#75,#76);
#74 = CARTESIAN_POINT('',(-6.9,-5.4,-3.));
#75 = DIRECTION('',(0.,0.,1.));
#76 = DIRECTION('',(-1.,-0.,0.));
#77 = DEFINITIONAL_REPRESENTATION('',(#78),#81);
#78 = B_SPLINE_CURVE_WITH_KNOTS('',1,(#79,#80),.UNSPECIFIED.,.F.,.F.,(2,
    2),(0.,6.),.PIECEWISE_BEZIER_KNOTS.);
#79 = CARTESIAN_POINT('',(0.,0.));
#80 = CARTESIAN_POINT('',(0.,6.));
#81 = ( GEOMETRIC_REPRESENTATION_CONTEXT(2) 
PARAMETRIC_REPRESENTATION_CONTEXT() REPRESENTATION_CONTEXT('2D SPACE',''
  ) );
#82 = ORIENTED_EDGE('',*,*,#83,.T.);
#83 = EDGE_CURVE('',#57,#84,#86,.T.);
#84 = VERTEX_POINT('',#85);
#85 = CARTESIAN_POINT('',(-7.5,5.4,-3.));
#86 = SURFACE_CURVE('',#87,(#91,#98),.PCURVE_S1.);
#87 = LINE('',#88,#89);
#88 = CARTESIAN_POINT('',(-7.5,-6.,-3.));
#89 = VECTOR('',#90,1.);
#90 = DIRECTION('',(0.,1.,0.));
#91 = PCURVE('',#32,#92);
#92 = DEFINITIONAL_REPRESENTATION('',(#93),#97);
#93 = LINE('',#94,#95);
#94 = CARTESIAN_POINT('',(0.,0.));
#95 = VECTOR('',#96,1.);
#96 = DIRECTION('',(0.,-1.));
#97 = ( GEOMETRIC_REPRESENTATION_CONTEXT(2) 
PARAMETRIC_REPRESENTATION_CONTEXT() REPRESENTATION_CONTEXT('2D SPACE',''
  ) );
#98 = PCURVE('',#99,#104);
#99 = PLANE('',#100);
#100 = AXIS2_PLACEMENT_3D('',#101,#102,#103);
#101 = CARTESIAN_POINT('',(-7.5,-6.,-3.));
#102 = DIRECTION('',(0.,0.,1.));
#103 = DIRECTION('',(1.,0.,0.));
#104 = DEFINITIONAL_REPRESENTATION('',(#105),#109);
#105 = LINE('',#106,#107);
#106 = CARTESIAN_POINT('',(0.,0.));
#107 = VECTOR('',#108,1.);
#108 = DIRECTION('',(0.,1.));
#109 = ( GEOMETRIC_REPRESENTATION_CONTEXT(2) 
PARAMETRIC_REPRESENTATION_CONTEXT() REPRESENTATION_CONTEXT('2D SPACE',''
  ) );
#110 = ORIENTED_EDGE('',*,*,#111,.T.);
#111 = EDGE_CURVE('',#84,#24,#112,.T.);
#112 = SURFACE_CURVE('',#113,(#117,#124),.PCURVE_S1.);
#113 = LINE('',#114,#115);
#114 = CARTESIAN_POINT('',(-7.5,5.4,-3.));
#115 = VECTOR('',#116,1.);
#116 = DIRECTION('',(0.,0.,1.));
#117 = PCURVE('',#32,#118);
#118 = DEFINITIONAL_REPRESENTATION('',(#119),#123);
#119 = LINE('',#120,#121);
#120 = CARTESIAN_POINT('',(0.,-11.4));
#121 = VECTOR('',#122,1.);
#122 = DIRECTION('',(1.,0.));
#123 = ( GEOMETRIC_REPRESENTATION_CONTEXT(2) 
PARAMETRIC_REPRESENTATION_CONTEXT() REPRESENTATION_CONTEXT('2D SPACE',''
  ) );
#124 = PCURVE('',#125,#130);
#125 = CYLINDRICAL_SURFACE('',#126,0.6);
#126 = AXIS2_PLACEMENT_3D('',#127,#128,#129);
#127 = CARTESIAN_POINT('',(-6.9,5.4,-3.));
#128 = DIRECTION('',(0.,0.,1.));
#129 = DIRECTION('',(-1.,-0.,0.));
#130 = DEFINITIONAL_REPRESENTATION('',(#131),#134);
#131 = B_SPLINE_CURVE_WITH_KNOTS('',1,(#132,#133),.UNSPECIFIED.,.F.,.F.,
  (2,2),(0.,6.),.PIECEWISE_BEZIER_KNOTS.);
#132 = CARTESIAN_POINT('',(0.,0.));
#133 = CARTESIAN_POINT('',(0.,6.));
#134 = ( GEOMETRIC_REPRESENTATION_CONTEXT(2) 
PARAMETRIC_REPRESENTATION_CONTEXT() REPRESENTATION_CONTEXT('2D SPACE',''
  ) );
#135 = FACE_BOUND('',#136,.F.);
#136 = EDGE_LOOP('',(#137,#167,#195,#223));
#137 = ORIENTED_EDGE('',*,*,#138,.T.);
#138 = EDGE_CURVE('',#139,#141,#143,.T.);
#139 = VERTEX_POINT('',#140);
#140 = CARTESIAN_POINT('',(-7.5,-0.4,-0.3));
#141 = VERTEX_POINT('',#142);
#142 = CARTESIAN_POINT('',(-7.5,-0.4,-0.9));
#143 = SURFACE_CURVE('',#144,(#148,#155),.PCURVE_S1.);
#144 = LINE('',#145,#146);
#145 = CARTESIAN_POINT('',(-7.5,-0.4,-0.3));
#146 = VECTOR('',#147,1.);
#147 = DIRECTION('',(0.,-0.,-1.));
#148 = PCURVE('',#32,#149);
#149 = DEFINITIONAL_REPRESENTATION('',(#150),#154);
#150 = LINE('',#151,#152);
#151 = CARTESIAN_POINT('',(2.7,-5.6));
#152 = VECTOR('',#153,1.);
#153 = DIRECTION('',(-1.,0.));
#154 = ( GEOMETRIC_REPRESENTATION_CONTEXT(2) 
PARAMETRIC_REPRESENTATION_CONTEXT() REPRESENTATION_CONTEXT('2D SPACE',''
  ) );
#155 = PCURVE('',#156,#161);
#156 = PLANE('',#157);
#157 = AXIS2_PLACEMENT_3D('',#158,#159,#160);
#158 = CARTESIAN_POINT('',(-7.5,-0.4,-0.3));
#159 = DIRECTION('',(-0.,1.,-0.));
#160 = DIRECTION('',(0.,0.,-1.));
#161 = DEFINITIONAL_REPRESENTATION('',(#162),#166);
#162 = LINE('',#163,#164);
#163 = CARTESIAN_POINT('',(0.,-0.));
#164 = VECTOR('',#165,1.);
#165 = DIRECTION('',(1.,0.));
#166 = ( GEOMETRIC_REPRESENTATION_CONTEXT(2) 
PARAMETRIC_REPRESENTATION_CONTEXT() REPRESENTATION_CONTEXT('2D SPACE',''
  ) );
#167 = ORIENTED_EDGE('',*,*,#168,.T.);
#168 = EDGE_CURVE('',#141,#169,#171,.T.);
#169 = VERTEX_POINT('',#170);
#170 = CARTESIAN_POINT('',(-7.5,-1.6,-0.9));
#171 = SURFACE_CURVE('',#172,(#176,#183),.PCURVE_S1.);
#172 = LINE('',#173,#174);
#173 = CARTESIAN_POINT('',(-7.5,-0.4,-0.9));
#174 = VECTOR('',#175,1.);
#175 = DIRECTION('',(0.,-1.,0.));
#176 = PCURVE('',#32,#177);
#177 = DEFINITIONAL_REPRESENTATION('',(#178),#182);
#178 = LINE('',#179,#180);
#179 = CARTESIAN_POINT('',(2.1,-5.6));
#180 = VECTOR('',#181,1.);
#181 = DIRECTION('',(0.,1.));
#182 = ( GEOMETRIC_REPRESENTATION_CONTEXT(2) 
PARAMETRIC_REPRESENTATION_CONTEXT() REPRESENTATION_CONTEXT('2D SPACE',''
  ) );
#183 = PCURVE('',#184,#189);
#184 = PLANE('',#185);
#185 = AXIS2_PLACEMENT_3D('',#186,#187,#188);
#186 = CARTESIAN_POINT('',(-7.5,-0.4,-0.9));
#187 = DIRECTION('',(0.,-0.,-1.));
#188 = DIRECTION('',(0.,-1.,0.));
#189 = DEFINITIONAL_REPRESENTATION('',(#190),#194);
#190 = LINE('',#191,#192);
#191 = CARTESIAN_POINT('',(0.,0.));
#192 = VECTOR('',#193,1.);
#193 = DIRECTION('',(1.,0.));
#194 = ( GEOMETRIC_REPRESENTATION_CONTEXT(2) 
PARAMETRIC_REPRESENTATION_CONTEXT() REPRESENTATION_CONTEXT('2D SPACE',''
  ) );
#195 = ORIENTED_EDGE('',*,*,#196,.T.);
#196 = EDGE_CURVE('',#169,#197,#199,.T.);
#197 = VERTEX_POINT('',#198);
#198 = CARTESIAN_POINT('',(-7.5,-1.6,-0.3));
#199 = SURFACE_CURVE('',#200,(#204,#211),.PCURVE_S1.);
#200 = LINE('',#201,#202);
#201 = CARTESIAN_POINT('',(-7.5,-1.6,-0.9));
#202 = VECTOR('',#203,1.);
#203 = DIRECTION('',(0.,0.,1.));
#204 = PCURVE('',#32,#205);
#205 = DEFINITIONAL_REPRESENTATION('',(#206),#210);
#206 = LINE('',#207,#208);
#207 = CARTESIAN_POINT('',(2.1,-4.4));
#208 = VECTOR('',#209,1.);
#209 = DIRECTION('',(1.,0.));
#210 = ( GEOMETRIC_REPRESENTATION_CONTEXT(2) 
PARAMETRIC_REPRESENTATION_CONTEXT() REPRESENTATION_CONTEXT('2D SPACE',''
  ) );
#211 = PCURVE('',#212,#217);
#212 = PLANE('',#213);
#213 = AXIS2_PLACEMENT_3D('',#214,#215,#216);
#214 = CARTESIAN_POINT('',(-7.5,-1.6,-0.9));
#215 = DIRECTION('',(0.,-1.,0.));
#216 = DIRECTION('',(0.,0.,1.));
#217 = DEFINITIONAL_REPRESENTATION('',(#218),#222);
#218 = LINE('',#219,#220);
#219 = CARTESIAN_POINT('',(0.,0.));
#220 = VECTOR('',#221,1.);
#221 = DIRECTION('',(1.,0.));
#222 = ( GEOMETRIC_REPRESENTATION_CONTEXT(2) 
PARAMETRIC_REPRESENTATION_CONTEXT() REPRESENTATION_CONTEXT('2D SPACE',''
  ) );
#223 = ORIENTED_EDGE('',*,*,#224,.T.);
#224 = EDGE_CURVE('',#197,#139,#225,.T.);
#225 = SURFACE_CURVE('',#226,(#230,#237),.PCURVE_S1.);
#226 = LINE('',#227,#228);
#227 = CARTESIAN_POINT('',(-7.5,-1.6,-0.3));
#228 = VECTOR('',#229,1.);
#229 = DIRECTION('',(0.,1.,0.));
#230 = PCURVE('',#32,#231);
#231 = DEFINITIONAL_REPRESENTATION('',(#232),#236);
#232 = LINE('',#233,#234);
#233 = CARTESIAN_POINT('',(2.7,-4.4));
#234 = VECTOR('',#235,1.);
#235 = DIRECTION('',(0.,-1.));
#236 = ( GEOMETRIC_REPRESENTATION_CONTEXT(2) 
PARAMETRIC_REPRESENTATION_CONTEXT() REPRESENTATION_CONTEXT('2D SPACE',''
  ) );
#237 = PCURVE('',#238,#243);
#238 = PLANE('',#239);
#239 = AXIS2_PLACEMENT_3D('',#240,#241,#242);
#240 = CARTESIAN_POINT('',(-7.5,-1.6,-0.3));
#241 = DIRECTION('',(0.,-0.,1.));
#242 = DIRECTION('',(0.,1.,0.));
#243 = DEFINITIONAL_REPRESENTATION('',(#244),#248);
#244 = LINE('',#245,#246);
#245 = CARTESIAN_POINT('',(0.,0.));
#246 = VECTOR('',#247,1.);
#247 = DIRECTION('',(1.,0.));
#248 = ( GEOMETRIC_REPRESENTATION_CONTEXT(2) 
PARAMETRIC_REPRESENTATION_CONTEXT() REPRESENTATION_CONTEXT('2D SPACE',''
  ) );
#249 = FACE_BOUND('',#250,.F.);
#250 = EDGE_LOOP('',(#251,#281,#309,#337));
#251 = ORIENTED_EDGE('',*,*,#252,.T.);
#252 = EDGE_CURVE('',#253,#255,#257,.T.);
#253 = VERTEX_POINT('',#254);
#254 = CARTESIAN_POINT('',(-7.5,-2.4,-0.3));
#255 = VERTEX_POINT('',#256);
#256 = CARTESIAN_POINT('',(-7.5,-2.4,-0.9));
#257 = SURFACE_CURVE('',#258,(#262,#269),.PCURVE_S1.);
#258 = LINE('',#259,#260);
#259 = CARTESIAN_POINT('',(-7.5,-2.4,-0.3));
#260 = VECTOR('',#261,1.);
#261 = DIRECTION('',(0.,-0.,-1.));
#262 = PCURVE('',#32,#263);
#263 = DEFINITIONAL_REPRESENTATION('',(#264),#268);
#264 = LINE('',#265,#266);
#265 = CARTESIAN_POINT('',(2.7,-3.6));
#266 = VECTOR('',#267,1.);
#267 = DIRECTION('',(-1.,0.));
#268 = ( GEOMETRIC_REPRESENTATION_CONTEXT(2) 
PARAMETRIC_REPRESENTATION_CONTEXT() REPRESENTATION_CONTEXT('2D SPACE',''
  ) );
#269 = PCURVE('',#270,#275);
#270 = PLANE('',#271);
#271 = AXIS2_PLACEMENT_3D('',#272,#273,#274);
#272 = CARTESIAN_POINT('',(-7.5,-2.4,-0.3));
#273 = DIRECTION('',(-0.,1.,-0.));
#274 = DIRECTION('',(0.,0.,-1.));
#275 = DEFINITIONAL_REPRESENTATION('',(#276),#280);
#276 = LINE('',#277,#278);
#277 = CARTESIAN_POINT('',(0.,-0.));
#278 = VECTOR('',#279,1.);
#279 = DIRECTION('',(1.,0.));
#280 = ( GEOMETRIC_REPRESENTATION_CONTEXT(2) 
PARAMETRIC_REPRESENTATION_CONTEXT() REPRESENTATION_CONTEXT('2D SPACE',''
  ) );
#281 = ORIENTED_EDGE('',*,*,#282,.T.);
#282 = EDGE_CURVE('',#255,#283,#285,.T.);
#283 = VERTEX_POINT('',#284);
#284 = CARTESIAN_POINT('',(-7.5,-3.6,-0.9));
#285 = SURFACE_CURVE('',#286,(#290,#297),.PCURVE_S1.);
#286 = LINE('',#287,#288);
#287 = CARTESIAN_POINT('',(-7.5,-2.4,-0.9));
#288 = VECTOR('',#289,1.);
#289 = DIRECTION('',(0.,-1.,0.));
#290 = PCURVE('',#32,#291);
#291 = DEFINITIONAL_REPRESENTATION('',(#292),#296);
#292 = LINE('',#293,#294);
#293 = CARTESIAN_POINT('',(2.1,-3.6));
#294 = VECTOR('',#295,1.);
#295 = DIRECTION('',(0.,1.));
#296 = ( GEOMETRIC_REPRESENTATION_CONTEXT(2) 
PARAMETRIC_REPRESENTATION_CONTEXT() REPRESENTATION_CONTEXT('2D SPACE',''
  ) );
#297 = PCURVE('',#298,#303);
#298 = PLANE('',#299);
#299 = AXIS2_PLACEMENT_3D('',#300,#301,#302);
#300 = CARTESIAN_POINT('',(-7.5,-2.4,-0.9));
#301 = DIRECTION('',(0.,-0.,-1.));
#302 = DIRECTION('',(0.,-1.,0.));
#303 = DEFINITIONAL_REPRESENTATION('',(#304),#308);
#304 = LINE('',#305,#306);
#305 = CARTESIAN_POINT('',(0.,0.));
#306 = VECTOR('',#307,1.);
#307 = DIRECTION('',(1.,0.));
#308 = ( GEOMETRIC_REPRESENTATION_CONTEXT(2) 
PARAMETRIC_REPRESENTATION_CONTEXT() REPRESENTATION_CONTEXT('2D SPACE',''
  ) );
#309 = ORIENTED_EDGE('',*,*,#310,.T.);
#310 = EDGE_CURVE('',#283,#311,#313,.T.);
#311 = VERTEX_POINT('',#312);
#312 = CARTESIAN_POINT('',(-7.5,-3.6,-0.3));
#313 = SURFACE_CURVE('',#314,(#318,#325),.PCURVE_S1.);
#314 = LINE('',#315,#316);
#315 = CARTESIAN_POINT('',(-7.5,-3.6,-0.9));
#316 = VECTOR('',#317,1.);
#317 = DIRECTION('',(0.,0.,1.));
#318 = PCURVE('',#32,#319);
#319 = DEFINITIONAL_REPRESENTATION('',(#320),#324);
#320 = LINE('',#321,#322);
#321 = CARTESIAN_POINT('',(2.1,-2.4));
#322 = VECTOR('',#323,1.);
#323 = DIRECTION('',(1.,0.));
#324 = ( GEOMETRIC_REPRESENTATION_CONTEXT(2) 
PARAMETRIC_REPRESENTATION_CONTEXT() REPRESENTATION_CONTEXT('2D SPACE',''
  ) );
#325 = PCURVE('',#326,#331);
#326 = PLANE('',#327);
#327 = AXIS2_PLACEMENT_3D('',#328,#329,#330);
#328 = CARTESIAN_POINT('',(-7.5,-3.6,-0.9));
#329 = DIRECTION('',(0.,-1.,0.));
#330 = DIRECTION('',(0.,0.,1.));
#331 = DEFINITIONAL_REPRESENTATION('',(#332),#336);
#332 = LINE('',#333,#334);
#333 = CARTESIAN_POINT('',(0.,0.));
#334 = VECTOR('',#335,1.);
#335 = DIRECTION('',(1.,0.));
#336 = ( GEOMETRIC_REPRESENTATION_CONTEXT(2) 
PARAMETRIC_REPRESENTATION_CONTEXT() REPRESENTATION_CONTEXT('2D SPACE',''
  ) );
#337 = ORIENTED_EDGE('',*,*,#338,.T.);
#338 = EDGE_CURVE('',#311,#253,#339,.T.);
#339 = SURFACE_CURVE('',#340,(#344,#351),.PCURVE_S1.);
#340 = LINE('',#341,#342);
#341 = CARTESIAN_POINT('',(-7.5,-3.6,-0.3));
#342 = VECTOR('',#343,1.);
#343 = DIRECTION('',(0.,1.,0.));
#344 = PCURVE('',#32,#345);
#345 = DEFINITIONAL_REPRESENTATION('',(#346),#350);
#346 = LINE('',#347,#348);
#347 = CARTESIAN_POINT('',(2.7,-2.4));
#348 = VECTOR('',#349,1.);
#349 = DIRECTION('',(0.,-1.));
#350 = ( GEOMETRIC_REPRESENTATION_CONTEXT(2) 
PARAMETRIC_REPRESENTATION_CONTEXT() REPRESENTATION_CONTEXT('2D SPACE',''
  ) );
#351 = PCURVE('',#352,#357);
#352 = PLANE('',#353);
#353 = AXIS2_PLACEMENT_3D('',#354,#355,#356);
#354 = CARTESIAN_POINT('',(-7.5,-3.6,-0.3));
#355 = DIRECTION('',(0.,-0.,1.));
#356 = DIRECTION('',(0.,1.,0.));
#357 = DEFINITIONAL_REPRESENTATION('',(#358),#362);
#358 = LINE('',#359,#360);
#359 = CARTESIAN_POINT('',(0.,0.));
#360 = VECTOR('',#361,1.);
#361 = DIRECTION('',(1.,0.));
#362 = ( GEOMETRIC_REPRESENTATION_CONTEXT(2) 
PARAMETRIC_REPRESENTATION_CONTEXT() REPRESENTATION_CONTEXT('2D SPACE',''
  ) );
#363 = FACE_BOUND('',#364,.F.);
#364 = EDGE_LOOP('',(#365,#395,#423,#451));
#365 = ORIENTED_EDGE('',*,*,#366,.T.);
#366 = EDGE_CURVE('',#367,#369,#371,.T.);
#367 = VERTEX_POINT('',#368);
#368 = CARTESIAN_POINT('',(-7.5,-2.4,1.3));
#369 = VERTEX_POINT('',#370);
#370 = CARTESIAN_POINT('',(-7.5,-2.4,0.7));
#371 = SURFACE_CURVE('',#372,(#376,#383),.PCURVE_S1.);
#372 = LINE('',#373,#374);
#373 = CARTESIAN_POINT('',(-7.5,-2.4,1.3));
#374 = VECTOR('',#375,1.);
#375 = DIRECTION('',(0.,-0.,-1.));
#376 = PCURVE('',#32,#377);
#377 = DEFINITIONAL_REPRESENTATION('',(#378),#382);
#378 = LINE('',#379,#380);
#379 = CARTESIAN_POINT('',(4.3,-3.6));
#380 = VECTOR('',#381,1.);
#381 = DIRECTION('',(-1.,0.));
#382 = ( GEOMETRIC_REPRESENTATION_CONTEXT(2) 
PARAMETRIC_REPRESENTATION_CONTEXT() REPRESENTATION_CONTEXT('2D SPACE',''
  ) );
#383 = PCURVE('',#384,#389);
#384 = PLANE('',#385);
#385 = AXIS2_PLACEMENT_3D('',#386,#387,#388);
#386 = CARTESIAN_POINT('',(-7.5,-2.4,1.3));
#387 = DIRECTION('',(-0.,1.,-0.));
#388 = DIRECTION('',(0.,0.,-1.));
#389 = DEFINITIONAL_REPRESENTATION('',(#390),#394);
#390 = LINE('',#391,#392);
#391 = CARTESIAN_POINT('',(0.,-0.));
#392 = VECTOR('',#393,1.);
#393 = DIRECTION('',(1.,0.));
#394 = ( GEOMETRIC_REPRESENTATION_CONTEXT(2) 
PARAMETRIC_REPRESENTATION_CONTEXT() REPRESENTATION_CONTEXT('2D SPACE',''
  ) );
#395 = ORIENTED_EDGE('',*,*,#396,.T.);
#396 = EDGE_CURVE('',#369,#397,#399,.T.);
#397 = VERTEX_POINT('',#398);
#398 = CARTESIAN_POINT('',(-7.5,-3.6,0.7));
#399 = SURFACE_CURVE('',#400,(#404,#411),.PCURVE_S1.);
#400 = LINE('',#401,#402);
#401 = CARTESIAN_POINT('',(-7.5,-2.4,0.7));
#402 = VECTOR('',#403,1.);
#403 = DIRECTION('',(0.,-1.,0.));
#404 = PCURVE('',#32,#405);
#405 = DEFINITIONAL_REPRESENTATION('',(#406),#410);
#406 = LINE('',#407,#408);
#407 = CARTESIAN_POINT('',(3.7,-3.6));
#408 = VECTOR('',#409,1.);
#409 = DIRECTION('',(0.,1.));
#410 = ( GEOMETRIC_REPRESENTATION_CONTEXT(2) 
PARAMETRIC_REPRESENTATION_CONTEXT() REPRESENTATION_CONTEXT('2D SPACE',''
  ) );
#411 = PCURVE('',#412,#417);
#412 = PLANE('',#413);
#413 = AXIS2_PLACEMENT_3D('',#414,#415,#416);
#414 = CARTESIAN_POINT('',(-7.5,-2.4,0.7));
#415 = DIRECTION('',(0.,-0.,-1.));
#416 = DIRECTION('',(0.,-1.,0.));
#417 = DEFINITIONAL_REPRESENTATION('',(#418),#422);
#418 = LINE('',#419,#420);
#419 = CARTESIAN_POINT('',(0.,0.));
#420 = VECTOR('',#421,1.);
#421 = DIRECTION('',(1.,0.));
#422 = ( GEOMETRIC_REPRESENTATION_CONTEXT(2) 
PARAMETRIC_REPRESENTATION_CONTEXT() REPRESENTATION_CONTEXT('2D SPACE',''
  ) );
#423 = ORIENTED_EDGE('',*,*,#424,.T.);
#424 = EDGE_CURVE('',#397,#425,#427,.T.);
#425 = VERTEX_POINT('',#426);
#426 = CARTESIAN_POINT('',(-7.5,-3.6,1.3));
#427 = SURFACE_CURVE('',#428,(#432,#439),.PCURVE_S1.);
#428 = LINE('',#429,#430);
#429 = CARTESIAN_POINT('',(-7.5,-3.6,0.7));
#430 = VECTOR('',#431,1.);
#431 = DIRECTION('',(0.,0.,1.));
#432 = PCURVE('',#32,#433);
#433 = DEFINITIONAL_REPRESENTATION('',(#434),#438);
#434 = LINE('',#435,#436);
#435 = CARTESIAN_POINT('',(3.7,-2.4));
#436 = VECTOR('',#437,1.);
#437 = DIRECTION('',(1.,0.));
#438 = ( GEOMETRIC_REPRESENTATION_CONTEXT(2) 
PARAMETRIC_REPRESENTATION_CONTEXT() REPRESENTATION_CONTEXT('2D SPACE',''
  ) );
#439 = PCURVE('',#440,#445);
#440 = PLANE('',#441);
#441 = AXIS2_PLACEMENT_3D('',#442,#443,#444);
#442 = CARTESIAN_POINT('',(-7.5,-3.6,0.7));
#443 = DIRECTION('',(0.,-1.,0.));
#444 = DIRECTION('',(0.,0.,1.));
#445 = DEFINITIONAL_REPRESENTATION('',(#446),#450);
#446 = LINE('',#447,#448);
#447 = CARTESIAN_POINT('',(0.,0.));
#448 = VECTOR('',#449,1.);
#449 = DIRECTION('',(1.,0.));
#450 = ( GEOMETRIC_REPRESENTATION_CONTEXT(2) 
PARAMETRIC_REPRESENTATION_CONTEXT() REPRESENTATION_CONTEXT('2D SPACE',''
  ) );
#451 = ORIENTED_EDGE('',*,*,#452,.T.);
#452 = EDGE_CURVE('',#425,#367,#453,.T.);
#453 = SURFACE_CURVE('',#454,(#458,#465),.PCURVE_S1.);
#454 = LINE('',#455,#456);
#455 = CARTESIAN_POINT('',(-7.5,-3.6,1.3));
#456 = VECTOR('',#457,1.);
#457 = DIRECTION('',(0.,1.,0.));
#458 = PCURVE('',#32,#459);
#459 = DEFINITIONAL_REPRESENTATION('',(#460),#464);
#460 = LINE('',#461,#462);
#461 = CARTESIAN_POINT('',(4.3,-2.4));
#462 = VECTOR('',#463,1.);
#463 = DIRECTION('',(0.,-1.));
#464 = ( GEOMETRIC_REPRESENTATION_CONTEXT(2) 
PARAMETRIC_REPRESENTATION_CONTEXT() REPRESENTATION_CONTEXT('2D SPACE',''
  ) );
#465 = PCURVE('',#466,#471);
#466 = PLANE('',#467);
#467 = AXIS2_PLACEMENT_3D('',#468,#469,#470);
#468 = CARTESIAN_POINT('',(-7.5,-3.6,1.3));
#469 = DIRECTION('',(0.,-0.,1.));
#470 = DIRECTION('',(0.,1.,0.));
#471 = DEFINITIONAL_REPRESENTATION('',(#472),#476);
#472 = LINE('',#473,#474);
#473 = CARTESIAN_POINT('',(0.,0.));
#474 = VECTOR('',#475,1.);
#475 = DIRECTION('',(1.,0.));
#476 = ( GEOMETRIC_REPRESENTATION_CONTEXT(2) 
PARAMETRIC_REPRESENTATION_CONTEXT() REPRESENTATION_CONTEXT('2D SPACE',''
  ) );
#477 = ADVANCED_FACE('',(#478,#673),#44,.T.);
#478 = FACE_BOUND('',#479,.T.);
#479 = EDGE_LOOP('',(#480,#481,#504,#532,#564,#592,#620,#648));
#480 = ORIENTED_EDGE('',*,*,#21,.F.);
#481 = ORIENTED_EDGE('',*,*,#482,.T.);
#482 = EDGE_CURVE('',#22,#483,#485,.T.);
#483 = VERTEX_POINT('',#484);
#484 = CARTESIAN_POINT('',(-6.9,-6.,3.));
#485 = SURFACE_CURVE('',#486,(#491,#498),.PCURVE_S1.);
#486 = CIRCLE('',#487,0.6);
#487 = AXIS2_PLACEMENT_3D('',#488,#489,#490);
#488 = CARTESIAN_POINT('',(-6.9,-5.4,3.));
#489 = DIRECTION('',(0.,0.,1.));
#490 = DIRECTION('',(0.,-1.,0.));
#491 = PCURVE('',#44,#492);
#492 = DEFINITIONAL_REPRESENTATION('',(#493),#497);
#493 = CIRCLE('',#494,0.6);
#494 = AXIS2_PLACEMENT_2D('',#495,#496);
#495 = CARTESIAN_POINT('',(0.6,0.6));
#496 = DIRECTION('',(0.,-1.));
#497 = ( GEOMETRIC_REPRESENTATION_CONTEXT(2) 
PARAMETRIC_REPRESENTATION_CONTEXT() REPRESENTATION_CONTEXT('2D SPACE',''
  ) );
#498 = PCURVE('',#72,#499);
#499 = DEFINITIONAL_REPRESENTATION('',(#500),#503);
#500 = B_SPLINE_CURVE_WITH_KNOTS('',1,(#501,#502),.UNSPECIFIED.,.F.,.F.,
  (2,2),(4.712388980385,6.28318530718),.PIECEWISE_BEZIER_KNOTS.);
#501 = CARTESIAN_POINT('',(0.,6.));
#502 = CARTESIAN_POINT('',(1.570796326795,6.));
#503 = ( GEOMETRIC_REPRESENTATION_CONTEXT(2) 
PARAMETRIC_REPRESENTATION_CONTEXT() REPRESENTATION_CONTEXT('2D SPACE',''
  ) );
#504 = ORIENTED_EDGE('',*,*,#505,.T.);
#505 = EDGE_CURVE('',#483,#506,#508,.T.);
#506 = VERTEX_POINT('',#507);
#507 = CARTESIAN_POINT('',(6.9,-6.,3.));
#508 = SURFACE_CURVE('',#509,(#513,#520),.PCURVE_S1.);
#509 = LINE('',#510,#511);
#510 = CARTESIAN_POINT('',(-7.5,-6.,3.));
#511 = VECTOR('',#512,1.);
#512 = DIRECTION('',(1.,0.,0.));
#513 = PCURVE('',#44,#514);
#514 = DEFINITIONAL_REPRESENTATION('',(#515),#519);
#515 = LINE('',#516,#517);
#516 = CARTESIAN_POINT('',(0.,0.));
#517 = VECTOR('',#518,1.);
#518 = DIRECTION('',(1.,0.));
#519 = ( GEOMETRIC_REPRESENTATION_CONTEXT(2) 
PARAMETRIC_REPRESENTATION_CONTEXT() REPRESENTATION_CONTEXT('2D SPACE',''
  ) );
#520 = PCURVE('',#521,#526);
#521 = PLANE('',#522);
#522 = AXIS2_PLACEMENT_3D('',#523,#524,#525);
#523 = CARTESIAN_POINT('',(-7.5,-6.,-3.));
#524 = DIRECTION('',(0.,1.,0.));
#525 = DIRECTION('',(0.,0.,1.));
#526 = DEFINITIONAL_REPRESENTATION('',(#527),#531);
#527 = LINE('',#528,#529);
#528 = CARTESIAN_POINT('',(6.,0.));
#529 = VECTOR('',#530,1.);
#530 = DIRECTION('',(0.,1.));
#531 = ( GEOMETRIC_REPRESENTATION_CONTEXT(2) 
PARAMETRIC_REPRESENTATION_CONTEXT() REPRESENTATION_CONTEXT('2D SPACE',''
  ) );
#532 = ORIENTED_EDGE('',*,*,#533,.F.);
#533 = EDGE_CURVE('',#534,#506,#536,.T.);
#534 = VERTEX_POINT('',#535);
#535 = CARTESIAN_POINT('',(7.5,-5.4,3.));
#536 = SURFACE_CURVE('',#537,(#542,#553),.PCURVE_S1.);
#537 = CIRCLE('',#538,0.6);
#538 = AXIS2_PLACEMENT_3D('',#539,#540,#541);
#539 = CARTESIAN_POINT('',(6.9,-5.4,3.));
#540 = DIRECTION('',(-0.,-0.,-1.));
#541 = DIRECTION('',(0.,-1.,0.));
#542 = PCURVE('',#44,#543);
#543 = DEFINITIONAL_REPRESENTATION('',(#544),#552);
#544 = ( BOUNDED_CURVE() B_SPLINE_CURVE(2,(#545,#546,#547,#548,#549,#550
,#551),.UNSPECIFIED.,.T.,.F.) B_SPLINE_CURVE_WITH_KNOTS((1,2,2,2,2,1),(
    -2.094395102393,0.,2.094395102393,4.188790204786,6.28318530718,
8.377580409573),.UNSPECIFIED.) CURVE() GEOMETRIC_REPRESENTATION_ITEM() 
RATIONAL_B_SPLINE_CURVE((1.,0.5,1.,0.5,1.,0.5,1.)) REPRESENTATION_ITEM(
  '') );
#545 = CARTESIAN_POINT('',(14.4,0.));
#546 = CARTESIAN_POINT('',(13.360769515459,0.));
#547 = CARTESIAN_POINT('',(13.880384757729,0.9));
#548 = CARTESIAN_POINT('',(14.4,1.8));
#549 = CARTESIAN_POINT('',(14.919615242271,0.9));
#550 = CARTESIAN_POINT('',(15.439230484541,8.881784197001E-16));
#551 = CARTESIAN_POINT('',(14.4,0.));
#552 = ( GEOMETRIC_REPRESENTATION_CONTEXT(2) 
PARAMETRIC_REPRESENTATION_CONTEXT() REPRESENTATION_CONTEXT('2D SPACE',''
  ) );
#553 = PCURVE('',#554,#559);
#554 = CYLINDRICAL_SURFACE('',#555,0.6);
#555 = AXIS2_PLACEMENT_3D('',#556,#557,#558);
#556 = CARTESIAN_POINT('',(6.9,-5.4,-3.));
#557 = DIRECTION('',(0.,0.,1.));
#558 = DIRECTION('',(1.,0.,-0.));
#559 = DEFINITIONAL_REPRESENTATION('',(#560),#563);
#560 = B_SPLINE_CURVE_WITH_KNOTS('',1,(#561,#562),.UNSPECIFIED.,.F.,.F.,
  (2,2),(4.712388980385,6.28318530718),.PIECEWISE_BEZIER_KNOTS.);
#561 = CARTESIAN_POINT('',(0.,6.));
#562 = CARTESIAN_POINT('',(-1.570796326795,6.));
#563 = ( GEOMETRIC_REPRESENTATION_CONTEXT(2) 
PARAMETRIC_REPRESENTATION_CONTEXT() REPRESENTATION_CONTEXT('2D SPACE',''
  ) );
#564 = ORIENTED_EDGE('',*,*,#565,.T.);
#565 = EDGE_CURVE('',#534,#566,#568,.T.);
#566 = VERTEX_POINT('',#567);
#567 = CARTESIAN_POINT('',(7.5,5.4,3.));
#568 = SURFACE_CURVE('',#569,(#573,#580),.PCURVE_S1.);
#569 = LINE('',#570,#571);
#570 = CARTESIAN_POINT('',(7.5,-6.,3.));
#571 = VECTOR('',#572,1.);
#572 = DIRECTION('',(0.,1.,0.));
#573 = PCURVE('',#44,#574);
#574 = DEFINITIONAL_REPRESENTATION('',(#575),#579);
#575 = LINE('',#576,#577);
#576 = CARTESIAN_POINT('',(15.,0.));
#577 = VECTOR('',#578,1.);
#578 = DIRECTION('',(0.,1.));
#579 = ( GEOMETRIC_REPRESENTATION_CONTEXT(2) 
PARAMETRIC_REPRESENTATION_CONTEXT() REPRESENTATION_CONTEXT('2D SPACE',''
  ) );
#580 = PCURVE('',#581,#586);
#581 = PLANE('',#582);
#582 = AXIS2_PLACEMENT_3D('',#583,#584,#585);
#583 = CARTESIAN_POINT('',(7.5,-6.,-3.));
#584 = DIRECTION('',(1.,0.,0.));
#585 = DIRECTION('',(0.,0.,1.));
#586 = DEFINITIONAL_REPRESENTATION('',(#587),#591);
#587 = LINE('',#588,#589);
#588 = CARTESIAN_POINT('',(6.,0.));
#589 = VECTOR('',#590,1.);
#590 = DIRECTION('',(0.,-1.));
#591 = ( GEOMETRIC_REPRESENTATION_CONTEXT(2) 
PARAMETRIC_REPRESENTATION_CONTEXT() REPRESENTATION_CONTEXT('2D SPACE',''
  ) );
#592 = ORIENTED_EDGE('',*,*,#593,.T.);
#593 = EDGE_CURVE('',#566,#594,#596,.T.);
#594 = VERTEX_POINT('',#595);
#595 = CARTESIAN_POINT('',(6.9,6.,3.));
#596 = SURFACE_CURVE('',#597,(#602,#609),.PCURVE_S1.);
#597 = CIRCLE('',#598,0.6);
#598 = AXIS2_PLACEMENT_3D('',#599,#600,#601);
#599 = CARTESIAN_POINT('',(6.9,5.4,3.));
#600 = DIRECTION('',(0.,0.,1.));
#601 = DIRECTION('',(0.,-1.,0.));
#602 = PCURVE('',#44,#603);
#603 = DEFINITIONAL_REPRESENTATION('',(#604),#608);
#604 = CIRCLE('',#605,0.6);
#605 = AXIS2_PLACEMENT_2D('',#606,#607);
#606 = CARTESIAN_POINT('',(14.4,11.4));
#607 = DIRECTION('',(0.,-1.));
#608 = ( GEOMETRIC_REPRESENTATION_CONTEXT(2) 
PARAMETRIC_REPRESENTATION_CONTEXT() REPRESENTATION_CONTEXT('2D SPACE',''
  ) );
#609 = PCURVE('',#610,#615);
#610 = CYLINDRICAL_SURFACE('',#611,0.6);
#611 = AXIS2_PLACEMENT_3D('',#612,#613,#614);
#612 = CARTESIAN_POINT('',(6.9,5.4,-3.));
#613 = DIRECTION('',(0.,0.,1.));
#614 = DIRECTION('',(1.,0.,-0.));
#615 = DEFINITIONAL_REPRESENTATION('',(#616),#619);
#616 = B_SPLINE_CURVE_WITH_KNOTS('',1,(#617,#618),.UNSPECIFIED.,.F.,.F.,
  (2,2),(1.570796326795,3.14159265359),.PIECEWISE_BEZIER_KNOTS.);
#617 = CARTESIAN_POINT('',(0.,6.));
#618 = CARTESIAN_POINT('',(1.570796326795,6.));
#619 = ( GEOMETRIC_REPRESENTATION_CONTEXT(2) 
PARAMETRIC_REPRESENTATION_CONTEXT() REPRESENTATION_CONTEXT('2D SPACE',''
  ) );
#620 = ORIENTED_EDGE('',*,*,#621,.F.);
#621 = EDGE_CURVE('',#622,#594,#624,.T.);
#622 = VERTEX_POINT('',#623);
#623 = CARTESIAN_POINT('',(-6.9,6.,3.));
#624 = SURFACE_CURVE('',#625,(#629,#636),.PCURVE_S1.);
#625 = LINE('',#626,#627);
#626 = CARTESIAN_POINT('',(-7.5,6.,3.));
#627 = VECTOR('',#628,1.);
#628 = DIRECTION('',(1.,0.,0.));
#629 = PCURVE('',#44,#630);
#630 = DEFINITIONAL_REPRESENTATION('',(#631),#635);
#631 = LINE('',#632,#633);
#632 = CARTESIAN_POINT('',(0.,12.));
#633 = VECTOR('',#634,1.);
#634 = DIRECTION('',(1.,0.));
#635 = ( GEOMETRIC_REPRESENTATION_CONTEXT(2) 
PARAMETRIC_REPRESENTATION_CONTEXT() REPRESENTATION_CONTEXT('2D SPACE',''
  ) );
#636 = PCURVE('',#637,#642);
#637 = PLANE('',#638);
#638 = AXIS2_PLACEMENT_3D('',#639,#640,#641);
#639 = CARTESIAN_POINT('',(-7.5,6.,-3.));
#640 = DIRECTION('',(0.,1.,0.));
#641 = DIRECTION('',(0.,0.,1.));
#642 = DEFINITIONAL_REPRESENTATION('',(#643),#647);
#643 = LINE('',#644,#645);
#644 = CARTESIAN_POINT('',(6.,0.));
#645 = VECTOR('',#646,1.);
#646 = DIRECTION('',(0.,1.));
#647 = ( GEOMETRIC_REPRESENTATION_CONTEXT(2) 
PARAMETRIC_REPRESENTATION_CONTEXT() REPRESENTATION_CONTEXT('2D SPACE',''
  ) );
#648 = ORIENTED_EDGE('',*,*,#649,.F.);
#649 = EDGE_CURVE('',#24,#622,#650,.T.);
#650 = SURFACE_CURVE('',#651,(#656,#667),.PCURVE_S1.);
#651 = CIRCLE('',#652,0.6);
#652 = AXIS2_PLACEMENT_3D('',#653,#654,#655);
#653 = CARTESIAN_POINT('',(-6.9,5.4,3.));
#654 = DIRECTION('',(-0.,-0.,-1.));
#655 = DIRECTION('',(0.,-1.,0.));
#656 = PCURVE('',#44,#657);
#657 = DEFINITIONAL_REPRESENTATION('',(#658),#666);
#658 = ( BOUNDED_CURVE() B_SPLINE_CURVE(2,(#659,#660,#661,#662,#663,#664
,#665),.UNSPECIFIED.,.T.,.F.) B_SPLINE_CURVE_WITH_KNOTS((1,2,2,2,2,1),(
    -2.094395102393,0.,2.094395102393,4.188790204786,6.28318530718,
8.377580409573),.UNSPECIFIED.) CURVE() GEOMETRIC_REPRESENTATION_ITEM() 
RATIONAL_B_SPLINE_CURVE((1.,0.5,1.,0.5,1.,0.5,1.)) REPRESENTATION_ITEM(
  '') );
#659 = CARTESIAN_POINT('',(0.6,10.8));
#660 = CARTESIAN_POINT('',(-0.439230484541,10.8));
#661 = CARTESIAN_POINT('',(8.038475772934E-02,11.7));
#662 = CARTESIAN_POINT('',(0.6,12.6));
#663 = CARTESIAN_POINT('',(1.119615242271,11.7));
#664 = CARTESIAN_POINT('',(1.639230484541,10.8));
#665 = CARTESIAN_POINT('',(0.6,10.8));
#666 = ( GEOMETRIC_REPRESENTATION_CONTEXT(2) 
PARAMETRIC_REPRESENTATION_CONTEXT() REPRESENTATION_CONTEXT('2D SPACE',''
  ) );
#667 = PCURVE('',#125,#668);
#668 = DEFINITIONAL_REPRESENTATION('',(#669),#672);
#669 = B_SPLINE_CURVE_WITH_KNOTS('',1,(#670,#671),.UNSPECIFIED.,.F.,.F.,
  (2,2),(1.570796326795,3.14159265359),.PIECEWISE_BEZIER_KNOTS.);
#670 = CARTESIAN_POINT('',(0.,6.));
#671 = CARTESIAN_POINT('',(-1.570796326795,6.));
#672 = ( GEOMETRIC_REPRESENTATION_CONTEXT(2) 
PARAMETRIC_REPRESENTATION_CONTEXT() REPRESENTATION_CONTEXT('2D SPACE',''
  ) );
#673 = FACE_BOUND('',#674,.T.);
#674 = EDGE_LOOP('',(#675,#705,#733,#765,#793,#821,#849,#881));
#675 = ORIENTED_EDGE('',*,*,#676,.F.);
#676 = EDGE_CURVE('',#677,#679,#681,.T.);
#677 = VERTEX_POINT('',#678);
#678 = CARTESIAN_POINT('',(7.2,5.4,3.));
#679 = VERTEX_POINT('',#680);
#680 = CARTESIAN_POINT('',(6.9,5.7,3.));
#681 = SURFACE_CURVE('',#682,(#687,#694),.PCURVE_S1.);
#682 = CIRCLE('',#683,0.3);
#683 = AXIS2_PLACEMENT_3D('',#684,#685,#686);
#684 = CARTESIAN_POINT('',(6.9,5.4,3.));
#685 = DIRECTION('',(-0.,0.,1.));
#686 = DIRECTION('',(1.110223024625E-16,-1.,0.));
#687 = PCURVE('',#44,#688);
#688 = DEFINITIONAL_REPRESENTATION('',(#689),#693);
#689 = CIRCLE('',#690,0.3);
#690 = AXIS2_PLACEMENT_2D('',#691,#692);
#691 = CARTESIAN_POINT('',(14.4,11.4));
#692 = DIRECTION('',(1.110223024625E-16,-1.));
#693 = ( GEOMETRIC_REPRESENTATION_CONTEXT(2) 
PARAMETRIC_REPRESENTATION_CONTEXT() REPRESENTATION_CONTEXT('2D SPACE',''
  ) );
#694 = PCURVE('',#695,#700);
#695 = CYLINDRICAL_SURFACE('',#696,0.3);
#696 = AXIS2_PLACEMENT_3D('',#697,#698,#699);
#697 = CARTESIAN_POINT('',(6.9,5.4,-3.));
#698 = DIRECTION('',(0.,0.,1.));
#699 = DIRECTION('',(1.,0.,-0.));
#700 = DEFINITIONAL_REPRESENTATION('',(#701),#704);
#701 = B_SPLINE_CURVE_WITH_KNOTS('',1,(#702,#703),.UNSPECIFIED.,.F.,.F.,
  (2,2),(1.570796326795,3.14159265359),.PIECEWISE_BEZIER_KNOTS.);
#702 = CARTESIAN_POINT('',(0.,6.));
#703 = CARTESIAN_POINT('',(1.570796326795,6.));
#704 = ( GEOMETRIC_REPRESENTATION_CONTEXT(2) 
PARAMETRIC_REPRESENTATION_CONTEXT() REPRESENTATION_CONTEXT('2D SPACE',''
  ) );
#705 = ORIENTED_EDGE('',*,*,#706,.F.);
#706 = EDGE_CURVE('',#707,#677,#709,.T.);
#707 = VERTEX_POINT('',#708);
#708 = CARTESIAN_POINT('',(7.2,-5.4,3.));
#709 = SURFACE_CURVE('',#710,(#714,#721),.PCURVE_S1.);
#710 = LINE('',#711,#712);
#711 = CARTESIAN_POINT('',(7.2,-6.,3.));
#712 = VECTOR('',#713,1.);
#713 = DIRECTION('',(0.,1.,0.));
#714 = PCURVE('',#44,#715);
#715 = DEFINITIONAL_REPRESENTATION('',(#716),#720);
#716 = LINE('',#717,#718);
#717 = CARTESIAN_POINT('',(14.7,0.));
#718 = VECTOR('',#719,1.);
#719 = DIRECTION('',(0.,1.));
#720 = ( GEOMETRIC_REPRESENTATION_CONTEXT(2) 
PARAMETRIC_REPRESENTATION_CONTEXT() REPRESENTATION_CONTEXT('2D SPACE',''
  ) );
#721 = PCURVE('',#722,#727);
#722 = PLANE('',#723);
#723 = AXIS2_PLACEMENT_3D('',#724,#725,#726);
#724 = CARTESIAN_POINT('',(7.2,-6.,-3.));
#725 = DIRECTION('',(1.,0.,0.));
#726 = DIRECTION('',(0.,0.,1.));
#727 = DEFINITIONAL_REPRESENTATION('',(#728),#732);
#728 = LINE('',#729,#730);
#729 = CARTESIAN_POINT('',(6.,0.));
#730 = VECTOR('',#731,1.);
#731 = DIRECTION('',(0.,-1.));
#732 = ( GEOMETRIC_REPRESENTATION_CONTEXT(2) 
PARAMETRIC_REPRESENTATION_CONTEXT() REPRESENTATION_CONTEXT('2D SPACE',''
  ) );
#733 = ORIENTED_EDGE('',*,*,#734,.T.);
#734 = EDGE_CURVE('',#707,#735,#737,.T.);
#735 = VERTEX_POINT('',#736);
#736 = CARTESIAN_POINT('',(6.9,-5.7,3.));
#737 = SURFACE_CURVE('',#738,(#743,#754),.PCURVE_S1.);
#738 = CIRCLE('',#739,0.3);
#739 = AXIS2_PLACEMENT_3D('',#740,#741,#742);
#740 = CARTESIAN_POINT('',(6.9,-5.4,3.));
#741 = DIRECTION('',(-0.,0.,-1.));
#742 = DIRECTION('',(-2.22044604925E-16,-1.,0.));
#743 = PCURVE('',#44,#744);
#744 = DEFINITIONAL_REPRESENTATION('',(#745),#753);
#745 = ( BOUNDED_CURVE() B_SPLINE_CURVE(2,(#746,#747,#748,#749,#750,#751
,#752),.UNSPECIFIED.,.T.,.F.) B_SPLINE_CURVE_WITH_KNOTS((1,2,2,2,2,1),(
    -2.094395102393,0.,2.094395102393,4.188790204786,6.28318530718,
8.377580409573),.UNSPECIFIED.) CURVE() GEOMETRIC_REPRESENTATION_ITEM() 
RATIONAL_B_SPLINE_CURVE((1.,0.5,1.,0.5,1.,0.5,1.)) REPRESENTATION_ITEM(
  '') );
#746 = CARTESIAN_POINT('',(14.4,0.3));
#747 = CARTESIAN_POINT('',(13.880384757729,0.3));
#748 = CARTESIAN_POINT('',(14.140192378865,0.75));
#749 = CARTESIAN_POINT('',(14.4,1.2));
#750 = CARTESIAN_POINT('',(14.659807621135,0.75));
#751 = CARTESIAN_POINT('',(14.919615242271,0.3));
#752 = CARTESIAN_POINT('',(14.4,0.3));
#753 = ( GEOMETRIC_REPRESENTATION_CONTEXT(2) 
PARAMETRIC_REPRESENTATION_CONTEXT() REPRESENTATION_CONTEXT('2D SPACE',''
  ) );
#754 = PCURVE('',#755,#760);
#755 = CYLINDRICAL_SURFACE('',#756,0.3);
#756 = AXIS2_PLACEMENT_3D('',#757,#758,#759);
#757 = CARTESIAN_POINT('',(6.9,-5.4,-3.));
#758 = DIRECTION('',(0.,0.,1.));
#759 = DIRECTION('',(1.,0.,-0.));
#760 = DEFINITIONAL_REPRESENTATION('',(#761),#764);
#761 = B_SPLINE_CURVE_WITH_KNOTS('',1,(#762,#763),.UNSPECIFIED.,.F.,.F.,
  (2,2),(4.712388980385,6.28318530718),.PIECEWISE_BEZIER_KNOTS.);
#762 = CARTESIAN_POINT('',(0.,6.));
#763 = CARTESIAN_POINT('',(-1.570796326795,6.));
#764 = ( GEOMETRIC_REPRESENTATION_CONTEXT(2) 
PARAMETRIC_REPRESENTATION_CONTEXT() REPRESENTATION_CONTEXT('2D SPACE',''
  ) );
#765 = ORIENTED_EDGE('',*,*,#766,.F.);
#766 = EDGE_CURVE('',#767,#735,#769,.T.);
#767 = VERTEX_POINT('',#768);
#768 = CARTESIAN_POINT('',(-6.9,-5.7,3.));
#769 = SURFACE_CURVE('',#770,(#774,#781),.PCURVE_S1.);
#770 = LINE('',#771,#772);
#771 = CARTESIAN_POINT('',(-7.5,-5.7,3.));
#772 = VECTOR('',#773,1.);
#773 = DIRECTION('',(1.,0.,0.));
#774 = PCURVE('',#44,#775);
#775 = DEFINITIONAL_REPRESENTATION('',(#776),#780);
#776 = LINE('',#777,#778);
#777 = CARTESIAN_POINT('',(0.,0.3));
#778 = VECTOR('',#779,1.);
#779 = DIRECTION('',(1.,0.));
#780 = ( GEOMETRIC_REPRESENTATION_CONTEXT(2) 
PARAMETRIC_REPRESENTATION_CONTEXT() REPRESENTATION_CONTEXT('2D SPACE',''
  ) );
#781 = PCURVE('',#782,#787);
#782 = PLANE('',#783);
#783 = AXIS2_PLACEMENT_3D('',#784,#785,#786);
#784 = CARTESIAN_POINT('',(-7.5,-5.7,-3.));
#785 = DIRECTION('',(0.,1.,0.));
#786 = DIRECTION('',(0.,0.,1.));
#787 = DEFINITIONAL_REPRESENTATION('',(#788),#792);
#788 = LINE('',#789,#790);
#789 = CARTESIAN_POINT('',(6.,0.));
#790 = VECTOR('',#791,1.);
#791 = DIRECTION('',(0.,1.));
#792 = ( GEOMETRIC_REPRESENTATION_CONTEXT(2) 
PARAMETRIC_REPRESENTATION_CONTEXT() REPRESENTATION_CONTEXT('2D SPACE',''
  ) );
#793 = ORIENTED_EDGE('',*,*,#794,.F.);
#794 = EDGE_CURVE('',#795,#767,#797,.T.);
#795 = VERTEX_POINT('',#796);
#796 = CARTESIAN_POINT('',(-7.2,-5.4,3.));
#797 = SURFACE_CURVE('',#798,(#803,#810),.PCURVE_S1.);
#798 = CIRCLE('',#799,0.3);
#799 = AXIS2_PLACEMENT_3D('',#800,#801,#802);
#800 = CARTESIAN_POINT('',(-6.9,-5.4,3.));
#801 = DIRECTION('',(-0.,0.,1.));
#802 = DIRECTION('',(2.22044604925E-16,-1.,0.));
#803 = PCURVE('',#44,#804);
#804 = DEFINITIONAL_REPRESENTATION('',(#805),#809);
#805 = CIRCLE('',#806,0.3);
#806 = AXIS2_PLACEMENT_2D('',#807,#808);
#807 = CARTESIAN_POINT('',(0.6,0.6));
#808 = DIRECTION('',(2.22044604925E-16,-1.));
#809 = ( GEOMETRIC_REPRESENTATION_CONTEXT(2) 
PARAMETRIC_REPRESENTATION_CONTEXT() REPRESENTATION_CONTEXT('2D SPACE',''
  ) );
#810 = PCURVE('',#811,#816);
#811 = CYLINDRICAL_SURFACE('',#812,0.3);
#812 = AXIS2_PLACEMENT_3D('',#813,#814,#815);
#813 = CARTESIAN_POINT('',(-6.9,-5.4,-3.));
#814 = DIRECTION('',(0.,0.,1.));
#815 = DIRECTION('',(-1.,-0.,0.));
#816 = DEFINITIONAL_REPRESENTATION('',(#817),#820);
#817 = B_SPLINE_CURVE_WITH_KNOTS('',1,(#818,#819),.UNSPECIFIED.,.F.,.F.,
  (2,2),(4.712388980385,6.28318530718),.PIECEWISE_BEZIER_KNOTS.);
#818 = CARTESIAN_POINT('',(0.,6.));
#819 = CARTESIAN_POINT('',(1.570796326795,6.));
#820 = ( GEOMETRIC_REPRESENTATION_CONTEXT(2) 
PARAMETRIC_REPRESENTATION_CONTEXT() REPRESENTATION_CONTEXT('2D SPACE',''
  ) );
#821 = ORIENTED_EDGE('',*,*,#822,.T.);
#822 = EDGE_CURVE('',#795,#823,#825,.T.);
#823 = VERTEX_POINT('',#824);
#824 = CARTESIAN_POINT('',(-7.2,5.4,3.));
#825 = SURFACE_CURVE('',#826,(#830,#837),.PCURVE_S1.);
#826 = LINE('',#827,#828);
#827 = CARTESIAN_POINT('',(-7.2,-6.,3.));
#828 = VECTOR('',#829,1.);
#829 = DIRECTION('',(0.,1.,0.));
#830 = PCURVE('',#44,#831);
#831 = DEFINITIONAL_REPRESENTATION('',(#832),#836);
#832 = LINE('',#833,#834);
#833 = CARTESIAN_POINT('',(0.3,0.));
#834 = VECTOR('',#835,1.);
#835 = DIRECTION('',(0.,1.));
#836 = ( GEOMETRIC_REPRESENTATION_CONTEXT(2) 
PARAMETRIC_REPRESENTATION_CONTEXT() REPRESENTATION_CONTEXT('2D SPACE',''
  ) );
#837 = PCURVE('',#838,#843);
#838 = PLANE('',#839);
#839 = AXIS2_PLACEMENT_3D('',#840,#841,#842);
#840 = CARTESIAN_POINT('',(-7.2,-6.,-3.));
#841 = DIRECTION('',(1.,0.,0.));
#842 = DIRECTION('',(0.,0.,1.));
#843 = DEFINITIONAL_REPRESENTATION('',(#844),#848);
#844 = LINE('',#845,#846);
#845 = CARTESIAN_POINT('',(6.,0.));
#846 = VECTOR('',#847,1.);
#847 = DIRECTION('',(0.,-1.));
#848 = ( GEOMETRIC_REPRESENTATION_CONTEXT(2) 
PARAMETRIC_REPRESENTATION_CONTEXT() REPRESENTATION_CONTEXT('2D SPACE',''
  ) );
#849 = ORIENTED_EDGE('',*,*,#850,.T.);
#850 = EDGE_CURVE('',#823,#851,#853,.T.);
#851 = VERTEX_POINT('',#852);
#852 = CARTESIAN_POINT('',(-6.9,5.7,3.));
#853 = SURFACE_CURVE('',#854,(#859,#870),.PCURVE_S1.);
#854 = CIRCLE('',#855,0.3);
#855 = AXIS2_PLACEMENT_3D('',#856,#857,#858);
#856 = CARTESIAN_POINT('',(-6.9,5.4,3.));
#857 = DIRECTION('',(-0.,0.,-1.));
#858 = DIRECTION('',(-1.110223024625E-16,-1.,0.));
#859 = PCURVE('',#44,#860);
#860 = DEFINITIONAL_REPRESENTATION('',(#861),#869);
#861 = ( BOUNDED_CURVE() B_SPLINE_CURVE(2,(#862,#863,#864,#865,#866,#867
,#868),.UNSPECIFIED.,.T.,.F.) B_SPLINE_CURVE_WITH_KNOTS((1,2,2,2,2,1),(
    -2.094395102393,0.,2.094395102393,4.188790204786,6.28318530718,
8.377580409573),.UNSPECIFIED.) CURVE() GEOMETRIC_REPRESENTATION_ITEM() 
RATIONAL_B_SPLINE_CURVE((1.,0.5,1.,0.5,1.,0.5,1.)) REPRESENTATION_ITEM(
  '') );
#862 = CARTESIAN_POINT('',(0.6,11.1));
#863 = CARTESIAN_POINT('',(8.038475772934E-02,11.1));
#864 = CARTESIAN_POINT('',(0.340192378865,11.55));
#865 = CARTESIAN_POINT('',(0.6,12.));
#866 = CARTESIAN_POINT('',(0.859807621135,11.55));
#867 = CARTESIAN_POINT('',(1.119615242271,11.1));
#868 = CARTESIAN_POINT('',(0.6,11.1));
#869 = ( GEOMETRIC_REPRESENTATION_CONTEXT(2) 
PARAMETRIC_REPRESENTATION_CONTEXT() REPRESENTATION_CONTEXT('2D SPACE',''
  ) );
#870 = PCURVE('',#871,#876);
#871 = CYLINDRICAL_SURFACE('',#872,0.3);
#872 = AXIS2_PLACEMENT_3D('',#873,#874,#875);
#873 = CARTESIAN_POINT('',(-6.9,5.4,-3.));
#874 = DIRECTION('',(0.,0.,1.));
#875 = DIRECTION('',(-1.,-0.,0.));
#876 = DEFINITIONAL_REPRESENTATION('',(#877),#880);
#877 = B_SPLINE_CURVE_WITH_KNOTS('',1,(#878,#879),.UNSPECIFIED.,.F.,.F.,
  (2,2),(1.570796326795,3.14159265359),.PIECEWISE_BEZIER_KNOTS.);
#878 = CARTESIAN_POINT('',(0.,6.));
#879 = CARTESIAN_POINT('',(-1.570796326795,6.));
#880 = ( GEOMETRIC_REPRESENTATION_CONTEXT(2) 
PARAMETRIC_REPRESENTATION_CONTEXT() REPRESENTATION_CONTEXT('2D SPACE',''
  ) );
#881 = ORIENTED_EDGE('',*,*,#882,.T.);
#882 = EDGE_CURVE('',#851,#679,#883,.T.);
#883 = SURFACE_CURVE('',#884,(#888,#895),.PCURVE_S1.);
#884 = LINE('',#885,#886);
#885 = CARTESIAN_POINT('',(-7.5,5.7,3.));
#886 = VECTOR('',#887,1.);
#887 = DIRECTION('',(1.,0.,0.));
#888 = PCURVE('',#44,#889);
#889 = DEFINITIONAL_REPRESENTATION('',(#890),#894);
#890 = LINE('',#891,#892);
#891 = CARTESIAN_POINT('',(0.,11.7));
#892 = VECTOR('',#893,1.);
#893 = DIRECTION('',(1.,0.));
#894 = ( GEOMETRIC_REPRESENTATION_CONTEXT(2) 
PARAMETRIC_REPRESENTATION_CONTEXT() REPRESENTATION_CONTEXT('2D SPACE',''
  ) );
#895 = PCURVE('',#896,#901);
#896 = PLANE('',#897);
#897 = AXIS2_PLACEMENT_3D('',#898,#899,#900);
#898 = CARTESIAN_POINT('',(-7.5,5.7,-3.));
#899 = DIRECTION('',(0.,1.,0.));
#900 = DIRECTION('',(0.,0.,1.));
#901 = DEFINITIONAL_REPRESENTATION('',(#902),#906);
#902 = LINE('',#903,#904);
#903 = CARTESIAN_POINT('',(6.,0.));
#904 = VECTOR('',#905,1.);
#905 = DIRECTION('',(0.,1.));
#906 = ( GEOMETRIC_REPRESENTATION_CONTEXT(2) 
PARAMETRIC_REPRESENTATION_CONTEXT() REPRESENTATION_CONTEXT('2D SPACE',''
  ) );
#907 = ADVANCED_FACE('',(#908),#72,.T.);
#908 = FACE_BOUND('',#909,.T.);
#909 = EDGE_LOOP('',(#910,#933,#953,#954));
#910 = ORIENTED_EDGE('',*,*,#911,.T.);
#911 = EDGE_CURVE('',#57,#912,#914,.T.);
#912 = VERTEX_POINT('',#913);
#913 = CARTESIAN_POINT('',(-6.9,-6.,-3.));
#914 = SURFACE_CURVE('',#915,(#920,#926),.PCURVE_S1.);
#915 = CIRCLE('',#916,0.6);
#916 = AXIS2_PLACEMENT_3D('',#917,#918,#919);
#917 = CARTESIAN_POINT('',(-6.9,-5.4,-3.));
#918 = DIRECTION('',(0.,0.,1.));
#919 = DIRECTION('',(0.,-1.,0.));
#920 = PCURVE('',#72,#921);
#921 = DEFINITIONAL_REPRESENTATION('',(#922),#925);
#922 = B_SPLINE_CURVE_WITH_KNOTS('',1,(#923,#924),.UNSPECIFIED.,.F.,.F.,
  (2,2),(4.712388980385,6.28318530718),.PIECEWISE_BEZIER_KNOTS.);
#923 = CARTESIAN_POINT('',(0.,0.));
#924 = CARTESIAN_POINT('',(1.570796326795,0.));
#925 = ( GEOMETRIC_REPRESENTATION_CONTEXT(2) 
PARAMETRIC_REPRESENTATION_CONTEXT() REPRESENTATION_CONTEXT('2D SPACE',''
  ) );
#926 = PCURVE('',#99,#927);
#927 = DEFINITIONAL_REPRESENTATION('',(#928),#932);
#928 = CIRCLE('',#929,0.6);
#929 = AXIS2_PLACEMENT_2D('',#930,#931);
#930 = CARTESIAN_POINT('',(0.6,0.6));
#931 = DIRECTION('',(0.,-1.));
#932 = ( GEOMETRIC_REPRESENTATION_CONTEXT(2) 
PARAMETRIC_REPRESENTATION_CONTEXT() REPRESENTATION_CONTEXT('2D SPACE',''
  ) );
#933 = ORIENTED_EDGE('',*,*,#934,.T.);
#934 = EDGE_CURVE('',#912,#483,#935,.T.);
#935 = SURFACE_CURVE('',#936,(#940,#946),.PCURVE_S1.);
#936 = LINE('',#937,#938);
#937 = CARTESIAN_POINT('',(-6.9,-6.,-3.));
#938 = VECTOR('',#939,1.);
#939 = DIRECTION('',(0.,0.,1.));
#940 = PCURVE('',#72,#941);
#941 = DEFINITIONAL_REPRESENTATION('',(#942),#945);
#942 = B_SPLINE_CURVE_WITH_KNOTS('',1,(#943,#944),.UNSPECIFIED.,.F.,.F.,
  (2,2),(0.,6.),.PIECEWISE_BEZIER_KNOTS.);
#943 = CARTESIAN_POINT('',(1.570796326795,0.));
#944 = CARTESIAN_POINT('',(1.570796326795,6.));
#945 = ( GEOMETRIC_REPRESENTATION_CONTEXT(2) 
PARAMETRIC_REPRESENTATION_CONTEXT() REPRESENTATION_CONTEXT('2D SPACE',''
  ) );
#946 = PCURVE('',#521,#947);
#947 = DEFINITIONAL_REPRESENTATION('',(#948),#952);
#948 = LINE('',#949,#950);
#949 = CARTESIAN_POINT('',(0.,0.6));
#950 = VECTOR('',#951,1.);
#951 = DIRECTION('',(1.,0.));
#952 = ( GEOMETRIC_REPRESENTATION_CONTEXT(2) 
PARAMETRIC_REPRESENTATION_CONTEXT() REPRESENTATION_CONTEXT('2D SPACE',''
  ) );
#953 = ORIENTED_EDGE('',*,*,#482,.F.);
#954 = ORIENTED_EDGE('',*,*,#56,.F.);
#955 = ADVANCED_FACE('',(#956),#125,.T.);
#956 = FACE_BOUND('',#957,.F.);
#957 = EDGE_LOOP('',(#958,#985,#1005,#1006));
#958 = ORIENTED_EDGE('',*,*,#959,.T.);
#959 = EDGE_CURVE('',#84,#960,#962,.T.);
#960 = VERTEX_POINT('',#961);
#961 = CARTESIAN_POINT('',(-6.9,6.,-3.));
#962 = SURFACE_CURVE('',#963,(#968,#974),.PCURVE_S1.);
#963 = CIRCLE('',#964,0.6);
#964 = AXIS2_PLACEMENT_3D('',#965,#966,#967);
#965 = CARTESIAN_POINT('',(-6.9,5.4,-3.));
#966 = DIRECTION('',(-0.,-0.,-1.));
#967 = DIRECTION('',(0.,-1.,0.));
#968 = PCURVE('',#125,#969);
#969 = DEFINITIONAL_REPRESENTATION('',(#970),#973);
#970 = B_SPLINE_CURVE_WITH_KNOTS('',1,(#971,#972),.UNSPECIFIED.,.F.,.F.,
  (2,2),(1.570796326795,3.14159265359),.PIECEWISE_BEZIER_KNOTS.);
#971 = CARTESIAN_POINT('',(0.,0.));
#972 = CARTESIAN_POINT('',(-1.570796326795,0.));
#973 = ( GEOMETRIC_REPRESENTATION_CONTEXT(2) 
PARAMETRIC_REPRESENTATION_CONTEXT() REPRESENTATION_CONTEXT('2D SPACE',''
  ) );
#974 = PCURVE('',#99,#975);
#975 = DEFINITIONAL_REPRESENTATION('',(#976),#984);
#976 = ( BOUNDED_CURVE() B_SPLINE_CURVE(2,(#977,#978,#979,#980,#981,#982
,#983),.UNSPECIFIED.,.T.,.F.) B_SPLINE_CURVE_WITH_KNOTS((1,2,2,2,2,1),(
    -2.094395102393,0.,2.094395102393,4.188790204786,6.28318530718,
8.377580409573),.UNSPECIFIED.) CURVE() GEOMETRIC_REPRESENTATION_ITEM() 
RATIONAL_B_SPLINE_CURVE((1.,0.5,1.,0.5,1.,0.5,1.)) REPRESENTATION_ITEM(
  '') );
#977 = CARTESIAN_POINT('',(0.6,10.8));
#978 = CARTESIAN_POINT('',(-0.439230484541,10.8));
#979 = CARTESIAN_POINT('',(8.038475772934E-02,11.7));
#980 = CARTESIAN_POINT('',(0.6,12.6));
#981 = CARTESIAN_POINT('',(1.119615242271,11.7));
#982 = CARTESIAN_POINT('',(1.639230484541,10.8));
#983 = CARTESIAN_POINT('',(0.6,10.8));
#984 = ( GEOMETRIC_REPRESENTATION_CONTEXT(2) 
PARAMETRIC_REPRESENTATION_CONTEXT() REPRESENTATION_CONTEXT('2D SPACE',''
  ) );
#985 = ORIENTED_EDGE('',*,*,#986,.T.);
#986 = EDGE_CURVE('',#960,#622,#987,.T.);
#987 = SURFACE_CURVE('',#988,(#992,#998),.PCURVE_S1.);
#988 = LINE('',#989,#990);
#989 = CARTESIAN_POINT('',(-6.9,6.,-3.));
#990 = VECTOR('',#991,1.);
#991 = DIRECTION('',(0.,0.,1.));
#992 = PCURVE('',#125,#993);
#993 = DEFINITIONAL_REPRESENTATION('',(#994),#997);
#994 = B_SPLINE_CURVE_WITH_KNOTS('',1,(#995,#996),.UNSPECIFIED.,.F.,.F.,
  (2,2),(0.,6.),.PIECEWISE_BEZIER_KNOTS.);
#995 = CARTESIAN_POINT('',(-1.570796326795,0.));
#996 = CARTESIAN_POINT('',(-1.570796326795,6.));
#997 = ( GEOMETRIC_REPRESENTATION_CONTEXT(2) 
PARAMETRIC_REPRESENTATION_CONTEXT() REPRESENTATION_CONTEXT('2D SPACE',''
  ) );
#998 = PCURVE('',#637,#999);
#999 = DEFINITIONAL_REPRESENTATION('',(#1000),#1004);
#1000 = LINE('',#1001,#1002);
#1001 = CARTESIAN_POINT('',(0.,0.6));
#1002 = VECTOR('',#1003,1.);
#1003 = DIRECTION('',(1.,0.));
#1004 = ( GEOMETRIC_REPRESENTATION_CONTEXT(2) 
PARAMETRIC_REPRESENTATION_CONTEXT() REPRESENTATION_CONTEXT('2D SPACE',''
  ) );
#1005 = ORIENTED_EDGE('',*,*,#649,.F.);
#1006 = ORIENTED_EDGE('',*,*,#111,.F.);
#1007 = ADVANCED_FACE('',(#1008),#99,.F.);
#1008 = FACE_BOUND('',#1009,.F.);
#1009 = EDGE_LOOP('',(#1010,#1011,#1012,#1035,#1062,#1085,#1108,#1129));
#1010 = ORIENTED_EDGE('',*,*,#83,.F.);
#1011 = ORIENTED_EDGE('',*,*,#911,.T.);
#1012 = ORIENTED_EDGE('',*,*,#1013,.T.);
#1013 = EDGE_CURVE('',#912,#1014,#1016,.T.);
#1014 = VERTEX_POINT('',#1015);
#1015 = CARTESIAN_POINT('',(6.9,-6.,-3.));
#1016 = SURFACE_CURVE('',#1017,(#1021,#1028),.PCURVE_S1.);
#1017 = LINE('',#1018,#1019);
#1018 = CARTESIAN_POINT('',(-7.5,-6.,-3.));
#1019 = VECTOR('',#1020,1.);
#1020 = DIRECTION('',(1.,0.,0.));
#1021 = PCURVE('',#99,#1022);
#1022 = DEFINITIONAL_REPRESENTATION('',(#1023),#1027);
#1023 = LINE('',#1024,#1025);
#1024 = CARTESIAN_POINT('',(0.,0.));
#1025 = VECTOR('',#1026,1.);
#1026 = DIRECTION('',(1.,0.));
#1027 = ( GEOMETRIC_REPRESENTATION_CONTEXT(2) 
PARAMETRIC_REPRESENTATION_CONTEXT() REPRESENTATION_CONTEXT('2D SPACE',''
  ) );
#1028 = PCURVE('',#521,#1029);
#1029 = DEFINITIONAL_REPRESENTATION('',(#1030),#1034);
#1030 = LINE('',#1031,#1032);
#1031 = CARTESIAN_POINT('',(0.,0.));
#1032 = VECTOR('',#1033,1.);
#1033 = DIRECTION('',(0.,1.));
#1034 = ( GEOMETRIC_REPRESENTATION_CONTEXT(2) 
PARAMETRIC_REPRESENTATION_CONTEXT() REPRESENTATION_CONTEXT('2D SPACE',''
  ) );
#1035 = ORIENTED_EDGE('',*,*,#1036,.F.);
#1036 = EDGE_CURVE('',#1037,#1014,#1039,.T.);
#1037 = VERTEX_POINT('',#1038);
#1038 = CARTESIAN_POINT('',(7.5,-5.4,-3.));
#1039 = SURFACE_CURVE('',#1040,(#1045,#1056),.PCURVE_S1.);
#1040 = CIRCLE('',#1041,0.6);
#1041 = AXIS2_PLACEMENT_3D('',#1042,#1043,#1044);
#1042 = CARTESIAN_POINT('',(6.9,-5.4,-3.));
#1043 = DIRECTION('',(-0.,-0.,-1.));
#1044 = DIRECTION('',(0.,-1.,0.));
#1045 = PCURVE('',#99,#1046);
#1046 = DEFINITIONAL_REPRESENTATION('',(#1047),#1055);
#1047 = ( BOUNDED_CURVE() B_SPLINE_CURVE(2,(#1048,#1049,#1050,#1051,
#1052,#1053,#1054),.UNSPECIFIED.,.T.,.F.) B_SPLINE_CURVE_WITH_KNOTS((1,2
    ,2,2,2,1),(-2.094395102393,0.,2.094395102393,4.188790204786,
6.28318530718,8.377580409573),.UNSPECIFIED.) CURVE() 
GEOMETRIC_REPRESENTATION_ITEM() RATIONAL_B_SPLINE_CURVE((1.,0.5,1.,0.5,
1.,0.5,1.)) REPRESENTATION_ITEM('') );
#1048 = CARTESIAN_POINT('',(14.4,0.));
#1049 = CARTESIAN_POINT('',(13.360769515459,0.));
#1050 = CARTESIAN_POINT('',(13.880384757729,0.9));
#1051 = CARTESIAN_POINT('',(14.4,1.8));
#1052 = CARTESIAN_POINT('',(14.919615242271,0.9));
#1053 = CARTESIAN_POINT('',(15.439230484541,8.881784197001E-16));
#1054 = CARTESIAN_POINT('',(14.4,0.));
#1055 = ( GEOMETRIC_REPRESENTATION_CONTEXT(2) 
PARAMETRIC_REPRESENTATION_CONTEXT() REPRESENTATION_CONTEXT('2D SPACE',''
  ) );
#1056 = PCURVE('',#554,#1057);
#1057 = DEFINITIONAL_REPRESENTATION('',(#1058),#1061);
#1058 = B_SPLINE_CURVE_WITH_KNOTS('',1,(#1059,#1060),.UNSPECIFIED.,.F.,
  .F.,(2,2),(4.712388980385,6.28318530718),.PIECEWISE_BEZIER_KNOTS.);
#1059 = CARTESIAN_POINT('',(0.,0.));
#1060 = CARTESIAN_POINT('',(-1.570796326795,0.));
#1061 = ( GEOMETRIC_REPRESENTATION_CONTEXT(2) 
PARAMETRIC_REPRESENTATION_CONTEXT() REPRESENTATION_CONTEXT('2D SPACE',''
  ) );
#1062 = ORIENTED_EDGE('',*,*,#1063,.T.);
#1063 = EDGE_CURVE('',#1037,#1064,#1066,.T.);
#1064 = VERTEX_POINT('',#1065);
#1065 = CARTESIAN_POINT('',(7.5,5.4,-3.));
#1066 = SURFACE_CURVE('',#1067,(#1071,#1078),.PCURVE_S1.);
#1067 = LINE('',#1068,#1069);
#1068 = CARTESIAN_POINT('',(7.5,-6.,-3.));
#1069 = VECTOR('',#1070,1.);
#1070 = DIRECTION('',(0.,1.,0.));
#1071 = PCURVE('',#99,#1072);
#1072 = DEFINITIONAL_REPRESENTATION('',(#1073),#1077);
#1073 = LINE('',#1074,#1075);
#1074 = CARTESIAN_POINT('',(15.,0.));
#1075 = VECTOR('',#1076,1.);
#1076 = DIRECTION('',(0.,1.));
#1077 = ( GEOMETRIC_REPRESENTATION_CONTEXT(2) 
PARAMETRIC_REPRESENTATION_CONTEXT() REPRESENTATION_CONTEXT('2D SPACE',''
  ) );
#1078 = PCURVE('',#581,#1079);
#1079 = DEFINITIONAL_REPRESENTATION('',(#1080),#1084);
#1080 = LINE('',#1081,#1082);
#1081 = CARTESIAN_POINT('',(0.,0.));
#1082 = VECTOR('',#1083,1.);
#1083 = DIRECTION('',(0.,-1.));
#1084 = ( GEOMETRIC_REPRESENTATION_CONTEXT(2) 
PARAMETRIC_REPRESENTATION_CONTEXT() REPRESENTATION_CONTEXT('2D SPACE',''
  ) );
#1085 = ORIENTED_EDGE('',*,*,#1086,.T.);
#1086 = EDGE_CURVE('',#1064,#1087,#1089,.T.);
#1087 = VERTEX_POINT('',#1088);
#1088 = CARTESIAN_POINT('',(6.9,6.,-3.));
#1089 = SURFACE_CURVE('',#1090,(#1095,#1102),.PCURVE_S1.);
#1090 = CIRCLE('',#1091,0.6);
#1091 = AXIS2_PLACEMENT_3D('',#1092,#1093,#1094);
#1092 = CARTESIAN_POINT('',(6.9,5.4,-3.));
#1093 = DIRECTION('',(0.,0.,1.));
#1094 = DIRECTION('',(0.,-1.,0.));
#1095 = PCURVE('',#99,#1096);
#1096 = DEFINITIONAL_REPRESENTATION('',(#1097),#1101);
#1097 = CIRCLE('',#1098,0.6);
#1098 = AXIS2_PLACEMENT_2D('',#1099,#1100);
#1099 = CARTESIAN_POINT('',(14.4,11.4));
#1100 = DIRECTION('',(0.,-1.));
#1101 = ( GEOMETRIC_REPRESENTATION_CONTEXT(2) 
PARAMETRIC_REPRESENTATION_CONTEXT() REPRESENTATION_CONTEXT('2D SPACE',''
  ) );
#1102 = PCURVE('',#610,#1103);
#1103 = DEFINITIONAL_REPRESENTATION('',(#1104),#1107);
#1104 = B_SPLINE_CURVE_WITH_KNOTS('',1,(#1105,#1106),.UNSPECIFIED.,.F.,
  .F.,(2,2),(1.570796326795,3.14159265359),.PIECEWISE_BEZIER_KNOTS.);
#1105 = CARTESIAN_POINT('',(0.,0.));
#1106 = CARTESIAN_POINT('',(1.570796326795,0.));
#1107 = ( GEOMETRIC_REPRESENTATION_CONTEXT(2) 
PARAMETRIC_REPRESENTATION_CONTEXT() REPRESENTATION_CONTEXT('2D SPACE',''
  ) );
#1108 = ORIENTED_EDGE('',*,*,#1109,.F.);
#1109 = EDGE_CURVE('',#960,#1087,#1110,.T.);
#1110 = SURFACE_CURVE('',#1111,(#1115,#1122),.PCURVE_S1.);
#1111 = LINE('',#1112,#1113);
#1112 = CARTESIAN_POINT('',(-7.5,6.,-3.));
#1113 = VECTOR('',#1114,1.);
#1114 = DIRECTION('',(1.,0.,0.));
#1115 = PCURVE('',#99,#1116);
#1116 = DEFINITIONAL_REPRESENTATION('',(#1117),#1121);
#1117 = LINE('',#1118,#1119);
#1118 = CARTESIAN_POINT('',(0.,12.));
#1119 = VECTOR('',#1120,1.);
#1120 = DIRECTION('',(1.,0.));
#1121 = ( GEOMETRIC_REPRESENTATION_CONTEXT(2) 
PARAMETRIC_REPRESENTATION_CONTEXT() REPRESENTATION_CONTEXT('2D SPACE',''
  ) );
#1122 = PCURVE('',#637,#1123);
#1123 = DEFINITIONAL_REPRESENTATION('',(#1124),#1128);
#1124 = LINE('',#1125,#1126);
#1125 = CARTESIAN_POINT('',(0.,0.));
#1126 = VECTOR('',#1127,1.);
#1127 = DIRECTION('',(0.,1.));
#1128 = ( GEOMETRIC_REPRESENTATION_CONTEXT(2) 
PARAMETRIC_REPRESENTATION_CONTEXT() REPRESENTATION_CONTEXT('2D SPACE',''
  ) );
#1129 = ORIENTED_EDGE('',*,*,#959,.F.);
#1130 = ADVANCED_FACE('',(#1131),#156,.F.);
#1131 = FACE_BOUND('',#1132,.F.);
#1132 = EDGE_LOOP('',(#1133,#1134,#1157,#1180));
#1133 = ORIENTED_EDGE('',*,*,#138,.F.);
#1134 = ORIENTED_EDGE('',*,*,#1135,.T.);
#1135 = EDGE_CURVE('',#139,#1136,#1138,.T.);
#1136 = VERTEX_POINT('',#1137);
#1137 = CARTESIAN_POINT('',(-7.2,-0.4,-0.3));
#1138 = SURFACE_CURVE('',#1139,(#1143,#1150),.PCURVE_S1.);
#1139 = LINE('',#1140,#1141);
#1140 = CARTESIAN_POINT('',(-7.5,-0.4,-0.3));
#1141 = VECTOR('',#1142,1.);
#1142 = DIRECTION('',(1.,0.,-0.));
#1143 = PCURVE('',#156,#1144);
#1144 = DEFINITIONAL_REPRESENTATION('',(#1145),#1149);
#1145 = LINE('',#1146,#1147);
#1146 = CARTESIAN_POINT('',(0.,-0.));
#1147 = VECTOR('',#1148,1.);
#1148 = DIRECTION('',(0.,-1.));
#1149 = ( GEOMETRIC_REPRESENTATION_CONTEXT(2) 
PARAMETRIC_REPRESENTATION_CONTEXT() REPRESENTATION_CONTEXT('2D SPACE',''
  ) );
#1150 = PCURVE('',#238,#1151);
#1151 = DEFINITIONAL_REPRESENTATION('',(#1152),#1156);
#1152 = LINE('',#1153,#1154);
#1153 = CARTESIAN_POINT('',(1.2,0.));
#1154 = VECTOR('',#1155,1.);
#1155 = DIRECTION('',(0.,-1.));
#1156 = ( GEOMETRIC_REPRESENTATION_CONTEXT(2) 
PARAMETRIC_REPRESENTATION_CONTEXT() REPRESENTATION_CONTEXT('2D SPACE',''
  ) );
#1157 = ORIENTED_EDGE('',*,*,#1158,.F.);
#1158 = EDGE_CURVE('',#1159,#1136,#1161,.T.);
#1159 = VERTEX_POINT('',#1160);
#1160 = CARTESIAN_POINT('',(-7.2,-0.4,-0.9));
#1161 = SURFACE_CURVE('',#1162,(#1166,#1173),.PCURVE_S1.);
#1162 = LINE('',#1163,#1164);
#1163 = CARTESIAN_POINT('',(-7.2,-0.4,-1.65));
#1164 = VECTOR('',#1165,1.);
#1165 = DIRECTION('',(-0.,0.,1.));
#1166 = PCURVE('',#156,#1167);
#1167 = DEFINITIONAL_REPRESENTATION('',(#1168),#1172);
#1168 = LINE('',#1169,#1170);
#1169 = CARTESIAN_POINT('',(1.35,-0.3));
#1170 = VECTOR('',#1171,1.);
#1171 = DIRECTION('',(-1.,-0.));
#1172 = ( GEOMETRIC_REPRESENTATION_CONTEXT(2) 
PARAMETRIC_REPRESENTATION_CONTEXT() REPRESENTATION_CONTEXT('2D SPACE',''
  ) );
#1173 = PCURVE('',#838,#1174);
#1174 = DEFINITIONAL_REPRESENTATION('',(#1175),#1179);
#1175 = LINE('',#1176,#1177);
#1176 = CARTESIAN_POINT('',(1.35,-5.6));
#1177 = VECTOR('',#1178,1.);
#1178 = DIRECTION('',(1.,0.));
#1179 = ( GEOMETRIC_REPRESENTATION_CONTEXT(2) 
PARAMETRIC_REPRESENTATION_CONTEXT() REPRESENTATION_CONTEXT('2D SPACE',''
  ) );
#1180 = ORIENTED_EDGE('',*,*,#1181,.F.);
#1181 = EDGE_CURVE('',#141,#1159,#1182,.T.);
#1182 = SURFACE_CURVE('',#1183,(#1187,#1194),.PCURVE_S1.);
#1183 = LINE('',#1184,#1185);
#1184 = CARTESIAN_POINT('',(-7.5,-0.4,-0.9));
#1185 = VECTOR('',#1186,1.);
#1186 = DIRECTION('',(1.,0.,-0.));
#1187 = PCURVE('',#156,#1188);
#1188 = DEFINITIONAL_REPRESENTATION('',(#1189),#1193);
#1189 = LINE('',#1190,#1191);
#1190 = CARTESIAN_POINT('',(0.6,0.));
#1191 = VECTOR('',#1192,1.);
#1192 = DIRECTION('',(0.,-1.));
#1193 = ( GEOMETRIC_REPRESENTATION_CONTEXT(2) 
PARAMETRIC_REPRESENTATION_CONTEXT() REPRESENTATION_CONTEXT('2D SPACE',''
  ) );
#1194 = PCURVE('',#184,#1195);
#1195 = DEFINITIONAL_REPRESENTATION('',(#1196),#1200);
#1196 = LINE('',#1197,#1198);
#1197 = CARTESIAN_POINT('',(0.,0.));
#1198 = VECTOR('',#1199,1.);
#1199 = DIRECTION('',(0.,-1.));
#1200 = ( GEOMETRIC_REPRESENTATION_CONTEXT(2) 
PARAMETRIC_REPRESENTATION_CONTEXT() REPRESENTATION_CONTEXT('2D SPACE',''
  ) );
#1201 = ADVANCED_FACE('',(#1202),#238,.F.);
#1202 = FACE_BOUND('',#1203,.F.);
#1203 = EDGE_LOOP('',(#1204,#1205,#1228,#1249));
#1204 = ORIENTED_EDGE('',*,*,#224,.F.);
#1205 = ORIENTED_EDGE('',*,*,#1206,.T.);
#1206 = EDGE_CURVE('',#197,#1207,#1209,.T.);
#1207 = VERTEX_POINT('',#1208);
#1208 = CARTESIAN_POINT('',(-7.2,-1.6,-0.3));
#1209 = SURFACE_CURVE('',#1210,(#1214,#1221),.PCURVE_S1.);
#1210 = LINE('',#1211,#1212);
#1211 = CARTESIAN_POINT('',(-7.5,-1.6,-0.3));
#1212 = VECTOR('',#1213,1.);
#1213 = DIRECTION('',(1.,0.,-0.));
#1214 = PCURVE('',#238,#1215);
#1215 = DEFINITIONAL_REPRESENTATION('',(#1216),#1220);
#1216 = LINE('',#1217,#1218);
#1217 = CARTESIAN_POINT('',(0.,0.));
#1218 = VECTOR('',#1219,1.);
#1219 = DIRECTION('',(0.,-1.));
#1220 = ( GEOMETRIC_REPRESENTATION_CONTEXT(2) 
PARAMETRIC_REPRESENTATION_CONTEXT() REPRESENTATION_CONTEXT('2D SPACE',''
  ) );
#1221 = PCURVE('',#212,#1222);
#1222 = DEFINITIONAL_REPRESENTATION('',(#1223),#1227);
#1223 = LINE('',#1224,#1225);
#1224 = CARTESIAN_POINT('',(0.6,0.));
#1225 = VECTOR('',#1226,1.);
#1226 = DIRECTION('',(0.,-1.));
#1227 = ( GEOMETRIC_REPRESENTATION_CONTEXT(2) 
PARAMETRIC_REPRESENTATION_CONTEXT() REPRESENTATION_CONTEXT('2D SPACE',''
  ) );
#1228 = ORIENTED_EDGE('',*,*,#1229,.F.);
#1229 = EDGE_CURVE('',#1136,#1207,#1230,.T.);
#1230 = SURFACE_CURVE('',#1231,(#1235,#1242),.PCURVE_S1.);
#1231 = LINE('',#1232,#1233);
#1232 = CARTESIAN_POINT('',(-7.2,-3.8,-0.3));
#1233 = VECTOR('',#1234,1.);
#1234 = DIRECTION('',(0.,-1.,-0.));
#1235 = PCURVE('',#238,#1236);
#1236 = DEFINITIONAL_REPRESENTATION('',(#1237),#1241);
#1237 = LINE('',#1238,#1239);
#1238 = CARTESIAN_POINT('',(-2.2,-0.3));
#1239 = VECTOR('',#1240,1.);
#1240 = DIRECTION('',(-1.,-0.));
#1241 = ( GEOMETRIC_REPRESENTATION_CONTEXT(2) 
PARAMETRIC_REPRESENTATION_CONTEXT() REPRESENTATION_CONTEXT('2D SPACE',''
  ) );
#1242 = PCURVE('',#838,#1243);
#1243 = DEFINITIONAL_REPRESENTATION('',(#1244),#1248);
#1244 = LINE('',#1245,#1246);
#1245 = CARTESIAN_POINT('',(2.7,-2.2));
#1246 = VECTOR('',#1247,1.);
#1247 = DIRECTION('',(0.,1.));
#1248 = ( GEOMETRIC_REPRESENTATION_CONTEXT(2) 
PARAMETRIC_REPRESENTATION_CONTEXT() REPRESENTATION_CONTEXT('2D SPACE',''
  ) );
#1249 = ORIENTED_EDGE('',*,*,#1135,.F.);
#1250 = ADVANCED_FACE('',(#1251),#212,.F.);
#1251 = FACE_BOUND('',#1252,.F.);
#1252 = EDGE_LOOP('',(#1253,#1254,#1277,#1298));
#1253 = ORIENTED_EDGE('',*,*,#196,.F.);
#1254 = ORIENTED_EDGE('',*,*,#1255,.T.);
#1255 = EDGE_CURVE('',#169,#1256,#1258,.T.);
#1256 = VERTEX_POINT('',#1257);
#1257 = CARTESIAN_POINT('',(-7.2,-1.6,-0.9));
#1258 = SURFACE_CURVE('',#1259,(#1263,#1270),.PCURVE_S1.);
#1259 = LINE('',#1260,#1261);
#1260 = CARTESIAN_POINT('',(-7.5,-1.6,-0.9));
#1261 = VECTOR('',#1262,1.);
#1262 = DIRECTION('',(1.,0.,-0.));
#1263 = PCURVE('',#212,#1264);
#1264 = DEFINITIONAL_REPRESENTATION('',(#1265),#1269);
#1265 = LINE('',#1266,#1267);
#1266 = CARTESIAN_POINT('',(0.,0.));
#1267 = VECTOR('',#1268,1.);
#1268 = DIRECTION('',(0.,-1.));
#1269 = ( GEOMETRIC_REPRESENTATION_CONTEXT(2) 
PARAMETRIC_REPRESENTATION_CONTEXT() REPRESENTATION_CONTEXT('2D SPACE',''
  ) );
#1270 = PCURVE('',#184,#1271);
#1271 = DEFINITIONAL_REPRESENTATION('',(#1272),#1276);
#1272 = LINE('',#1273,#1274);
#1273 = CARTESIAN_POINT('',(1.2,0.));
#1274 = VECTOR('',#1275,1.);
#1275 = DIRECTION('',(0.,-1.));
#1276 = ( GEOMETRIC_REPRESENTATION_CONTEXT(2) 
PARAMETRIC_REPRESENTATION_CONTEXT() REPRESENTATION_CONTEXT('2D SPACE',''
  ) );
#1277 = ORIENTED_EDGE('',*,*,#1278,.F.);
#1278 = EDGE_CURVE('',#1207,#1256,#1279,.T.);
#1279 = SURFACE_CURVE('',#1280,(#1284,#1291),.PCURVE_S1.);
#1280 = LINE('',#1281,#1282);
#1281 = CARTESIAN_POINT('',(-7.2,-1.6,-1.95));
#1282 = VECTOR('',#1283,1.);
#1283 = DIRECTION('',(0.,0.,-1.));
#1284 = PCURVE('',#212,#1285);
#1285 = DEFINITIONAL_REPRESENTATION('',(#1286),#1290);
#1286 = LINE('',#1287,#1288);
#1287 = CARTESIAN_POINT('',(-1.05,-0.3));
#1288 = VECTOR('',#1289,1.);
#1289 = DIRECTION('',(-1.,0.));
#1290 = ( GEOMETRIC_REPRESENTATION_CONTEXT(2) 
PARAMETRIC_REPRESENTATION_CONTEXT() REPRESENTATION_CONTEXT('2D SPACE',''
  ) );
#1291 = PCURVE('',#838,#1292);
#1292 = DEFINITIONAL_REPRESENTATION('',(#1293),#1297);
#1293 = LINE('',#1294,#1295);
#1294 = CARTESIAN_POINT('',(1.05,-4.4));
#1295 = VECTOR('',#1296,1.);
#1296 = DIRECTION('',(-1.,0.));
#1297 = ( GEOMETRIC_REPRESENTATION_CONTEXT(2) 
PARAMETRIC_REPRESENTATION_CONTEXT() REPRESENTATION_CONTEXT('2D SPACE',''
  ) );
#1298 = ORIENTED_EDGE('',*,*,#1206,.F.);
#1299 = ADVANCED_FACE('',(#1300),#184,.F.);
#1300 = FACE_BOUND('',#1301,.F.);
#1301 = EDGE_LOOP('',(#1302,#1303,#1304,#1325));
#1302 = ORIENTED_EDGE('',*,*,#168,.F.);
#1303 = ORIENTED_EDGE('',*,*,#1181,.T.);
#1304 = ORIENTED_EDGE('',*,*,#1305,.F.);
#1305 = EDGE_CURVE('',#1256,#1159,#1306,.T.);
#1306 = SURFACE_CURVE('',#1307,(#1311,#1318),.PCURVE_S1.);
#1307 = LINE('',#1308,#1309);
#1308 = CARTESIAN_POINT('',(-7.2,-3.2,-0.9));
#1309 = VECTOR('',#1310,1.);
#1310 = DIRECTION('',(0.,1.,-0.));
#1311 = PCURVE('',#184,#1312);
#1312 = DEFINITIONAL_REPRESENTATION('',(#1313),#1317);
#1313 = LINE('',#1314,#1315);
#1314 = CARTESIAN_POINT('',(2.8,-0.3));
#1315 = VECTOR('',#1316,1.);
#1316 = DIRECTION('',(-1.,0.));
#1317 = ( GEOMETRIC_REPRESENTATION_CONTEXT(2) 
PARAMETRIC_REPRESENTATION_CONTEXT() REPRESENTATION_CONTEXT('2D SPACE',''
  ) );
#1318 = PCURVE('',#838,#1319);
#1319 = DEFINITIONAL_REPRESENTATION('',(#1320),#1324);
#1320 = LINE('',#1321,#1322);
#1321 = CARTESIAN_POINT('',(2.1,-2.8));
#1322 = VECTOR('',#1323,1.);
#1323 = DIRECTION('',(0.,-1.));
#1324 = ( GEOMETRIC_REPRESENTATION_CONTEXT(2) 
PARAMETRIC_REPRESENTATION_CONTEXT() REPRESENTATION_CONTEXT('2D SPACE',''
  ) );
#1325 = ORIENTED_EDGE('',*,*,#1255,.F.);
#1326 = ADVANCED_FACE('',(#1327),#270,.F.);
#1327 = FACE_BOUND('',#1328,.F.);
#1328 = EDGE_LOOP('',(#1329,#1330,#1353,#1376));
#1329 = ORIENTED_EDGE('',*,*,#252,.F.);
#1330 = ORIENTED_EDGE('',*,*,#1331,.T.);
#1331 = EDGE_CURVE('',#253,#1332,#1334,.T.);
#1332 = VERTEX_POINT('',#1333);
#1333 = CARTESIAN_POINT('',(-7.2,-2.4,-0.3));
#1334 = SURFACE_CURVE('',#1335,(#1339,#1346),.PCURVE_S1.);
#1335 = LINE('',#1336,#1337);
#1336 = CARTESIAN_POINT('',(-7.5,-2.4,-0.3));
#1337 = VECTOR('',#1338,1.);
#1338 = DIRECTION('',(1.,0.,-0.));
#1339 = PCURVE('',#270,#1340);
#1340 = DEFINITIONAL_REPRESENTATION('',(#1341),#1345);
#1341 = LINE('',#1342,#1343);
#1342 = CARTESIAN_POINT('',(0.,-0.));
#1343 = VECTOR('',#1344,1.);
#1344 = DIRECTION('',(0.,-1.));
#1345 = ( GEOMETRIC_REPRESENTATION_CONTEXT(2) 
PARAMETRIC_REPRESENTATION_CONTEXT() REPRESENTATION_CONTEXT('2D SPACE',''
  ) );
#1346 = PCURVE('',#352,#1347);
#1347 = DEFINITIONAL_REPRESENTATION('',(#1348),#1352);
#1348 = LINE('',#1349,#1350);
#1349 = CARTESIAN_POINT('',(1.2,0.));
#1350 = VECTOR('',#1351,1.);
#1351 = DIRECTION('',(0.,-1.));
#1352 = ( GEOMETRIC_REPRESENTATION_CONTEXT(2) 
PARAMETRIC_REPRESENTATION_CONTEXT() REPRESENTATION_CONTEXT('2D SPACE',''
  ) );
#1353 = ORIENTED_EDGE('',*,*,#1354,.F.);
#1354 = EDGE_CURVE('',#1355,#1332,#1357,.T.);
#1355 = VERTEX_POINT('',#1356);
#1356 = CARTESIAN_POINT('',(-7.2,-2.4,-0.9));
#1357 = SURFACE_CURVE('',#1358,(#1362,#1369),.PCURVE_S1.);
#1358 = LINE('',#1359,#1360);
#1359 = CARTESIAN_POINT('',(-7.2,-2.4,-1.65));
#1360 = VECTOR('',#1361,1.);
#1361 = DIRECTION('',(-0.,0.,1.));
#1362 = PCURVE('',#270,#1363);
#1363 = DEFINITIONAL_REPRESENTATION('',(#1364),#1368);
#1364 = LINE('',#1365,#1366);
#1365 = CARTESIAN_POINT('',(1.35,-0.3));
#1366 = VECTOR('',#1367,1.);
#1367 = DIRECTION('',(-1.,-0.));
#1368 = ( GEOMETRIC_REPRESENTATION_CONTEXT(2) 
PARAMETRIC_REPRESENTATION_CONTEXT() REPRESENTATION_CONTEXT('2D SPACE',''
  ) );
#1369 = PCURVE('',#838,#1370);
#1370 = DEFINITIONAL_REPRESENTATION('',(#1371),#1375);
#1371 = LINE('',#1372,#1373);
#1372 = CARTESIAN_POINT('',(1.35,-3.6));
#1373 = VECTOR('',#1374,1.);
#1374 = DIRECTION('',(1.,0.));
#1375 = ( GEOMETRIC_REPRESENTATION_CONTEXT(2) 
PARAMETRIC_REPRESENTATION_CONTEXT() REPRESENTATION_CONTEXT('2D SPACE',''
  ) );
#1376 = ORIENTED_EDGE('',*,*,#1377,.F.);
#1377 = EDGE_CURVE('',#255,#1355,#1378,.T.);
#1378 = SURFACE_CURVE('',#1379,(#1383,#1390),.PCURVE_S1.);
#1379 = LINE('',#1380,#1381);
#1380 = CARTESIAN_POINT('',(-7.5,-2.4,-0.9));
#1381 = VECTOR('',#1382,1.);
#1382 = DIRECTION('',(1.,0.,-0.));
#1383 = PCURVE('',#270,#1384);
#1384 = DEFINITIONAL_REPRESENTATION('',(#1385),#1389);
#1385 = LINE('',#1386,#1387);
#1386 = CARTESIAN_POINT('',(0.6,0.));
#1387 = VECTOR('',#1388,1.);
#1388 = DIRECTION('',(0.,-1.));
#1389 = ( GEOMETRIC_REPRESENTATION_CONTEXT(2) 
PARAMETRIC_REPRESENTATION_CONTEXT() REPRESENTATION_CONTEXT('2D SPACE',''
  ) );
#1390 = PCURVE('',#298,#1391);
#1391 = DEFINITIONAL_REPRESENTATION('',(#1392),#1396);
#1392 = LINE('',#1393,#1394);
#1393 = CARTESIAN_POINT('',(0.,0.));
#1394 = VECTOR('',#1395,1.);
#1395 = DIRECTION('',(0.,-1.));
#1396 = ( GEOMETRIC_REPRESENTATION_CONTEXT(2) 
PARAMETRIC_REPRESENTATION_CONTEXT() REPRESENTATION_CONTEXT('2D SPACE',''
  ) );
#1397 = ADVANCED_FACE('',(#1398),#352,.F.);
#1398 = FACE_BOUND('',#1399,.F.);
#1399 = EDGE_LOOP('',(#1400,#1401,#1424,#1445));
#1400 = ORIENTED_EDGE('',*,*,#338,.F.);
#1401 = ORIENTED_EDGE('',*,*,#1402,.T.);
#1402 = EDGE_CURVE('',#311,#1403,#1405,.T.);
#1403 = VERTEX_POINT('',#1404);
#1404 = CARTESIAN_POINT('',(-7.2,-3.6,-0.3));
#1405 = SURFACE_CURVE('',#1406,(#1410,#1417),.PCURVE_S1.);
#1406 = LINE('',#1407,#1408);
#1407 = CARTESIAN_POINT('',(-7.5,-3.6,-0.3));
#1408 = VECTOR('',#1409,1.);
#1409 = DIRECTION('',(1.,0.,-0.));
#1410 = PCURVE('',#352,#1411);
#1411 = DEFINITIONAL_REPRESENTATION('',(#1412),#1416);
#1412 = LINE('',#1413,#1414);
#1413 = CARTESIAN_POINT('',(0.,0.));
#1414 = VECTOR('',#1415,1.);
#1415 = DIRECTION('',(0.,-1.));
#1416 = ( GEOMETRIC_REPRESENTATION_CONTEXT(2) 
PARAMETRIC_REPRESENTATION_CONTEXT() REPRESENTATION_CONTEXT('2D SPACE',''
  ) );
#1417 = PCURVE('',#326,#1418);
#1418 = DEFINITIONAL_REPRESENTATION('',(#1419),#1423);
#1419 = LINE('',#1420,#1421);
#1420 = CARTESIAN_POINT('',(0.6,0.));
#1421 = VECTOR('',#1422,1.);
#1422 = DIRECTION('',(0.,-1.));
#1423 = ( GEOMETRIC_REPRESENTATION_CONTEXT(2) 
PARAMETRIC_REPRESENTATION_CONTEXT() REPRESENTATION_CONTEXT('2D SPACE',''
  ) );
#1424 = ORIENTED_EDGE('',*,*,#1425,.F.);
#1425 = EDGE_CURVE('',#1332,#1403,#1426,.T.);
#1426 = SURFACE_CURVE('',#1427,(#1431,#1438),.PCURVE_S1.);
#1427 = LINE('',#1428,#1429);
#1428 = CARTESIAN_POINT('',(-7.2,-4.8,-0.3));
#1429 = VECTOR('',#1430,1.);
#1430 = DIRECTION('',(0.,-1.,-0.));
#1431 = PCURVE('',#352,#1432);
#1432 = DEFINITIONAL_REPRESENTATION('',(#1433),#1437);
#1433 = LINE('',#1434,#1435);
#1434 = CARTESIAN_POINT('',(-1.2,-0.3));
#1435 = VECTOR('',#1436,1.);
#1436 = DIRECTION('',(-1.,-0.));
#1437 = ( GEOMETRIC_REPRESENTATION_CONTEXT(2) 
PARAMETRIC_REPRESENTATION_CONTEXT() REPRESENTATION_CONTEXT('2D SPACE',''
  ) );
#1438 = PCURVE('',#838,#1439);
#1439 = DEFINITIONAL_REPRESENTATION('',(#1440),#1444);
#1440 = LINE('',#1441,#1442);
#1441 = CARTESIAN_POINT('',(2.7,-1.2));
#1442 = VECTOR('',#1443,1.);
#1443 = DIRECTION('',(0.,1.));
#1444 = ( GEOMETRIC_REPRESENTATION_CONTEXT(2) 
PARAMETRIC_REPRESENTATION_CONTEXT() REPRESENTATION_CONTEXT('2D SPACE',''
  ) );
#1445 = ORIENTED_EDGE('',*,*,#1331,.F.);
#1446 = ADVANCED_FACE('',(#1447),#298,.F.);
#1447 = FACE_BOUND('',#1448,.F.);
#1448 = EDGE_LOOP('',(#1449,#1450,#1451,#1474));
#1449 = ORIENTED_EDGE('',*,*,#282,.F.);
#1450 = ORIENTED_EDGE('',*,*,#1377,.T.);
#1451 = ORIENTED_EDGE('',*,*,#1452,.F.);
#1452 = EDGE_CURVE('',#1453,#1355,#1455,.T.);
#1453 = VERTEX_POINT('',#1454);
#1454 = CARTESIAN_POINT('',(-7.2,-3.6,-0.9));
#1455 = SURFACE_CURVE('',#1456,(#1460,#1467),.PCURVE_S1.);
#1456 = LINE('',#1457,#1458);
#1457 = CARTESIAN_POINT('',(-7.2,-4.2,-0.9));
#1458 = VECTOR('',#1459,1.);
#1459 = DIRECTION('',(0.,1.,-0.));
#1460 = PCURVE('',#298,#1461);
#1461 = DEFINITIONAL_REPRESENTATION('',(#1462),#1466);
#1462 = LINE('',#1463,#1464);
#1463 = CARTESIAN_POINT('',(1.8,-0.3));
#1464 = VECTOR('',#1465,1.);
#1465 = DIRECTION('',(-1.,0.));
#1466 = ( GEOMETRIC_REPRESENTATION_CONTEXT(2) 
PARAMETRIC_REPRESENTATION_CONTEXT() REPRESENTATION_CONTEXT('2D SPACE',''
  ) );
#1467 = PCURVE('',#838,#1468);
#1468 = DEFINITIONAL_REPRESENTATION('',(#1469),#1473);
#1469 = LINE('',#1470,#1471);
#1470 = CARTESIAN_POINT('',(2.1,-1.8));
#1471 = VECTOR('',#1472,1.);
#1472 = DIRECTION('',(0.,-1.));
#1473 = ( GEOMETRIC_REPRESENTATION_CONTEXT(2) 
PARAMETRIC_REPRESENTATION_CONTEXT() REPRESENTATION_CONTEXT('2D SPACE',''
  ) );
#1474 = ORIENTED_EDGE('',*,*,#1475,.F.);
#1475 = EDGE_CURVE('',#283,#1453,#1476,.T.);
#1476 = SURFACE_CURVE('',#1477,(#1481,#1488),.PCURVE_S1.);
#1477 = LINE('',#1478,#1479);
#1478 = CARTESIAN_POINT('',(-7.5,-3.6,-0.9));
#1479 = VECTOR('',#1480,1.);
#1480 = DIRECTION('',(1.,0.,-0.));
#1481 = PCURVE('',#298,#1482);
#1482 = DEFINITIONAL_REPRESENTATION('',(#1483),#1487);
#1483 = LINE('',#1484,#1485);
#1484 = CARTESIAN_POINT('',(1.2,0.));
#1485 = VECTOR('',#1486,1.);
#1486 = DIRECTION('',(0.,-1.));
#1487 = ( GEOMETRIC_REPRESENTATION_CONTEXT(2) 
PARAMETRIC_REPRESENTATION_CONTEXT() REPRESENTATION_CONTEXT('2D SPACE',''
  ) );
#1488 = PCURVE('',#326,#1489);
#1489 = DEFINITIONAL_REPRESENTATION('',(#1490),#1494);
#1490 = LINE('',#1491,#1492);
#1491 = CARTESIAN_POINT('',(0.,0.));
#1492 = VECTOR('',#1493,1.);
#1493 = DIRECTION('',(0.,-1.));
#1494 = ( GEOMETRIC_REPRESENTATION_CONTEXT(2) 
PARAMETRIC_REPRESENTATION_CONTEXT() REPRESENTATION_CONTEXT('2D SPACE',''
  ) );
#1495 = ADVANCED_FACE('',(#1496),#326,.F.);
#1496 = FACE_BOUND('',#1497,.F.);
#1497 = EDGE_LOOP('',(#1498,#1499,#1500,#1521));
#1498 = ORIENTED_EDGE('',*,*,#310,.F.);
#1499 = ORIENTED_EDGE('',*,*,#1475,.T.);
#1500 = ORIENTED_EDGE('',*,*,#1501,.F.);
#1501 = EDGE_CURVE('',#1403,#1453,#1502,.T.);
#1502 = SURFACE_CURVE('',#1503,(#1507,#1514),.PCURVE_S1.);
#1503 = LINE('',#1504,#1505);
#1504 = CARTESIAN_POINT('',(-7.2,-3.6,-1.95));
#1505 = VECTOR('',#1506,1.);
#1506 = DIRECTION('',(0.,0.,-1.));
#1507 = PCURVE('',#326,#1508);
#1508 = DEFINITIONAL_REPRESENTATION('',(#1509),#1513);
#1509 = LINE('',#1510,#1511);
#1510 = CARTESIAN_POINT('',(-1.05,-0.3));
#1511 = VECTOR('',#1512,1.);
#1512 = DIRECTION('',(-1.,0.));
#1513 = ( GEOMETRIC_REPRESENTATION_CONTEXT(2) 
PARAMETRIC_REPRESENTATION_CONTEXT() REPRESENTATION_CONTEXT('2D SPACE',''
  ) );
#1514 = PCURVE('',#838,#1515);
#1515 = DEFINITIONAL_REPRESENTATION('',(#1516),#1520);
#1516 = LINE('',#1517,#1518);
#1517 = CARTESIAN_POINT('',(1.05,-2.4));
#1518 = VECTOR('',#1519,1.);
#1519 = DIRECTION('',(-1.,0.));
#1520 = ( GEOMETRIC_REPRESENTATION_CONTEXT(2) 
PARAMETRIC_REPRESENTATION_CONTEXT() REPRESENTATION_CONTEXT('2D SPACE',''
  ) );
#1521 = ORIENTED_EDGE('',*,*,#1402,.F.);
#1522 = ADVANCED_FACE('',(#1523),#384,.F.);
#1523 = FACE_BOUND('',#1524,.F.);
#1524 = EDGE_LOOP('',(#1525,#1526,#1549,#1572));
#1525 = ORIENTED_EDGE('',*,*,#366,.F.);
#1526 = ORIENTED_EDGE('',*,*,#1527,.T.);
#1527 = EDGE_CURVE('',#367,#1528,#1530,.T.);
#1528 = VERTEX_POINT('',#1529);
#1529 = CARTESIAN_POINT('',(-7.2,-2.4,1.3));
#1530 = SURFACE_CURVE('',#1531,(#1535,#1542),.PCURVE_S1.);
#1531 = LINE('',#1532,#1533);
#1532 = CARTESIAN_POINT('',(-7.5,-2.4,1.3));
#1533 = VECTOR('',#1534,1.);
#1534 = DIRECTION('',(1.,0.,-0.));
#1535 = PCURVE('',#384,#1536);
#1536 = DEFINITIONAL_REPRESENTATION('',(#1537),#1541);
#1537 = LINE('',#1538,#1539);
#1538 = CARTESIAN_POINT('',(0.,-0.));
#1539 = VECTOR('',#1540,1.);
#1540 = DIRECTION('',(0.,-1.));
#1541 = ( GEOMETRIC_REPRESENTATION_CONTEXT(2) 
PARAMETRIC_REPRESENTATION_CONTEXT() REPRESENTATION_CONTEXT('2D SPACE',''
  ) );
#1542 = PCURVE('',#466,#1543);
#1543 = DEFINITIONAL_REPRESENTATION('',(#1544),#1548);
#1544 = LINE('',#1545,#1546);
#1545 = CARTESIAN_POINT('',(1.2,0.));
#1546 = VECTOR('',#1547,1.);
#1547 = DIRECTION('',(0.,-1.));
#1548 = ( GEOMETRIC_REPRESENTATION_CONTEXT(2) 
PARAMETRIC_REPRESENTATION_CONTEXT() REPRESENTATION_CONTEXT('2D SPACE',''
  ) );
#1549 = ORIENTED_EDGE('',*,*,#1550,.F.);
#1550 = EDGE_CURVE('',#1551,#1528,#1553,.T.);
#1551 = VERTEX_POINT('',#1552);
#1552 = CARTESIAN_POINT('',(-7.2,-2.4,0.7));
#1553 = SURFACE_CURVE('',#1554,(#1558,#1565),.PCURVE_S1.);
#1554 = LINE('',#1555,#1556);
#1555 = CARTESIAN_POINT('',(-7.2,-2.4,-0.85));
#1556 = VECTOR('',#1557,1.);
#1557 = DIRECTION('',(-0.,0.,1.));
#1558 = PCURVE('',#384,#1559);
#1559 = DEFINITIONAL_REPRESENTATION('',(#1560),#1564);
#1560 = LINE('',#1561,#1562);
#1561 = CARTESIAN_POINT('',(2.15,-0.3));
#1562 = VECTOR('',#1563,1.);
#1563 = DIRECTION('',(-1.,-0.));
#1564 = ( GEOMETRIC_REPRESENTATION_CONTEXT(2) 
PARAMETRIC_REPRESENTATION_CONTEXT() REPRESENTATION_CONTEXT('2D SPACE',''
  ) );
#1565 = PCURVE('',#838,#1566);
#1566 = DEFINITIONAL_REPRESENTATION('',(#1567),#1571);
#1567 = LINE('',#1568,#1569);
#1568 = CARTESIAN_POINT('',(2.15,-3.6));
#1569 = VECTOR('',#1570,1.);
#1570 = DIRECTION('',(1.,0.));
#1571 = ( GEOMETRIC_REPRESENTATION_CONTEXT(2) 
PARAMETRIC_REPRESENTATION_CONTEXT() REPRESENTATION_CONTEXT('2D SPACE',''
  ) );
#1572 = ORIENTED_EDGE('',*,*,#1573,.F.);
#1573 = EDGE_CURVE('',#369,#1551,#1574,.T.);
#1574 = SURFACE_CURVE('',#1575,(#1579,#1586),.PCURVE_S1.);
#1575 = LINE('',#1576,#1577);
#1576 = CARTESIAN_POINT('',(-7.5,-2.4,0.7));
#1577 = VECTOR('',#1578,1.);
#1578 = DIRECTION('',(1.,0.,-0.));
#1579 = PCURVE('',#384,#1580);
#1580 = DEFINITIONAL_REPRESENTATION('',(#1581),#1585);
#1581 = LINE('',#1582,#1583);
#1582 = CARTESIAN_POINT('',(0.6,0.));
#1583 = VECTOR('',#1584,1.);
#1584 = DIRECTION('',(0.,-1.));
#1585 = ( GEOMETRIC_REPRESENTATION_CONTEXT(2) 
PARAMETRIC_REPRESENTATION_CONTEXT() REPRESENTATION_CONTEXT('2D SPACE',''
  ) );
#1586 = PCURVE('',#412,#1587);
#1587 = DEFINITIONAL_REPRESENTATION('',(#1588),#1592);
#1588 = LINE('',#1589,#1590);
#1589 = CARTESIAN_POINT('',(0.,0.));
#1590 = VECTOR('',#1591,1.);
#1591 = DIRECTION('',(0.,-1.));
#1592 = ( GEOMETRIC_REPRESENTATION_CONTEXT(2) 
PARAMETRIC_REPRESENTATION_CONTEXT() REPRESENTATION_CONTEXT('2D SPACE',''
  ) );
#1593 = ADVANCED_FACE('',(#1594),#466,.F.);
#1594 = FACE_BOUND('',#1595,.F.);
#1595 = EDGE_LOOP('',(#1596,#1597,#1620,#1641));
#1596 = ORIENTED_EDGE('',*,*,#452,.F.);
#1597 = ORIENTED_EDGE('',*,*,#1598,.T.);
#1598 = EDGE_CURVE('',#425,#1599,#1601,.T.);
#1599 = VERTEX_POINT('',#1600);
#1600 = CARTESIAN_POINT('',(-7.2,-3.6,1.3));
#1601 = SURFACE_CURVE('',#1602,(#1606,#1613),.PCURVE_S1.);
#1602 = LINE('',#1603,#1604);
#1603 = CARTESIAN_POINT('',(-7.5,-3.6,1.3));
#1604 = VECTOR('',#1605,1.);
#1605 = DIRECTION('',(1.,0.,-0.));
#1606 = PCURVE('',#466,#1607);
#1607 = DEFINITIONAL_REPRESENTATION('',(#1608),#1612);
#1608 = LINE('',#1609,#1610);
#1609 = CARTESIAN_POINT('',(0.,0.));
#1610 = VECTOR('',#1611,1.);
#1611 = DIRECTION('',(0.,-1.));
#1612 = ( GEOMETRIC_REPRESENTATION_CONTEXT(2) 
PARAMETRIC_REPRESENTATION_CONTEXT() REPRESENTATION_CONTEXT('2D SPACE',''
  ) );
#1613 = PCURVE('',#440,#1614);
#1614 = DEFINITIONAL_REPRESENTATION('',(#1615),#1619);
#1615 = LINE('',#1616,#1617);
#1616 = CARTESIAN_POINT('',(0.6,0.));
#1617 = VECTOR('',#1618,1.);
#1618 = DIRECTION('',(0.,-1.));
#1619 = ( GEOMETRIC_REPRESENTATION_CONTEXT(2) 
PARAMETRIC_REPRESENTATION_CONTEXT() REPRESENTATION_CONTEXT('2D SPACE',''
  ) );
#1620 = ORIENTED_EDGE('',*,*,#1621,.F.);
#1621 = EDGE_CURVE('',#1528,#1599,#1622,.T.);
#1622 = SURFACE_CURVE('',#1623,(#1627,#1634),.PCURVE_S1.);
#1623 = LINE('',#1624,#1625);
#1624 = CARTESIAN_POINT('',(-7.2,-4.8,1.3));
#1625 = VECTOR('',#1626,1.);
#1626 = DIRECTION('',(0.,-1.,-0.));
#1627 = PCURVE('',#466,#1628);
#1628 = DEFINITIONAL_REPRESENTATION('',(#1629),#1633);
#1629 = LINE('',#1630,#1631);
#1630 = CARTESIAN_POINT('',(-1.2,-0.3));
#1631 = VECTOR('',#1632,1.);
#1632 = DIRECTION('',(-1.,-0.));
#1633 = ( GEOMETRIC_REPRESENTATION_CONTEXT(2) 
PARAMETRIC_REPRESENTATION_CONTEXT() REPRESENTATION_CONTEXT('2D SPACE',''
  ) );
#1634 = PCURVE('',#838,#1635);
#1635 = DEFINITIONAL_REPRESENTATION('',(#1636),#1640);
#1636 = LINE('',#1637,#1638);
#1637 = CARTESIAN_POINT('',(4.3,-1.2));
#1638 = VECTOR('',#1639,1.);
#1639 = DIRECTION('',(0.,1.));
#1640 = ( GEOMETRIC_REPRESENTATION_CONTEXT(2) 
PARAMETRIC_REPRESENTATION_CONTEXT() REPRESENTATION_CONTEXT('2D SPACE',''
  ) );
#1641 = ORIENTED_EDGE('',*,*,#1527,.F.);
#1642 = ADVANCED_FACE('',(#1643),#412,.F.);
#1643 = FACE_BOUND('',#1644,.F.);
#1644 = EDGE_LOOP('',(#1645,#1646,#1647,#1670));
#1645 = ORIENTED_EDGE('',*,*,#396,.F.);
#1646 = ORIENTED_EDGE('',*,*,#1573,.T.);
#1647 = ORIENTED_EDGE('',*,*,#1648,.F.);
#1648 = EDGE_CURVE('',#1649,#1551,#1651,.T.);
#1649 = VERTEX_POINT('',#1650);
#1650 = CARTESIAN_POINT('',(-7.2,-3.6,0.7));
#1651 = SURFACE_CURVE('',#1652,(#1656,#1663),.PCURVE_S1.);
#1652 = LINE('',#1653,#1654);
#1653 = CARTESIAN_POINT('',(-7.2,-4.2,0.7));
#1654 = VECTOR('',#1655,1.);
#1655 = DIRECTION('',(0.,1.,-0.));
#1656 = PCURVE('',#412,#1657);
#1657 = DEFINITIONAL_REPRESENTATION('',(#1658),#1662);
#1658 = LINE('',#1659,#1660);
#1659 = CARTESIAN_POINT('',(1.8,-0.3));
#1660 = VECTOR('',#1661,1.);
#1661 = DIRECTION('',(-1.,0.));
#1662 = ( GEOMETRIC_REPRESENTATION_CONTEXT(2) 
PARAMETRIC_REPRESENTATION_CONTEXT() REPRESENTATION_CONTEXT('2D SPACE',''
  ) );
#1663 = PCURVE('',#838,#1664);
#1664 = DEFINITIONAL_REPRESENTATION('',(#1665),#1669);
#1665 = LINE('',#1666,#1667);
#1666 = CARTESIAN_POINT('',(3.7,-1.8));
#1667 = VECTOR('',#1668,1.);
#1668 = DIRECTION('',(0.,-1.));
#1669 = ( GEOMETRIC_REPRESENTATION_CONTEXT(2) 
PARAMETRIC_REPRESENTATION_CONTEXT() REPRESENTATION_CONTEXT('2D SPACE',''
  ) );
#1670 = ORIENTED_EDGE('',*,*,#1671,.F.);
#1671 = EDGE_CURVE('',#397,#1649,#1672,.T.);
#1672 = SURFACE_CURVE('',#1673,(#1677,#1684),.PCURVE_S1.);
#1673 = LINE('',#1674,#1675);
#1674 = CARTESIAN_POINT('',(-7.5,-3.6,0.7));
#1675 = VECTOR('',#1676,1.);
#1676 = DIRECTION('',(1.,0.,-0.));
#1677 = PCURVE('',#412,#1678);
#1678 = DEFINITIONAL_REPRESENTATION('',(#1679),#1683);
#1679 = LINE('',#1680,#1681);
#1680 = CARTESIAN_POINT('',(1.2,0.));
#1681 = VECTOR('',#1682,1.);
#1682 = DIRECTION('',(0.,-1.));
#1683 = ( GEOMETRIC_REPRESENTATION_CONTEXT(2) 
PARAMETRIC_REPRESENTATION_CONTEXT() REPRESENTATION_CONTEXT('2D SPACE',''
  ) );
#1684 = PCURVE('',#440,#1685);
#1685 = DEFINITIONAL_REPRESENTATION('',(#1686),#1690);
#1686 = LINE('',#1687,#1688);
#1687 = CARTESIAN_POINT('',(0.,0.));
#1688 = VECTOR('',#1689,1.);
#1689 = DIRECTION('',(0.,-1.));
#1690 = ( GEOMETRIC_REPRESENTATION_CONTEXT(2) 
PARAMETRIC_REPRESENTATION_CONTEXT() REPRESENTATION_CONTEXT('2D SPACE',''
  ) );
#1691 = ADVANCED_FACE('',(#1692),#440,.F.);
#1692 = FACE_BOUND('',#1693,.F.);
#1693 = EDGE_LOOP('',(#1694,#1695,#1696,#1717));
#1694 = ORIENTED_EDGE('',*,*,#424,.F.);
#1695 = ORIENTED_EDGE('',*,*,#1671,.T.);
#1696 = ORIENTED_EDGE('',*,*,#1697,.F.);
#1697 = EDGE_CURVE('',#1599,#1649,#1698,.T.);
#1698 = SURFACE_CURVE('',#1699,(#1703,#1710),.PCURVE_S1.);
#1699 = LINE('',#1700,#1701);
#1700 = CARTESIAN_POINT('',(-7.2,-3.6,-1.15));
#1701 = VECTOR('',#1702,1.);
#1702 = DIRECTION('',(0.,0.,-1.));
#1703 = PCURVE('',#440,#1704);
#1704 = DEFINITIONAL_REPRESENTATION('',(#1705),#1709);
#1705 = LINE('',#1706,#1707);
#1706 = CARTESIAN_POINT('',(-1.85,-0.3));
#1707 = VECTOR('',#1708,1.);
#1708 = DIRECTION('',(-1.,0.));
#1709 = ( GEOMETRIC_REPRESENTATION_CONTEXT(2) 
PARAMETRIC_REPRESENTATION_CONTEXT() REPRESENTATION_CONTEXT('2D SPACE',''
  ) );
#1710 = PCURVE('',#838,#1711);
#1711 = DEFINITIONAL_REPRESENTATION('',(#1712),#1716);
#1712 = LINE('',#1713,#1714);
#1713 = CARTESIAN_POINT('',(1.85,-2.4));
#1714 = VECTOR('',#1715,1.);
#1715 = DIRECTION('',(-1.,0.));
#1716 = ( GEOMETRIC_REPRESENTATION_CONTEXT(2) 
PARAMETRIC_REPRESENTATION_CONTEXT() REPRESENTATION_CONTEXT('2D SPACE',''
  ) );
#1717 = ORIENTED_EDGE('',*,*,#1598,.F.);
#1718 = ADVANCED_FACE('',(#1719,#1744,#1778,#1812,#1846,#1880,#1914,
    #1948,#1982),#521,.F.);
#1719 = FACE_BOUND('',#1720,.F.);
#1720 = EDGE_LOOP('',(#1721,#1722,#1723,#1724));
#1721 = ORIENTED_EDGE('',*,*,#1013,.F.);
#1722 = ORIENTED_EDGE('',*,*,#934,.T.);
#1723 = ORIENTED_EDGE('',*,*,#505,.T.);
#1724 = ORIENTED_EDGE('',*,*,#1725,.F.);
#1725 = EDGE_CURVE('',#1014,#506,#1726,.T.);
#1726 = SURFACE_CURVE('',#1727,(#1731,#1738),.PCURVE_S1.);
#1727 = LINE('',#1728,#1729);
#1728 = CARTESIAN_POINT('',(6.9,-6.,-3.));
#1729 = VECTOR('',#1730,1.);
#1730 = DIRECTION('',(0.,0.,1.));
#1731 = PCURVE('',#521,#1732);
#1732 = DEFINITIONAL_REPRESENTATION('',(#1733),#1737);
#1733 = LINE('',#1734,#1735);
#1734 = CARTESIAN_POINT('',(0.,14.4));
#1735 = VECTOR('',#1736,1.);
#1736 = DIRECTION('',(1.,0.));
#1737 = ( GEOMETRIC_REPRESENTATION_CONTEXT(2) 
PARAMETRIC_REPRESENTATION_CONTEXT() REPRESENTATION_CONTEXT('2D SPACE',''
  ) );
#1738 = PCURVE('',#554,#1739);
#1739 = DEFINITIONAL_REPRESENTATION('',(#1740),#1743);
#1740 = B_SPLINE_CURVE_WITH_KNOTS('',1,(#1741,#1742),.UNSPECIFIED.,.F.,
  .F.,(2,2),(0.,6.),.PIECEWISE_BEZIER_KNOTS.);
#1741 = CARTESIAN_POINT('',(-1.570796326795,0.));
#1742 = CARTESIAN_POINT('',(-1.570796326795,6.));
#1743 = ( GEOMETRIC_REPRESENTATION_CONTEXT(2) 
PARAMETRIC_REPRESENTATION_CONTEXT() REPRESENTATION_CONTEXT('2D SPACE',''
  ) );
#1744 = FACE_BOUND('',#1745,.F.);
#1745 = EDGE_LOOP('',(#1746));
#1746 = ORIENTED_EDGE('',*,*,#1747,.T.);
#1747 = EDGE_CURVE('',#1748,#1748,#1750,.T.);
#1748 = VERTEX_POINT('',#1749);
#1749 = CARTESIAN_POINT('',(-5.35,-6.,-1.8));
#1750 = SURFACE_CURVE('',#1751,(#1756,#1767),.PCURVE_S1.);
#1751 = CIRCLE('',#1752,0.65);
#1752 = AXIS2_PLACEMENT_3D('',#1753,#1754,#1755);
#1753 = CARTESIAN_POINT('',(-6.,-6.,-1.8));
#1754 = DIRECTION('',(0.,-1.,0.));
#1755 = DIRECTION('',(1.,0.,0.));
#1756 = PCURVE('',#521,#1757);
#1757 = DEFINITIONAL_REPRESENTATION('',(#1758),#1766);
#1758 = ( BOUNDED_CURVE() B_SPLINE_CURVE(2,(#1759,#1760,#1761,#1762,
#1763,#1764,#1765),.UNSPECIFIED.,.T.,.F.) B_SPLINE_CURVE_WITH_KNOTS((1,2
    ,2,2,2,1),(-2.094395102393,0.,2.094395102393,4.188790204786,
6.28318530718,8.377580409573),.UNSPECIFIED.) CURVE() 
GEOMETRIC_REPRESENTATION_ITEM() RATIONAL_B_SPLINE_CURVE((1.,0.5,1.,0.5,
1.,0.5,1.)) REPRESENTATION_ITEM('') );
#1759 = CARTESIAN_POINT('',(1.2,2.15));
#1760 = CARTESIAN_POINT('',(2.32583302492,2.15));
#1761 = CARTESIAN_POINT('',(1.76291651246,1.175));
#1762 = CARTESIAN_POINT('',(1.2,0.2));
#1763 = CARTESIAN_POINT('',(0.63708348754,1.175));
#1764 = CARTESIAN_POINT('',(7.416697508023E-02,2.15));
#1765 = CARTESIAN_POINT('',(1.2,2.15));
#1766 = ( GEOMETRIC_REPRESENTATION_CONTEXT(2) 
PARAMETRIC_REPRESENTATION_CONTEXT() REPRESENTATION_CONTEXT('2D SPACE',''
  ) );
#1767 = PCURVE('',#1768,#1773);
#1768 = CYLINDRICAL_SURFACE('',#1769,0.65);
#1769 = AXIS2_PLACEMENT_3D('',#1770,#1771,#1772);
#1770 = CARTESIAN_POINT('',(-6.,-6.,-1.8));
#1771 = DIRECTION('',(0.,-1.,0.));
#1772 = DIRECTION('',(1.,0.,0.));
#1773 = DEFINITIONAL_REPRESENTATION('',(#1774),#1777);
#1774 = B_SPLINE_CURVE_WITH_KNOTS('',1,(#1775,#1776),.UNSPECIFIED.,.F.,
  .F.,(2,2),(0.,6.28318530718),.PIECEWISE_BEZIER_KNOTS.);
#1775 = CARTESIAN_POINT('',(0.,0.));
#1776 = CARTESIAN_POINT('',(6.28318530718,0.));
#1777 = ( GEOMETRIC_REPRESENTATION_CONTEXT(2) 
PARAMETRIC_REPRESENTATION_CONTEXT() REPRESENTATION_CONTEXT('2D SPACE',''
  ) );
#1778 = FACE_BOUND('',#1779,.F.);
#1779 = EDGE_LOOP('',(#1780));
#1780 = ORIENTED_EDGE('',*,*,#1781,.T.);
#1781 = EDGE_CURVE('',#1782,#1782,#1784,.T.);
#1782 = VERTEX_POINT('',#1783);
#1783 = CARTESIAN_POINT('',(-2.7,-6.,-1.8));
#1784 = SURFACE_CURVE('',#1785,(#1790,#1801),.PCURVE_S1.);
#1785 = CIRCLE('',#1786,0.6);
#1786 = AXIS2_PLACEMENT_3D('',#1787,#1788,#1789);
#1787 = CARTESIAN_POINT('',(-3.3,-6.,-1.8));
#1788 = DIRECTION('',(0.,-1.,0.));
#1789 = DIRECTION('',(1.,0.,0.));
#1790 = PCURVE('',#521,#1791);
#1791 = DEFINITIONAL_REPRESENTATION('',(#1792),#1800);
#1792 = ( BOUNDED_CURVE() B_SPLINE_CURVE(2,(#1793,#1794,#1795,#1796,
#1797,#1798,#1799),.UNSPECIFIED.,.T.,.F.) B_SPLINE_CURVE_WITH_KNOTS((1,2
    ,2,2,2,1),(-2.094395102393,0.,2.094395102393,4.188790204786,
6.28318530718,8.377580409573),.UNSPECIFIED.) CURVE() 
GEOMETRIC_REPRESENTATION_ITEM() RATIONAL_B_SPLINE_CURVE((1.,0.5,1.,0.5,
1.,0.5,1.)) REPRESENTATION_ITEM('') );
#1793 = CARTESIAN_POINT('',(1.2,4.8));
#1794 = CARTESIAN_POINT('',(2.239230484541,4.8));
#1795 = CARTESIAN_POINT('',(1.719615242271,3.9));
#1796 = CARTESIAN_POINT('',(1.2,3.));
#1797 = CARTESIAN_POINT('',(0.680384757729,3.9));
#1798 = CARTESIAN_POINT('',(0.160769515459,4.8));
#1799 = CARTESIAN_POINT('',(1.2,4.8));
#1800 = ( GEOMETRIC_REPRESENTATION_CONTEXT(2) 
PARAMETRIC_REPRESENTATION_CONTEXT() REPRESENTATION_CONTEXT('2D SPACE',''
  ) );
#1801 = PCURVE('',#1802,#1807);
#1802 = CYLINDRICAL_SURFACE('',#1803,0.6);
#1803 = AXIS2_PLACEMENT_3D('',#1804,#1805,#1806);
#1804 = CARTESIAN_POINT('',(-3.3,-6.,-1.8));
#1805 = DIRECTION('',(0.,-1.,0.));
#1806 = DIRECTION('',(1.,0.,0.));
#1807 = DEFINITIONAL_REPRESENTATION('',(#1808),#1811);
#1808 = B_SPLINE_CURVE_WITH_KNOTS('',1,(#1809,#1810),.UNSPECIFIED.,.F.,
  .F.,(2,2),(0.,6.28318530718),.PIECEWISE_BEZIER_KNOTS.);
#1809 = CARTESIAN_POINT('',(0.,0.));
#1810 = CARTESIAN_POINT('',(6.28318530718,0.));
#1811 = ( GEOMETRIC_REPRESENTATION_CONTEXT(2) 
PARAMETRIC_REPRESENTATION_CONTEXT() REPRESENTATION_CONTEXT('2D SPACE',''
  ) );
#1812 = FACE_BOUND('',#1813,.F.);
#1813 = EDGE_LOOP('',(#1814));
#1814 = ORIENTED_EDGE('',*,*,#1815,.T.);
#1815 = EDGE_CURVE('',#1816,#1816,#1818,.T.);
#1816 = VERTEX_POINT('',#1817);
#1817 = CARTESIAN_POINT('',(-1.2,-6.,-1.8));
#1818 = SURFACE_CURVE('',#1819,(#1824,#1835),.PCURVE_S1.);
#1819 = CIRCLE('',#1820,0.6);
#1820 = AXIS2_PLACEMENT_3D('',#1821,#1822,#1823);
#1821 = CARTESIAN_POINT('',(-1.8,-6.,-1.8));
#1822 = DIRECTION('',(0.,-1.,0.));
#1823 = DIRECTION('',(1.,0.,0.));
#1824 = PCURVE('',#521,#1825);
#1825 = DEFINITIONAL_REPRESENTATION('',(#1826),#1834);
#1826 = ( BOUNDED_CURVE() B_SPLINE_CURVE(2,(#1827,#1828,#1829,#1830,
#1831,#1832,#1833),.UNSPECIFIED.,.T.,.F.) B_SPLINE_CURVE_WITH_KNOTS((1,2
    ,2,2,2,1),(-2.094395102393,0.,2.094395102393,4.188790204786,
6.28318530718,8.377580409573),.UNSPECIFIED.) CURVE() 
GEOMETRIC_REPRESENTATION_ITEM() RATIONAL_B_SPLINE_CURVE((1.,0.5,1.,0.5,
1.,0.5,1.)) REPRESENTATION_ITEM('') );
#1827 = CARTESIAN_POINT('',(1.2,6.3));
#1828 = CARTESIAN_POINT('',(2.239230484541,6.3));
#1829 = CARTESIAN_POINT('',(1.719615242271,5.4));
#1830 = CARTESIAN_POINT('',(1.2,4.5));
#1831 = CARTESIAN_POINT('',(0.680384757729,5.4));
#1832 = CARTESIAN_POINT('',(0.160769515459,6.3));
#1833 = CARTESIAN_POINT('',(1.2,6.3));
#1834 = ( GEOMETRIC_REPRESENTATION_CONTEXT(2) 
PARAMETRIC_REPRESENTATION_CONTEXT() REPRESENTATION_CONTEXT('2D SPACE',''
  ) );
#1835 = PCURVE('',#1836,#1841);
#1836 = CYLINDRICAL_SURFACE('',#1837,0.6);
#1837 = AXIS2_PLACEMENT_3D('',#1838,#1839,#1840);
#1838 = CARTESIAN_POINT('',(-1.8,-6.,-1.8));
#1839 = DIRECTION('',(0.,-1.,0.));
#1840 = DIRECTION('',(1.,0.,0.));
#1841 = DEFINITIONAL_REPRESENTATION('',(#1842),#1845);
#1842 = B_SPLINE_CURVE_WITH_KNOTS('',1,(#1843,#1844),.UNSPECIFIED.,.F.,
  .F.,(2,2),(0.,6.28318530718),.PIECEWISE_BEZIER_KNOTS.);
#1843 = CARTESIAN_POINT('',(0.,0.));
#1844 = CARTESIAN_POINT('',(6.28318530718,0.));
#1845 = ( GEOMETRIC_REPRESENTATION_CONTEXT(2) 
PARAMETRIC_REPRESENTATION_CONTEXT() REPRESENTATION_CONTEXT('2D SPACE',''
  ) );
#1846 = FACE_BOUND('',#1847,.F.);
#1847 = EDGE_LOOP('',(#1848));
#1848 = ORIENTED_EDGE('',*,*,#1849,.T.);
#1849 = EDGE_CURVE('',#1850,#1850,#1852,.T.);
#1850 = VERTEX_POINT('',#1851);
#1851 = CARTESIAN_POINT('',(0.3,-6.,-1.8));
#1852 = SURFACE_CURVE('',#1853,(#1858,#1869),.PCURVE_S1.);
#1853 = CIRCLE('',#1854,0.6);
#1854 = AXIS2_PLACEMENT_3D('',#1855,#1856,#1857);
#1855 = CARTESIAN_POINT('',(-0.3,-6.,-1.8));
#1856 = DIRECTION('',(0.,-1.,0.));
#1857 = DIRECTION('',(1.,0.,0.));
#1858 = PCURVE('',#521,#1859);
#1859 = DEFINITIONAL_REPRESENTATION('',(#1860),#1868);
#1860 = ( BOUNDED_CURVE() B_SPLINE_CURVE(2,(#1861,#1862,#1863,#1864,
#1865,#1866,#1867),.UNSPECIFIED.,.T.,.F.) B_SPLINE_CURVE_WITH_KNOTS((1,2
    ,2,2,2,1),(-2.094395102393,0.,2.094395102393,4.188790204786,
6.28318530718,8.377580409573),.UNSPECIFIED.) CURVE() 
GEOMETRIC_REPRESENTATION_ITEM() RATIONAL_B_SPLINE_CURVE((1.,0.5,1.,0.5,
1.,0.5,1.)) REPRESENTATION_ITEM('') );
#1861 = CARTESIAN_POINT('',(1.2,7.8));
#1862 = CARTESIAN_POINT('',(2.239230484541,7.8));
#1863 = CARTESIAN_POINT('',(1.719615242271,6.9));
#1864 = CARTESIAN_POINT('',(1.2,6.));
#1865 = CARTESIAN_POINT('',(0.680384757729,6.9));
#1866 = CARTESIAN_POINT('',(0.160769515459,7.8));
#1867 = CARTESIAN_POINT('',(1.2,7.8));
#1868 = ( GEOMETRIC_REPRESENTATION_CONTEXT(2) 
PARAMETRIC_REPRESENTATION_CONTEXT() REPRESENTATION_CONTEXT('2D SPACE',''
  ) );
#1869 = PCURVE('',#1870,#1875);
#1870 = CYLINDRICAL_SURFACE('',#1871,0.6);
#1871 = AXIS2_PLACEMENT_3D('',#1872,#1873,#1874);
#1872 = CARTESIAN_POINT('',(-0.3,-6.,-1.8));
#1873 = DIRECTION('',(0.,-1.,0.));
#1874 = DIRECTION('',(1.,0.,0.));
#1875 = DEFINITIONAL_REPRESENTATION('',(#1876),#1879);
#1876 = B_SPLINE_CURVE_WITH_KNOTS('',1,(#1877,#1878),.UNSPECIFIED.,.F.,
  .F.,(2,2),(0.,6.28318530718),.PIECEWISE_BEZIER_KNOTS.);
#1877 = CARTESIAN_POINT('',(0.,0.));
#1878 = CARTESIAN_POINT('',(6.28318530718,0.));
#1879 = ( GEOMETRIC_REPRESENTATION_CONTEXT(2) 
PARAMETRIC_REPRESENTATION_CONTEXT() REPRESENTATION_CONTEXT('2D SPACE',''
  ) );
#1880 = FACE_BOUND('',#1881,.F.);
#1881 = EDGE_LOOP('',(#1882));
#1882 = ORIENTED_EDGE('',*,*,#1883,.T.);
#1883 = EDGE_CURVE('',#1884,#1884,#1886,.T.);
#1884 = VERTEX_POINT('',#1885);
#1885 = CARTESIAN_POINT('',(1.75,-6.,-1.8));
#1886 = SURFACE_CURVE('',#1887,(#1892,#1903),.PCURVE_S1.);
#1887 = CIRCLE('',#1888,0.25);
#1888 = AXIS2_PLACEMENT_3D('',#1889,#1890,#1891);
#1889 = CARTESIAN_POINT('',(1.5,-6.,-1.8));
#1890 = DIRECTION('',(0.,-1.,0.));
#1891 = DIRECTION('',(1.,0.,0.));
#1892 = PCURVE('',#521,#1893);
#1893 = DEFINITIONAL_REPRESENTATION('',(#1894),#1902);
#1894 = ( BOUNDED_CURVE() B_SPLINE_CURVE(2,(#1895,#1896,#1897,#1898,
#1899,#1900,#1901),.UNSPECIFIED.,.T.,.F.) B_SPLINE_CURVE_WITH_KNOTS((1,2
    ,2,2,2,1),(-2.094395102393,0.,2.094395102393,4.188790204786,
6.28318530718,8.377580409573),.UNSPECIFIED.) CURVE() 
GEOMETRIC_REPRESENTATION_ITEM() RATIONAL_B_SPLINE_CURVE((1.,0.5,1.,0.5,
1.,0.5,1.)) REPRESENTATION_ITEM('') );
#1895 = CARTESIAN_POINT('',(1.2,9.25));
#1896 = CARTESIAN_POINT('',(1.633012701892,9.25));
#1897 = CARTESIAN_POINT('',(1.416506350946,8.875));
#1898 = CARTESIAN_POINT('',(1.2,8.5));
#1899 = CARTESIAN_POINT('',(0.983493649054,8.875));
#1900 = CARTESIAN_POINT('',(0.766987298108,9.25));
#1901 = CARTESIAN_POINT('',(1.2,9.25));
#1902 = ( GEOMETRIC_REPRESENTATION_CONTEXT(2) 
PARAMETRIC_REPRESENTATION_CONTEXT() REPRESENTATION_CONTEXT('2D SPACE',''
  ) );
#1903 = PCURVE('',#1904,#1909);
#1904 = CYLINDRICAL_SURFACE('',#1905,0.25);
#1905 = AXIS2_PLACEMENT_3D('',#1906,#1907,#1908);
#1906 = CARTESIAN_POINT('',(1.5,-6.,-1.8));
#1907 = DIRECTION('',(0.,-1.,0.));
#1908 = DIRECTION('',(1.,0.,0.));
#1909 = DEFINITIONAL_REPRESENTATION('',(#1910),#1913);
#1910 = B_SPLINE_CURVE_WITH_KNOTS('',1,(#1911,#1912),.UNSPECIFIED.,.F.,
  .F.,(2,2),(0.,6.28318530718),.PIECEWISE_BEZIER_KNOTS.);
#1911 = CARTESIAN_POINT('',(0.,0.));
#1912 = CARTESIAN_POINT('',(6.28318530718,0.));
#1913 = ( GEOMETRIC_REPRESENTATION_CONTEXT(2) 
PARAMETRIC_REPRESENTATION_CONTEXT() REPRESENTATION_CONTEXT('2D SPACE',''
  ) );
#1914 = FACE_BOUND('',#1915,.F.);
#1915 = EDGE_LOOP('',(#1916));
#1916 = ORIENTED_EDGE('',*,*,#1917,.T.);
#1917 = EDGE_CURVE('',#1918,#1918,#1920,.T.);
#1918 = VERTEX_POINT('',#1919);
#1919 = CARTESIAN_POINT('',(2.95,-6.,-1.8));
#1920 = SURFACE_CURVE('',#1921,(#1926,#1937),.PCURVE_S1.);
#1921 = CIRCLE('',#1922,0.25);
#1922 = AXIS2_PLACEMENT_3D('',#1923,#1924,#1925);
#1923 = CARTESIAN_POINT('',(2.7,-6.,-1.8));
#1924 = DIRECTION('',(0.,-1.,0.));
#1925 = DIRECTION('',(1.,0.,0.));
#1926 = PCURVE('',#521,#1927);
#1927 = DEFINITIONAL_REPRESENTATION('',(#1928),#1936);
#1928 = ( BOUNDED_CURVE() B_SPLINE_CURVE(2,(#1929,#1930,#1931,#1932,
#1933,#1934,#1935),.UNSPECIFIED.,.T.,.F.) B_SPLINE_CURVE_WITH_KNOTS((1,2
    ,2,2,2,1),(-2.094395102393,0.,2.094395102393,4.188790204786,
6.28318530718,8.377580409573),.UNSPECIFIED.) CURVE() 
GEOMETRIC_REPRESENTATION_ITEM() RATIONAL_B_SPLINE_CURVE((1.,0.5,1.,0.5,
1.,0.5,1.)) REPRESENTATION_ITEM('') );
#1929 = CARTESIAN_POINT('',(1.2,10.45));
#1930 = CARTESIAN_POINT('',(1.633012701892,10.45));
#1931 = CARTESIAN_POINT('',(1.416506350946,10.075));
#1932 = CARTESIAN_POINT('',(1.2,9.7));
#1933 = CARTESIAN_POINT('',(0.983493649054,10.075));
#1934 = CARTESIAN_POINT('',(0.766987298108,10.45));
#1935 = CARTESIAN_POINT('',(1.2,10.45));
#1936 = ( GEOMETRIC_REPRESENTATION_CONTEXT(2) 
PARAMETRIC_REPRESENTATION_CONTEXT() REPRESENTATION_CONTEXT('2D SPACE',''
  ) );
#1937 = PCURVE('',#1938,#1943);
#1938 = CYLINDRICAL_SURFACE('',#1939,0.25);
#1939 = AXIS2_PLACEMENT_3D('',#1940,#1941,#1942);
#1940 = CARTESIAN_POINT('',(2.7,-6.,-1.8));
#1941 = DIRECTION('',(0.,-1.,0.));
#1942 = DIRECTION('',(1.,0.,0.));
#1943 = DEFINITIONAL_REPRESENTATION('',(#1944),#1947);
#1944 = B_SPLINE_CURVE_WITH_KNOTS('',1,(#1945,#1946),.UNSPECIFIED.,.F.,
  .F.,(2,2),(0.,6.28318530718),.PIECEWISE_BEZIER_KNOTS.);
#1945 = CARTESIAN_POINT('',(0.,0.));
#1946 = CARTESIAN_POINT('',(6.28318530718,0.));
#1947 = ( GEOMETRIC_REPRESENTATION_CONTEXT(2) 
PARAMETRIC_REPRESENTATION_CONTEXT() REPRESENTATION_CONTEXT('2D SPACE',''
  ) );
#1948 = FACE_BOUND('',#1949,.F.);
#1949 = EDGE_LOOP('',(#1950));
#1950 = ORIENTED_EDGE('',*,*,#1951,.T.);
#1951 = EDGE_CURVE('',#1952,#1952,#1954,.T.);
#1952 = VERTEX_POINT('',#1953);
#1953 = CARTESIAN_POINT('',(6.1,-6.,-1.8));
#1954 = SURFACE_CURVE('',#1955,(#1960,#1971),.PCURVE_S1.);
#1955 = CIRCLE('',#1956,0.6);
#1956 = AXIS2_PLACEMENT_3D('',#1957,#1958,#1959);
#1957 = CARTESIAN_POINT('',(5.5,-6.,-1.8));
#1958 = DIRECTION('',(0.,-1.,0.));
#1959 = DIRECTION('',(1.,0.,0.));
#1960 = PCURVE('',#521,#1961);
#1961 = DEFINITIONAL_REPRESENTATION('',(#1962),#1970);
#1962 = ( BOUNDED_CURVE() B_SPLINE_CURVE(2,(#1963,#1964,#1965,#1966,
#1967,#1968,#1969),.UNSPECIFIED.,.T.,.F.) B_SPLINE_CURVE_WITH_KNOTS((1,2
    ,2,2,2,1),(-2.094395102393,0.,2.094395102393,4.188790204786,
6.28318530718,8.377580409573),.UNSPECIFIED.) CURVE() 
GEOMETRIC_REPRESENTATION_ITEM() RATIONAL_B_SPLINE_CURVE((1.,0.5,1.,0.5,
1.,0.5,1.)) REPRESENTATION_ITEM('') );
#1963 = CARTESIAN_POINT('',(1.2,13.6));
#1964 = CARTESIAN_POINT('',(2.239230484541,13.6));
#1965 = CARTESIAN_POINT('',(1.719615242271,12.7));
#1966 = CARTESIAN_POINT('',(1.2,11.8));
#1967 = CARTESIAN_POINT('',(0.680384757729,12.7));
#1968 = CARTESIAN_POINT('',(0.160769515459,13.6));
#1969 = CARTESIAN_POINT('',(1.2,13.6));
#1970 = ( GEOMETRIC_REPRESENTATION_CONTEXT(2) 
PARAMETRIC_REPRESENTATION_CONTEXT() REPRESENTATION_CONTEXT('2D SPACE',''
  ) );
#1971 = PCURVE('',#1972,#1977);
#1972 = CYLINDRICAL_SURFACE('',#1973,0.6);
#1973 = AXIS2_PLACEMENT_3D('',#1974,#1975,#1976);
#1974 = CARTESIAN_POINT('',(5.5,-6.,-1.8));
#1975 = DIRECTION('',(0.,-1.,0.));
#1976 = DIRECTION('',(1.,0.,0.));
#1977 = DEFINITIONAL_REPRESENTATION('',(#1978),#1981);
#1978 = B_SPLINE_CURVE_WITH_KNOTS('',1,(#1979,#1980),.UNSPECIFIED.,.F.,
  .F.,(2,2),(0.,6.28318530718),.PIECEWISE_BEZIER_KNOTS.);
#1979 = CARTESIAN_POINT('',(0.,0.));
#1980 = CARTESIAN_POINT('',(6.28318530718,0.));
#1981 = ( GEOMETRIC_REPRESENTATION_CONTEXT(2) 
PARAMETRIC_REPRESENTATION_CONTEXT() REPRESENTATION_CONTEXT('2D SPACE',''
  ) );
#1982 = FACE_BOUND('',#1983,.F.);
#1983 = EDGE_LOOP('',(#1984,#2014,#2042,#2070));
#1984 = ORIENTED_EDGE('',*,*,#1985,.T.);
#1985 = EDGE_CURVE('',#1986,#1988,#1990,.T.);
#1986 = VERTEX_POINT('',#1987);
#1987 = CARTESIAN_POINT('',(-4.,-6.,2.3));
#1988 = VERTEX_POINT('',#1989);
#1989 = CARTESIAN_POINT('',(-4.,-6.,-0.7));
#1990 = SURFACE_CURVE('',#1991,(#1995,#2002),.PCURVE_S1.);
#1991 = LINE('',#1992,#1993);
#1992 = CARTESIAN_POINT('',(-4.,-6.,2.3));
#1993 = VECTOR('',#1994,1.);
#1994 = DIRECTION('',(0.,-0.,-1.));
#1995 = PCURVE('',#521,#1996);
#1996 = DEFINITIONAL_REPRESENTATION('',(#1997),#2001);
#1997 = LINE('',#1998,#1999);
#1998 = CARTESIAN_POINT('',(5.3,3.5));
#1999 = VECTOR('',#2000,1.);
#2000 = DIRECTION('',(-1.,0.));
#2001 = ( GEOMETRIC_REPRESENTATION_CONTEXT(2) 
PARAMETRIC_REPRESENTATION_CONTEXT() REPRESENTATION_CONTEXT('2D SPACE',''
  ) );
#2002 = PCURVE('',#2003,#2008);
#2003 = PLANE('',#2004);
#2004 = AXIS2_PLACEMENT_3D('',#2005,#2006,#2007);
#2005 = CARTESIAN_POINT('',(-4.,-6.,2.3));
#2006 = DIRECTION('',(-1.,0.,-0.));
#2007 = DIRECTION('',(0.,0.,-1.));
#2008 = DEFINITIONAL_REPRESENTATION('',(#2009),#2013);
#2009 = LINE('',#2010,#2011);
#2010 = CARTESIAN_POINT('',(0.,0.));
#2011 = VECTOR('',#2012,1.);
#2012 = DIRECTION('',(1.,0.));
#2013 = ( GEOMETRIC_REPRESENTATION_CONTEXT(2) 
PARAMETRIC_REPRESENTATION_CONTEXT() REPRESENTATION_CONTEXT('2D SPACE',''
  ) );
#2014 = ORIENTED_EDGE('',*,*,#2015,.T.);
#2015 = EDGE_CURVE('',#1988,#2016,#2018,.T.);
#2016 = VERTEX_POINT('',#2017);
#2017 = CARTESIAN_POINT('',(4.,-6.,-0.7));
#2018 = SURFACE_CURVE('',#2019,(#2023,#2030),.PCURVE_S1.);
#2019 = LINE('',#2020,#2021);
#2020 = CARTESIAN_POINT('',(-4.,-6.,-0.7));
#2021 = VECTOR('',#2022,1.);
#2022 = DIRECTION('',(1.,0.,0.));
#2023 = PCURVE('',#521,#2024);
#2024 = DEFINITIONAL_REPRESENTATION('',(#2025),#2029);
#2025 = LINE('',#2026,#2027);
#2026 = CARTESIAN_POINT('',(2.3,3.5));
#2027 = VECTOR('',#2028,1.);
#2028 = DIRECTION('',(0.,1.));
#2029 = ( GEOMETRIC_REPRESENTATION_CONTEXT(2) 
PARAMETRIC_REPRESENTATION_CONTEXT() REPRESENTATION_CONTEXT('2D SPACE',''
  ) );
#2030 = PCURVE('',#2031,#2036);
#2031 = PLANE('',#2032);
#2032 = AXIS2_PLACEMENT_3D('',#2033,#2034,#2035);
#2033 = CARTESIAN_POINT('',(-4.,-6.,-0.7));
#2034 = DIRECTION('',(0.,0.,-1.));
#2035 = DIRECTION('',(1.,0.,0.));
#2036 = DEFINITIONAL_REPRESENTATION('',(#2037),#2041);
#2037 = LINE('',#2038,#2039);
#2038 = CARTESIAN_POINT('',(0.,0.));
#2039 = VECTOR('',#2040,1.);
#2040 = DIRECTION('',(1.,0.));
#2041 = ( GEOMETRIC_REPRESENTATION_CONTEXT(2) 
PARAMETRIC_REPRESENTATION_CONTEXT() REPRESENTATION_CONTEXT('2D SPACE',''
  ) );
#2042 = ORIENTED_EDGE('',*,*,#2043,.T.);
#2043 = EDGE_CURVE('',#2016,#2044,#2046,.T.);
#2044 = VERTEX_POINT('',#2045);
#2045 = CARTESIAN_POINT('',(4.,-6.,2.3));
#2046 = SURFACE_CURVE('',#2047,(#2051,#2058),.PCURVE_S1.);
#2047 = LINE('',#2048,#2049);
#2048 = CARTESIAN_POINT('',(4.,-6.,-0.7));
#2049 = VECTOR('',#2050,1.);
#2050 = DIRECTION('',(0.,0.,1.));
#2051 = PCURVE('',#521,#2052);
#2052 = DEFINITIONAL_REPRESENTATION('',(#2053),#2057);
#2053 = LINE('',#2054,#2055);
#2054 = CARTESIAN_POINT('',(2.3,11.5));
#2055 = VECTOR('',#2056,1.);
#2056 = DIRECTION('',(1.,0.));
#2057 = ( GEOMETRIC_REPRESENTATION_CONTEXT(2) 
PARAMETRIC_REPRESENTATION_CONTEXT() REPRESENTATION_CONTEXT('2D SPACE',''
  ) );
#2058 = PCURVE('',#2059,#2064);
#2059 = PLANE('',#2060);
#2060 = AXIS2_PLACEMENT_3D('',#2061,#2062,#2063);
#2061 = CARTESIAN_POINT('',(4.,-6.,-0.7));
#2062 = DIRECTION('',(1.,0.,0.));
#2063 = DIRECTION('',(0.,0.,1.));
#2064 = DEFINITIONAL_REPRESENTATION('',(#2065),#2069);
#2065 = LINE('',#2066,#2067);
#2066 = CARTESIAN_POINT('',(0.,0.));
#2067 = VECTOR('',#2068,1.);
#2068 = DIRECTION('',(1.,0.));
#2069 = ( GEOMETRIC_REPRESENTATION_CONTEXT(2) 
PARAMETRIC_REPRESENTATION_CONTEXT() REPRESENTATION_CONTEXT('2D SPACE',''
  ) );
#2070 = ORIENTED_EDGE('',*,*,#2071,.T.);
#2071 = EDGE_CURVE('',#2044,#1986,#2072,.T.);
#2072 = SURFACE_CURVE('',#2073,(#2077,#2084),.PCURVE_S1.);
#2073 = LINE('',#2074,#2075);
#2074 = CARTESIAN_POINT('',(4.,-6.,2.3));
#2075 = VECTOR('',#2076,1.);
#2076 = DIRECTION('',(-1.,0.,0.));
#2077 = PCURVE('',#521,#2078);
#2078 = DEFINITIONAL_REPRESENTATION('',(#2079),#2083);
#2079 = LINE('',#2080,#2081);
#2080 = CARTESIAN_POINT('',(5.3,11.5));
#2081 = VECTOR('',#2082,1.);
#2082 = DIRECTION('',(0.,-1.));
#2083 = ( GEOMETRIC_REPRESENTATION_CONTEXT(2) 
PARAMETRIC_REPRESENTATION_CONTEXT() REPRESENTATION_CONTEXT('2D SPACE',''
  ) );
#2084 = PCURVE('',#2085,#2090);
#2085 = PLANE('',#2086);
#2086 = AXIS2_PLACEMENT_3D('',#2087,#2088,#2089);
#2087 = CARTESIAN_POINT('',(4.,-6.,2.3));
#2088 = DIRECTION('',(0.,-0.,1.));
#2089 = DIRECTION('',(-1.,0.,0.));
#2090 = DEFINITIONAL_REPRESENTATION('',(#2091),#2095);
#2091 = LINE('',#2092,#2093);
#2092 = CARTESIAN_POINT('',(0.,0.));
#2093 = VECTOR('',#2094,1.);
#2094 = DIRECTION('',(1.,0.));
#2095 = ( GEOMETRIC_REPRESENTATION_CONTEXT(2) 
PARAMETRIC_REPRESENTATION_CONTEXT() REPRESENTATION_CONTEXT('2D SPACE',''
  ) );
#2096 = ADVANCED_FACE('',(#2097),#554,.T.);
#2097 = FACE_BOUND('',#2098,.F.);
#2098 = EDGE_LOOP('',(#2099,#2100,#2101,#2102));
#2099 = ORIENTED_EDGE('',*,*,#1036,.T.);
#2100 = ORIENTED_EDGE('',*,*,#1725,.T.);
#2101 = ORIENTED_EDGE('',*,*,#533,.F.);
#2102 = ORIENTED_EDGE('',*,*,#2103,.F.);
#2103 = EDGE_CURVE('',#1037,#534,#2104,.T.);
#2104 = SURFACE_CURVE('',#2105,(#2109,#2115),.PCURVE_S1.);
#2105 = LINE('',#2106,#2107);
#2106 = CARTESIAN_POINT('',(7.5,-5.4,-3.));
#2107 = VECTOR('',#2108,1.);
#2108 = DIRECTION('',(0.,0.,1.));
#2109 = PCURVE('',#554,#2110);
#2110 = DEFINITIONAL_REPRESENTATION('',(#2111),#2114);
#2111 = B_SPLINE_CURVE_WITH_KNOTS('',1,(#2112,#2113),.UNSPECIFIED.,.F.,
  .F.,(2,2),(0.,6.),.PIECEWISE_BEZIER_KNOTS.);
#2112 = CARTESIAN_POINT('',(0.,0.));
#2113 = CARTESIAN_POINT('',(0.,6.));
#2114 = ( GEOMETRIC_REPRESENTATION_CONTEXT(2) 
PARAMETRIC_REPRESENTATION_CONTEXT() REPRESENTATION_CONTEXT('2D SPACE',''
  ) );
#2115 = PCURVE('',#581,#2116);
#2116 = DEFINITIONAL_REPRESENTATION('',(#2117),#2121);
#2117 = LINE('',#2118,#2119);
#2118 = CARTESIAN_POINT('',(0.,-0.6));
#2119 = VECTOR('',#2120,1.);
#2120 = DIRECTION('',(1.,0.));
#2121 = ( GEOMETRIC_REPRESENTATION_CONTEXT(2) 
PARAMETRIC_REPRESENTATION_CONTEXT() REPRESENTATION_CONTEXT('2D SPACE',''
  ) );
#2122 = ADVANCED_FACE('',(#2123,#2148,#2270,#2392,#2422,#2544),#581,.T.
  );
#2123 = FACE_BOUND('',#2124,.T.);
#2124 = EDGE_LOOP('',(#2125,#2126,#2127,#2128));
#2125 = ORIENTED_EDGE('',*,*,#565,.F.);
#2126 = ORIENTED_EDGE('',*,*,#2103,.F.);
#2127 = ORIENTED_EDGE('',*,*,#1063,.T.);
#2128 = ORIENTED_EDGE('',*,*,#2129,.T.);
#2129 = EDGE_CURVE('',#1064,#566,#2130,.T.);
#2130 = SURFACE_CURVE('',#2131,(#2135,#2142),.PCURVE_S1.);
#2131 = LINE('',#2132,#2133);
#2132 = CARTESIAN_POINT('',(7.5,5.4,-3.));
#2133 = VECTOR('',#2134,1.);
#2134 = DIRECTION('',(0.,0.,1.));
#2135 = PCURVE('',#581,#2136);
#2136 = DEFINITIONAL_REPRESENTATION('',(#2137),#2141);
#2137 = LINE('',#2138,#2139);
#2138 = CARTESIAN_POINT('',(0.,-11.4));
#2139 = VECTOR('',#2140,1.);
#2140 = DIRECTION('',(1.,0.));
#2141 = ( GEOMETRIC_REPRESENTATION_CONTEXT(2) 
PARAMETRIC_REPRESENTATION_CONTEXT() REPRESENTATION_CONTEXT('2D SPACE',''
  ) );
#2142 = PCURVE('',#610,#2143);
#2143 = DEFINITIONAL_REPRESENTATION('',(#2144),#2147);
#2144 = B_SPLINE_CURVE_WITH_KNOTS('',1,(#2145,#2146),.UNSPECIFIED.,.F.,
  .F.,(2,2),(0.,6.),.PIECEWISE_BEZIER_KNOTS.);
#2145 = CARTESIAN_POINT('',(0.,0.));
#2146 = CARTESIAN_POINT('',(0.,6.));
#2147 = ( GEOMETRIC_REPRESENTATION_CONTEXT(2) 
PARAMETRIC_REPRESENTATION_CONTEXT() REPRESENTATION_CONTEXT('2D SPACE',''
  ) );
#2148 = FACE_BOUND('',#2149,.T.);
#2149 = EDGE_LOOP('',(#2150,#2184,#2212,#2244));
#2150 = ORIENTED_EDGE('',*,*,#2151,.T.);
#2151 = EDGE_CURVE('',#2152,#2154,#2156,.T.);
#2152 = VERTEX_POINT('',#2153);
#2153 = CARTESIAN_POINT('',(7.5,3.625,0.825));
#2154 = VERTEX_POINT('',#2155);
#2155 = CARTESIAN_POINT('',(7.5,3.375,0.825));
#2156 = SURFACE_CURVE('',#2157,(#2162,#2173),.PCURVE_S1.);
#2157 = CIRCLE('',#2158,0.125);
#2158 = AXIS2_PLACEMENT_3D('',#2159,#2160,#2161);
#2159 = CARTESIAN_POINT('',(7.5,3.5,0.825));
#2160 = DIRECTION('',(-1.,0.,0.));
#2161 = DIRECTION('',(0.,1.,-1.110223024625E-16));
#2162 = PCURVE('',#581,#2163);
#2163 = DEFINITIONAL_REPRESENTATION('',(#2164),#2172);
#2164 = ( BOUNDED_CURVE() B_SPLINE_CURVE(2,(#2165,#2166,#2167,#2168,
#2169,#2170,#2171),.UNSPECIFIED.,.T.,.F.) B_SPLINE_CURVE_WITH_KNOTS((1,2
    ,2,2,2,1),(-2.094395102393,0.,2.094395102393,4.188790204786,
6.28318530718,8.377580409573),.UNSPECIFIED.) CURVE() 
GEOMETRIC_REPRESENTATION_ITEM() RATIONAL_B_SPLINE_CURVE((1.,0.5,1.,0.5,
1.,0.5,1.)) REPRESENTATION_ITEM('') );
#2165 = CARTESIAN_POINT('',(3.825,-9.625));
#2166 = CARTESIAN_POINT('',(3.608493649054,-9.625));
#2167 = CARTESIAN_POINT('',(3.716746824527,-9.4375));
#2168 = CARTESIAN_POINT('',(3.825,-9.25));
#2169 = CARTESIAN_POINT('',(3.933253175473,-9.4375));
#2170 = CARTESIAN_POINT('',(4.041506350946,-9.625));
#2171 = CARTESIAN_POINT('',(3.825,-9.625));
#2172 = ( GEOMETRIC_REPRESENTATION_CONTEXT(2) 
PARAMETRIC_REPRESENTATION_CONTEXT() REPRESENTATION_CONTEXT('2D SPACE',''
  ) );
#2173 = PCURVE('',#2174,#2179);
#2174 = CYLINDRICAL_SURFACE('',#2175,0.125);
#2175 = AXIS2_PLACEMENT_3D('',#2176,#2177,#2178);
#2176 = CARTESIAN_POINT('',(7.5,3.5,0.825));
#2177 = DIRECTION('',(1.,-0.,-0.));
#2178 = DIRECTION('',(0.,1.,-1.110223024625E-16));
#2179 = DEFINITIONAL_REPRESENTATION('',(#2180),#2183);
#2180 = B_SPLINE_CURVE_WITH_KNOTS('',1,(#2181,#2182),.UNSPECIFIED.,.F.,
  .F.,(2,2),(0.,3.14159265359),.PIECEWISE_BEZIER_KNOTS.);
#2181 = CARTESIAN_POINT('',(0.,0.));
#2182 = CARTESIAN_POINT('',(-3.14159265359,0.));
#2183 = ( GEOMETRIC_REPRESENTATION_CONTEXT(2) 
PARAMETRIC_REPRESENTATION_CONTEXT() REPRESENTATION_CONTEXT('2D SPACE',''
  ) );
#2184 = ORIENTED_EDGE('',*,*,#2185,.T.);
#2185 = EDGE_CURVE('',#2154,#2186,#2188,.T.);
#2186 = VERTEX_POINT('',#2187);
#2187 = CARTESIAN_POINT('',(7.5,3.375,2.775));
#2188 = SURFACE_CURVE('',#2189,(#2193,#2200),.PCURVE_S1.);
#2189 = LINE('',#2190,#2191);
#2190 = CARTESIAN_POINT('',(7.5,3.375,0.825));
#2191 = VECTOR('',#2192,1.);
#2192 = DIRECTION('',(0.,1.110223024625E-16,1.));
#2193 = PCURVE('',#581,#2194);
#2194 = DEFINITIONAL_REPRESENTATION('',(#2195),#2199);
#2195 = LINE('',#2196,#2197);
#2196 = CARTESIAN_POINT('',(3.825,-9.375));
#2197 = VECTOR('',#2198,1.);
#2198 = DIRECTION('',(1.,-1.110223024625E-16));
#2199 = ( GEOMETRIC_REPRESENTATION_CONTEXT(2) 
PARAMETRIC_REPRESENTATION_CONTEXT() REPRESENTATION_CONTEXT('2D SPACE',''
  ) );
#2200 = PCURVE('',#2201,#2206);
#2201 = PLANE('',#2202);
#2202 = AXIS2_PLACEMENT_3D('',#2203,#2204,#2205);
#2203 = CARTESIAN_POINT('',(7.5,3.375,0.825));
#2204 = DIRECTION('',(-0.,1.,-1.110223024625E-16));
#2205 = DIRECTION('',(0.,1.110223024625E-16,1.));
#2206 = DEFINITIONAL_REPRESENTATION('',(#2207),#2211);
#2207 = LINE('',#2208,#2209);
#2208 = CARTESIAN_POINT('',(0.,0.));
#2209 = VECTOR('',#2210,1.);
#2210 = DIRECTION('',(1.,0.));
#2211 = ( GEOMETRIC_REPRESENTATION_CONTEXT(2) 
PARAMETRIC_REPRESENTATION_CONTEXT() REPRESENTATION_CONTEXT('2D SPACE',''
  ) );
#2212 = ORIENTED_EDGE('',*,*,#2213,.T.);
#2213 = EDGE_CURVE('',#2186,#2214,#2216,.T.);
#2214 = VERTEX_POINT('',#2215);
#2215 = CARTESIAN_POINT('',(7.5,3.625,2.775));
#2216 = SURFACE_CURVE('',#2217,(#2222,#2233),.PCURVE_S1.);
#2217 = CIRCLE('',#2218,0.125);
#2218 = AXIS2_PLACEMENT_3D('',#2219,#2220,#2221);
#2219 = CARTESIAN_POINT('',(7.5,3.5,2.775));
#2220 = DIRECTION('',(-1.,0.,0.));
#2221 = DIRECTION('',(0.,-1.,1.110223024625E-16));
#2222 = PCURVE('',#581,#2223);
#2223 = DEFINITIONAL_REPRESENTATION('',(#2224),#2232);
#2224 = ( BOUNDED_CURVE() B_SPLINE_CURVE(2,(#2225,#2226,#2227,#2228,
#2229,#2230,#2231),.UNSPECIFIED.,.T.,.F.) B_SPLINE_CURVE_WITH_KNOTS((1,2
    ,2,2,2,1),(-2.094395102393,0.,2.094395102393,4.188790204786,
6.28318530718,8.377580409573),.UNSPECIFIED.) CURVE() 
GEOMETRIC_REPRESENTATION_ITEM() RATIONAL_B_SPLINE_CURVE((1.,0.5,1.,0.5,
1.,0.5,1.)) REPRESENTATION_ITEM('') );
#2225 = CARTESIAN_POINT('',(5.775,-9.375));
#2226 = CARTESIAN_POINT('',(5.991506350946,-9.375));
#2227 = CARTESIAN_POINT('',(5.883253175473,-9.5625));
#2228 = CARTESIAN_POINT('',(5.775,-9.75));
#2229 = CARTESIAN_POINT('',(5.666746824527,-9.5625));
#2230 = CARTESIAN_POINT('',(5.558493649054,-9.375));
#2231 = CARTESIAN_POINT('',(5.775,-9.375));
#2232 = ( GEOMETRIC_REPRESENTATION_CONTEXT(2) 
PARAMETRIC_REPRESENTATION_CONTEXT() REPRESENTATION_CONTEXT('2D SPACE',''
  ) );
#2233 = PCURVE('',#2234,#2239);
#2234 = CYLINDRICAL_SURFACE('',#2235,0.125);
#2235 = AXIS2_PLACEMENT_3D('',#2236,#2237,#2238);
#2236 = CARTESIAN_POINT('',(7.5,3.5,2.775));
#2237 = DIRECTION('',(1.,-0.,-0.));
#2238 = DIRECTION('',(0.,-1.,1.110223024625E-16));
#2239 = DEFINITIONAL_REPRESENTATION('',(#2240),#2243);
#2240 = B_SPLINE_CURVE_WITH_KNOTS('',1,(#2241,#2242),.UNSPECIFIED.,.F.,
  .F.,(2,2),(0.,3.14159265359),.PIECEWISE_BEZIER_KNOTS.);
#2241 = CARTESIAN_POINT('',(0.,0.));
#2242 = CARTESIAN_POINT('',(-3.14159265359,0.));
#2243 = ( GEOMETRIC_REPRESENTATION_CONTEXT(2) 
PARAMETRIC_REPRESENTATION_CONTEXT() REPRESENTATION_CONTEXT('2D SPACE',''
  ) );
#2244 = ORIENTED_EDGE('',*,*,#2245,.T.);
#2245 = EDGE_CURVE('',#2214,#2152,#2246,.T.);
#2246 = SURFACE_CURVE('',#2247,(#2251,#2258),.PCURVE_S1.);
#2247 = LINE('',#2248,#2249);
#2248 = CARTESIAN_POINT('',(7.5,3.625,2.775));
#2249 = VECTOR('',#2250,1.);
#2250 = DIRECTION('',(0.,-1.110223024625E-16,-1.));
#2251 = PCURVE('',#581,#2252);
#2252 = DEFINITIONAL_REPRESENTATION('',(#2253),#2257);
#2253 = LINE('',#2254,#2255);
#2254 = CARTESIAN_POINT('',(5.775,-9.625));
#2255 = VECTOR('',#2256,1.);
#2256 = DIRECTION('',(-1.,1.110223024625E-16));
#2257 = ( GEOMETRIC_REPRESENTATION_CONTEXT(2) 
PARAMETRIC_REPRESENTATION_CONTEXT() REPRESENTATION_CONTEXT('2D SPACE',''
  ) );
#2258 = PCURVE('',#2259,#2264);
#2259 = PLANE('',#2260);
#2260 = AXIS2_PLACEMENT_3D('',#2261,#2262,#2263);
#2261 = CARTESIAN_POINT('',(7.5,3.625,2.775));
#2262 = DIRECTION('',(0.,-1.,1.110223024625E-16));
#2263 = DIRECTION('',(0.,-1.110223024625E-16,-1.));
#2264 = DEFINITIONAL_REPRESENTATION('',(#2265),#2269);
#2265 = LINE('',#2266,#2267);
#2266 = CARTESIAN_POINT('',(0.,0.));
#2267 = VECTOR('',#2268,1.);
#2268 = DIRECTION('',(1.,0.));
#2269 = ( GEOMETRIC_REPRESENTATION_CONTEXT(2) 
PARAMETRIC_REPRESENTATION_CONTEXT() REPRESENTATION_CONTEXT('2D SPACE',''
  ) );
#2270 = FACE_BOUND('',#2271,.T.);
#2271 = EDGE_LOOP('',(#2272,#2306,#2334,#2366));
#2272 = ORIENTED_EDGE('',*,*,#2273,.T.);
#2273 = EDGE_CURVE('',#2274,#2276,#2278,.T.);
#2274 = VERTEX_POINT('',#2275);
#2275 = CARTESIAN_POINT('',(7.5,2.625,0.825));
#2276 = VERTEX_POINT('',#2277);
#2277 = CARTESIAN_POINT('',(7.5,2.375,0.825));
#2278 = SURFACE_CURVE('',#2279,(#2284,#2295),.PCURVE_S1.);
#2279 = CIRCLE('',#2280,0.125);
#2280 = AXIS2_PLACEMENT_3D('',#2281,#2282,#2283);
#2281 = CARTESIAN_POINT('',(7.5,2.5,0.825));
#2282 = DIRECTION('',(-1.,0.,0.));
#2283 = DIRECTION('',(0.,1.,-1.110223024625E-16));
#2284 = PCURVE('',#581,#2285);
#2285 = DEFINITIONAL_REPRESENTATION('',(#2286),#2294);
#2286 = ( BOUNDED_CURVE() B_SPLINE_CURVE(2,(#2287,#2288,#2289,#2290,
#2291,#2292,#2293),.UNSPECIFIED.,.T.,.F.) B_SPLINE_CURVE_WITH_KNOTS((1,2
    ,2,2,2,1),(-2.094395102393,0.,2.094395102393,4.188790204786,
6.28318530718,8.377580409573),.UNSPECIFIED.) CURVE() 
GEOMETRIC_REPRESENTATION_ITEM() RATIONAL_B_SPLINE_CURVE((1.,0.5,1.,0.5,
1.,0.5,1.)) REPRESENTATION_ITEM('') );
#2287 = CARTESIAN_POINT('',(3.825,-8.625));
#2288 = CARTESIAN_POINT('',(3.608493649054,-8.625));
#2289 = CARTESIAN_POINT('',(3.716746824527,-8.4375));
#2290 = CARTESIAN_POINT('',(3.825,-8.25));
#2291 = CARTESIAN_POINT('',(3.933253175473,-8.4375));
#2292 = CARTESIAN_POINT('',(4.041506350946,-8.625));
#2293 = CARTESIAN_POINT('',(3.825,-8.625));
#2294 = ( GEOMETRIC_REPRESENTATION_CONTEXT(2) 
PARAMETRIC_REPRESENTATION_CONTEXT() REPRESENTATION_CONTEXT('2D SPACE',''
  ) );
#2295 = PCURVE('',#2296,#2301);
#2296 = CYLINDRICAL_SURFACE('',#2297,0.125);
#2297 = AXIS2_PLACEMENT_3D('',#2298,#2299,#2300);
#2298 = CARTESIAN_POINT('',(7.5,2.5,0.825));
#2299 = DIRECTION('',(1.,-0.,-0.));
#2300 = DIRECTION('',(0.,1.,-1.110223024625E-16));
#2301 = DEFINITIONAL_REPRESENTATION('',(#2302),#2305);
#2302 = B_SPLINE_CURVE_WITH_KNOTS('',1,(#2303,#2304),.UNSPECIFIED.,.F.,
  .F.,(2,2),(0.,3.14159265359),.PIECEWISE_BEZIER_KNOTS.);
#2303 = CARTESIAN_POINT('',(0.,0.));
#2304 = CARTESIAN_POINT('',(-3.14159265359,0.));
#2305 = ( GEOMETRIC_REPRESENTATION_CONTEXT(2) 
PARAMETRIC_REPRESENTATION_CONTEXT() REPRESENTATION_CONTEXT('2D SPACE',''
  ) );
#2306 = ORIENTED_EDGE('',*,*,#2307,.T.);
#2307 = EDGE_CURVE('',#2276,#2308,#2310,.T.);
#2308 = VERTEX_POINT('',#2309);
#2309 = CARTESIAN_POINT('',(7.5,2.375,2.775));
#2310 = SURFACE_CURVE('',#2311,(#2315,#2322),.PCURVE_S1.);
#2311 = LINE('',#2312,#2313);
#2312 = CARTESIAN_POINT('',(7.5,2.375,0.825));
#2313 = VECTOR('',#2314,1.);
#2314 = DIRECTION('',(0.,1.110223024625E-16,1.));
#2315 = PCURVE('',#581,#2316);
#2316 = DEFINITIONAL_REPRESENTATION('',(#2317),#2321);
#2317 = LINE('',#2318,#2319);
#2318 = CARTESIAN_POINT('',(3.825,-8.375));
#2319 = VECTOR('',#2320,1.);
#2320 = DIRECTION('',(1.,-1.110223024625E-16));
#2321 = ( GEOMETRIC_REPRESENTATION_CONTEXT(2) 
PARAMETRIC_REPRESENTATION_CONTEXT() REPRESENTATION_CONTEXT('2D SPACE',''
  ) );
#2322 = PCURVE('',#2323,#2328);
#2323 = PLANE('',#2324);
#2324 = AXIS2_PLACEMENT_3D('',#2325,#2326,#2327);
#2325 = CARTESIAN_POINT('',(7.5,2.375,0.825));
#2326 = DIRECTION('',(-0.,1.,-1.110223024625E-16));
#2327 = DIRECTION('',(0.,1.110223024625E-16,1.));
#2328 = DEFINITIONAL_REPRESENTATION('',(#2329),#2333);
#2329 = LINE('',#2330,#2331);
#2330 = CARTESIAN_POINT('',(0.,0.));
#2331 = VECTOR('',#2332,1.);
#2332 = DIRECTION('',(1.,0.));
#2333 = ( GEOMETRIC_REPRESENTATION_CONTEXT(2) 
PARAMETRIC_REPRESENTATION_CONTEXT() REPRESENTATION_CONTEXT('2D SPACE',''
  ) );
#2334 = ORIENTED_EDGE('',*,*,#2335,.T.);
#2335 = EDGE_CURVE('',#2308,#2336,#2338,.T.);
#2336 = VERTEX_POINT('',#2337);
#2337 = CARTESIAN_POINT('',(7.5,2.625,2.775));
#2338 = SURFACE_CURVE('',#2339,(#2344,#2355),.PCURVE_S1.);
#2339 = CIRCLE('',#2340,0.125);
#2340 = AXIS2_PLACEMENT_3D('',#2341,#2342,#2343);
#2341 = CARTESIAN_POINT('',(7.5,2.5,2.775));
#2342 = DIRECTION('',(-1.,0.,0.));
#2343 = DIRECTION('',(0.,-1.,1.110223024625E-16));
#2344 = PCURVE('',#581,#2345);
#2345 = DEFINITIONAL_REPRESENTATION('',(#2346),#2354);
#2346 = ( BOUNDED_CURVE() B_SPLINE_CURVE(2,(#2347,#2348,#2349,#2350,
#2351,#2352,#2353),.UNSPECIFIED.,.T.,.F.) B_SPLINE_CURVE_WITH_KNOTS((1,2
    ,2,2,2,1),(-2.094395102393,0.,2.094395102393,4.188790204786,
6.28318530718,8.377580409573),.UNSPECIFIED.) CURVE() 
GEOMETRIC_REPRESENTATION_ITEM() RATIONAL_B_SPLINE_CURVE((1.,0.5,1.,0.5,
1.,0.5,1.)) REPRESENTATION_ITEM('') );
#2347 = CARTESIAN_POINT('',(5.775,-8.375));
#2348 = CARTESIAN_POINT('',(5.991506350946,-8.375));
#2349 = CARTESIAN_POINT('',(5.883253175473,-8.5625));
#2350 = CARTESIAN_POINT('',(5.775,-8.75));
#2351 = CARTESIAN_POINT('',(5.666746824527,-8.5625));
#2352 = CARTESIAN_POINT('',(5.558493649054,-8.375));
#2353 = CARTESIAN_POINT('',(5.775,-8.375));
#2354 = ( GEOMETRIC_REPRESENTATION_CONTEXT(2) 
PARAMETRIC_REPRESENTATION_CONTEXT() REPRESENTATION_CONTEXT('2D SPACE',''
  ) );
#2355 = PCURVE('',#2356,#2361);
#2356 = CYLINDRICAL_SURFACE('',#2357,0.125);
#2357 = AXIS2_PLACEMENT_3D('',#2358,#2359,#2360);
#2358 = CARTESIAN_POINT('',(7.5,2.5,2.775));
#2359 = DIRECTION('',(1.,-0.,-0.));
#2360 = DIRECTION('',(0.,-1.,1.110223024625E-16));
#2361 = DEFINITIONAL_REPRESENTATION('',(#2362),#2365);
#2362 = B_SPLINE_CURVE_WITH_KNOTS('',1,(#2363,#2364),.UNSPECIFIED.,.F.,
  .F.,(2,2),(0.,3.14159265359),.PIECEWISE_BEZIER_KNOTS.);
#2363 = CARTESIAN_POINT('',(0.,0.));
#2364 = CARTESIAN_POINT('',(-3.14159265359,0.));
#2365 = ( GEOMETRIC_REPRESENTATION_CONTEXT(2) 
PARAMETRIC_REPRESENTATION_CONTEXT() REPRESENTATION_CONTEXT('2D SPACE',''
  ) );
#2366 = ORIENTED_EDGE('',*,*,#2367,.T.);
#2367 = EDGE_CURVE('',#2336,#2274,#2368,.T.);
#2368 = SURFACE_CURVE('',#2369,(#2373,#2380),.PCURVE_S1.);
#2369 = LINE('',#2370,#2371);
#2370 = CARTESIAN_POINT('',(7.5,2.625,2.775));
#2371 = VECTOR('',#2372,1.);
#2372 = DIRECTION('',(0.,-1.110223024625E-16,-1.));
#2373 = PCURVE('',#581,#2374);
#2374 = DEFINITIONAL_REPRESENTATION('',(#2375),#2379);
#2375 = LINE('',#2376,#2377);
#2376 = CARTESIAN_POINT('',(5.775,-8.625));
#2377 = VECTOR('',#2378,1.);
#2378 = DIRECTION('',(-1.,1.110223024625E-16));
#2379 = ( GEOMETRIC_REPRESENTATION_CONTEXT(2) 
PARAMETRIC_REPRESENTATION_CONTEXT() REPRESENTATION_CONTEXT('2D SPACE',''
  ) );
#2380 = PCURVE('',#2381,#2386);
#2381 = PLANE('',#2382);
#2382 = AXIS2_PLACEMENT_3D('',#2383,#2384,#2385);
#2383 = CARTESIAN_POINT('',(7.5,2.625,2.775));
#2384 = DIRECTION('',(0.,-1.,1.110223024625E-16));
#2385 = DIRECTION('',(0.,-1.110223024625E-16,-1.));
#2386 = DEFINITIONAL_REPRESENTATION('',(#2387),#2391);
#2387 = LINE('',#2388,#2389);
#2388 = CARTESIAN_POINT('',(0.,0.));
#2389 = VECTOR('',#2390,1.);
#2390 = DIRECTION('',(1.,0.));
#2391 = ( GEOMETRIC_REPRESENTATION_CONTEXT(2) 
PARAMETRIC_REPRESENTATION_CONTEXT() REPRESENTATION_CONTEXT('2D SPACE',''
  ) );
#2392 = FACE_BOUND('',#2393,.T.);
#2393 = EDGE_LOOP('',(#2394));
#2394 = ORIENTED_EDGE('',*,*,#2395,.F.);
#2395 = EDGE_CURVE('',#2396,#2396,#2398,.T.);
#2396 = VERTEX_POINT('',#2397);
#2397 = CARTESIAN_POINT('',(7.5,0.6,0.));
#2398 = SURFACE_CURVE('',#2399,(#2404,#2411),.PCURVE_S1.);
#2399 = CIRCLE('',#2400,0.6);
#2400 = AXIS2_PLACEMENT_3D('',#2401,#2402,#2403);
#2401 = CARTESIAN_POINT('',(7.5,0.,0.));
#2402 = DIRECTION('',(1.,0.,0.));
#2403 = DIRECTION('',(0.,1.,0.));
#2404 = PCURVE('',#581,#2405);
#2405 = DEFINITIONAL_REPRESENTATION('',(#2406),#2410);
#2406 = CIRCLE('',#2407,0.6);
#2407 = AXIS2_PLACEMENT_2D('',#2408,#2409);
#2408 = CARTESIAN_POINT('',(3.,-6.));
#2409 = DIRECTION('',(0.,-1.));
#2410 = ( GEOMETRIC_REPRESENTATION_CONTEXT(2) 
PARAMETRIC_REPRESENTATION_CONTEXT() REPRESENTATION_CONTEXT('2D SPACE',''
  ) );
#2411 = PCURVE('',#2412,#2417);
#2412 = CYLINDRICAL_SURFACE('',#2413,0.6);
#2413 = AXIS2_PLACEMENT_3D('',#2414,#2415,#2416);
#2414 = CARTESIAN_POINT('',(7.5,0.,0.));
#2415 = DIRECTION('',(1.,0.,0.));
#2416 = DIRECTION('',(0.,1.,0.));
#2417 = DEFINITIONAL_REPRESENTATION('',(#2418),#2421);
#2418 = B_SPLINE_CURVE_WITH_KNOTS('',1,(#2419,#2420),.UNSPECIFIED.,.F.,
  .F.,(2,2),(0.,6.28318530718),.PIECEWISE_BEZIER_KNOTS.);
#2419 = CARTESIAN_POINT('',(0.,0.));
#2420 = CARTESIAN_POINT('',(6.28318530718,0.));
#2421 = ( GEOMETRIC_REPRESENTATION_CONTEXT(2) 
PARAMETRIC_REPRESENTATION_CONTEXT() REPRESENTATION_CONTEXT('2D SPACE',''
  ) );
#2422 = FACE_BOUND('',#2423,.T.);
#2423 = EDGE_LOOP('',(#2424,#2458,#2486,#2518));
#2424 = ORIENTED_EDGE('',*,*,#2425,.T.);
#2425 = EDGE_CURVE('',#2426,#2428,#2430,.T.);
#2426 = VERTEX_POINT('',#2427);
#2427 = CARTESIAN_POINT('',(7.5,-2.375,0.825));
#2428 = VERTEX_POINT('',#2429);
#2429 = CARTESIAN_POINT('',(7.5,-2.625,0.825));
#2430 = SURFACE_CURVE('',#2431,(#2436,#2447),.PCURVE_S1.);
#2431 = CIRCLE('',#2432,0.125);
#2432 = AXIS2_PLACEMENT_3D('',#2433,#2434,#2435);
#2433 = CARTESIAN_POINT('',(7.5,-2.5,0.825));
#2434 = DIRECTION('',(-1.,0.,0.));
#2435 = DIRECTION('',(0.,1.,-1.110223024625E-16));
#2436 = PCURVE('',#581,#2437);
#2437 = DEFINITIONAL_REPRESENTATION('',(#2438),#2446);
#2438 = ( BOUNDED_CURVE() B_SPLINE_CURVE(2,(#2439,#2440,#2441,#2442,
#2443,#2444,#2445),.UNSPECIFIED.,.T.,.F.) B_SPLINE_CURVE_WITH_KNOTS((1,2
    ,2,2,2,1),(-2.094395102393,0.,2.094395102393,4.188790204786,
6.28318530718,8.377580409573),.UNSPECIFIED.) CURVE() 
GEOMETRIC_REPRESENTATION_ITEM() RATIONAL_B_SPLINE_CURVE((1.,0.5,1.,0.5,
1.,0.5,1.)) REPRESENTATION_ITEM('') );
#2439 = CARTESIAN_POINT('',(3.825,-3.625));
#2440 = CARTESIAN_POINT('',(3.608493649054,-3.625));
#2441 = CARTESIAN_POINT('',(3.716746824527,-3.4375));
#2442 = CARTESIAN_POINT('',(3.825,-3.25));
#2443 = CARTESIAN_POINT('',(3.933253175473,-3.4375));
#2444 = CARTESIAN_POINT('',(4.041506350946,-3.625));
#2445 = CARTESIAN_POINT('',(3.825,-3.625));
#2446 = ( GEOMETRIC_REPRESENTATION_CONTEXT(2) 
PARAMETRIC_REPRESENTATION_CONTEXT() REPRESENTATION_CONTEXT('2D SPACE',''
  ) );
#2447 = PCURVE('',#2448,#2453);
#2448 = CYLINDRICAL_SURFACE('',#2449,0.125);
#2449 = AXIS2_PLACEMENT_3D('',#2450,#2451,#2452);
#2450 = CARTESIAN_POINT('',(7.5,-2.5,0.825));
#2451 = DIRECTION('',(1.,-0.,-0.));
#2452 = DIRECTION('',(0.,1.,-1.110223024625E-16));
#2453 = DEFINITIONAL_REPRESENTATION('',(#2454),#2457);
#2454 = B_SPLINE_CURVE_WITH_KNOTS('',1,(#2455,#2456),.UNSPECIFIED.,.F.,
  .F.,(2,2),(0.,3.14159265359),.PIECEWISE_BEZIER_KNOTS.);
#2455 = CARTESIAN_POINT('',(0.,0.));
#2456 = CARTESIAN_POINT('',(-3.14159265359,0.));
#2457 = ( GEOMETRIC_REPRESENTATION_CONTEXT(2) 
PARAMETRIC_REPRESENTATION_CONTEXT() REPRESENTATION_CONTEXT('2D SPACE',''
  ) );
#2458 = ORIENTED_EDGE('',*,*,#2459,.T.);
#2459 = EDGE_CURVE('',#2428,#2460,#2462,.T.);
#2460 = VERTEX_POINT('',#2461);
#2461 = CARTESIAN_POINT('',(7.5,-2.625,2.775));
#2462 = SURFACE_CURVE('',#2463,(#2467,#2474),.PCURVE_S1.);
#2463 = LINE('',#2464,#2465);
#2464 = CARTESIAN_POINT('',(7.5,-2.625,0.825));
#2465 = VECTOR('',#2466,1.);
#2466 = DIRECTION('',(0.,1.110223024625E-16,1.));
#2467 = PCURVE('',#581,#2468);
#2468 = DEFINITIONAL_REPRESENTATION('',(#2469),#2473);
#2469 = LINE('',#2470,#2471);
#2470 = CARTESIAN_POINT('',(3.825,-3.375));
#2471 = VECTOR('',#2472,1.);
#2472 = DIRECTION('',(1.,-1.110223024625E-16));
#2473 = ( GEOMETRIC_REPRESENTATION_CONTEXT(2) 
PARAMETRIC_REPRESENTATION_CONTEXT() REPRESENTATION_CONTEXT('2D SPACE',''
  ) );
#2474 = PCURVE('',#2475,#2480);
#2475 = PLANE('',#2476);
#2476 = AXIS2_PLACEMENT_3D('',#2477,#2478,#2479);
#2477 = CARTESIAN_POINT('',(7.5,-2.625,0.825));
#2478 = DIRECTION('',(-0.,1.,-1.110223024625E-16));
#2479 = DIRECTION('',(0.,1.110223024625E-16,1.));
#2480 = DEFINITIONAL_REPRESENTATION('',(#2481),#2485);
#2481 = LINE('',#2482,#2483);
#2482 = CARTESIAN_POINT('',(0.,0.));
#2483 = VECTOR('',#2484,1.);
#2484 = DIRECTION('',(1.,0.));
#2485 = ( GEOMETRIC_REPRESENTATION_CONTEXT(2) 
PARAMETRIC_REPRESENTATION_CONTEXT() REPRESENTATION_CONTEXT('2D SPACE',''
  ) );
#2486 = ORIENTED_EDGE('',*,*,#2487,.T.);
#2487 = EDGE_CURVE('',#2460,#2488,#2490,.T.);
#2488 = VERTEX_POINT('',#2489);
#2489 = CARTESIAN_POINT('',(7.5,-2.375,2.775));
#2490 = SURFACE_CURVE('',#2491,(#2496,#2507),.PCURVE_S1.);
#2491 = CIRCLE('',#2492,0.125);
#2492 = AXIS2_PLACEMENT_3D('',#2493,#2494,#2495);
#2493 = CARTESIAN_POINT('',(7.5,-2.5,2.775));
#2494 = DIRECTION('',(-1.,0.,0.));
#2495 = DIRECTION('',(0.,-1.,1.110223024625E-16));
#2496 = PCURVE('',#581,#2497);
#2497 = DEFINITIONAL_REPRESENTATION('',(#2498),#2506);
#2498 = ( BOUNDED_CURVE() B_SPLINE_CURVE(2,(#2499,#2500,#2501,#2502,
#2503,#2504,#2505),.UNSPECIFIED.,.T.,.F.) B_SPLINE_CURVE_WITH_KNOTS((1,2
    ,2,2,2,1),(-2.094395102393,0.,2.094395102393,4.188790204786,
6.28318530718,8.377580409573),.UNSPECIFIED.) CURVE() 
GEOMETRIC_REPRESENTATION_ITEM() RATIONAL_B_SPLINE_CURVE((1.,0.5,1.,0.5,
1.,0.5,1.)) REPRESENTATION_ITEM('') );
#2499 = CARTESIAN_POINT('',(5.775,-3.375));
#2500 = CARTESIAN_POINT('',(5.991506350946,-3.375));
#2501 = CARTESIAN_POINT('',(5.883253175473,-3.5625));
#2502 = CARTESIAN_POINT('',(5.775,-3.75));
#2503 = CARTESIAN_POINT('',(5.666746824527,-3.5625));
#2504 = CARTESIAN_POINT('',(5.558493649054,-3.375));
#2505 = CARTESIAN_POINT('',(5.775,-3.375));
#2506 = ( GEOMETRIC_REPRESENTATION_CONTEXT(2) 
PARAMETRIC_REPRESENTATION_CONTEXT() REPRESENTATION_CONTEXT('2D SPACE',''
  ) );
#2507 = PCURVE('',#2508,#2513);
#2508 = CYLINDRICAL_SURFACE('',#2509,0.125);
#2509 = AXIS2_PLACEMENT_3D('',#2510,#2511,#2512);
#2510 = CARTESIAN_POINT('',(7.5,-2.5,2.775));
#2511 = DIRECTION('',(1.,-0.,-0.));
#2512 = DIRECTION('',(0.,-1.,1.110223024625E-16));
#2513 = DEFINITIONAL_REPRESENTATION('',(#2514),#2517);
#2514 = B_SPLINE_CURVE_WITH_KNOTS('',1,(#2515,#2516),.UNSPECIFIED.,.F.,
  .F.,(2,2),(0.,3.14159265359),.PIECEWISE_BEZIER_KNOTS.);
#2515 = CARTESIAN_POINT('',(0.,0.));
#2516 = CARTESIAN_POINT('',(-3.14159265359,0.));
#2517 = ( GEOMETRIC_REPRESENTATION_CONTEXT(2) 
PARAMETRIC_REPRESENTATION_CONTEXT() REPRESENTATION_CONTEXT('2D SPACE',''
  ) );
#2518 = ORIENTED_EDGE('',*,*,#2519,.T.);
#2519 = EDGE_CURVE('',#2488,#2426,#2520,.T.);
#2520 = SURFACE_CURVE('',#2521,(#2525,#2532),.PCURVE_S1.);
#2521 = LINE('',#2522,#2523);
#2522 = CARTESIAN_POINT('',(7.5,-2.375,2.775));
#2523 = VECTOR('',#2524,1.);
#2524 = DIRECTION('',(0.,-1.110223024625E-16,-1.));
#2525 = PCURVE('',#581,#2526);
#2526 = DEFINITIONAL_REPRESENTATION('',(#2527),#2531);
#2527 = LINE('',#2528,#2529);
#2528 = CARTESIAN_POINT('',(5.775,-3.625));
#2529 = VECTOR('',#2530,1.);
#2530 = DIRECTION('',(-1.,1.110223024625E-16));
#2531 = ( GEOMETRIC_REPRESENTATION_CONTEXT(2) 
PARAMETRIC_REPRESENTATION_CONTEXT() REPRESENTATION_CONTEXT('2D SPACE',''
  ) );
#2532 = PCURVE('',#2533,#2538);
#2533 = PLANE('',#2534);
#2534 = AXIS2_PLACEMENT_3D('',#2535,#2536,#2537);
#2535 = CARTESIAN_POINT('',(7.5,-2.375,2.775));
#2536 = DIRECTION('',(0.,-1.,1.110223024625E-16));
#2537 = DIRECTION('',(0.,-1.110223024625E-16,-1.));
#2538 = DEFINITIONAL_REPRESENTATION('',(#2539),#2543);
#2539 = LINE('',#2540,#2541);
#2540 = CARTESIAN_POINT('',(0.,0.));
#2541 = VECTOR('',#2542,1.);
#2542 = DIRECTION('',(1.,0.));
#2543 = ( GEOMETRIC_REPRESENTATION_CONTEXT(2) 
PARAMETRIC_REPRESENTATION_CONTEXT() REPRESENTATION_CONTEXT('2D SPACE',''
  ) );
#2544 = FACE_BOUND('',#2545,.T.);
#2545 = EDGE_LOOP('',(#2546,#2580,#2608,#2640));
#2546 = ORIENTED_EDGE('',*,*,#2547,.T.);
#2547 = EDGE_CURVE('',#2548,#2550,#2552,.T.);
#2548 = VERTEX_POINT('',#2549);
#2549 = CARTESIAN_POINT('',(7.5,-3.375,0.825));
#2550 = VERTEX_POINT('',#2551);
#2551 = CARTESIAN_POINT('',(7.5,-3.625,0.825));
#2552 = SURFACE_CURVE('',#2553,(#2558,#2569),.PCURVE_S1.);
#2553 = CIRCLE('',#2554,0.125);
#2554 = AXIS2_PLACEMENT_3D('',#2555,#2556,#2557);
#2555 = CARTESIAN_POINT('',(7.5,-3.5,0.825));
#2556 = DIRECTION('',(-1.,0.,0.));
#2557 = DIRECTION('',(0.,1.,-1.110223024625E-16));
#2558 = PCURVE('',#581,#2559);
#2559 = DEFINITIONAL_REPRESENTATION('',(#2560),#2568);
#2560 = ( BOUNDED_CURVE() B_SPLINE_CURVE(2,(#2561,#2562,#2563,#2564,
#2565,#2566,#2567),.UNSPECIFIED.,.T.,.F.) B_SPLINE_CURVE_WITH_KNOTS((1,2
    ,2,2,2,1),(-2.094395102393,0.,2.094395102393,4.188790204786,
6.28318530718,8.377580409573),.UNSPECIFIED.) CURVE() 
GEOMETRIC_REPRESENTATION_ITEM() RATIONAL_B_SPLINE_CURVE((1.,0.5,1.,0.5,
1.,0.5,1.)) REPRESENTATION_ITEM('') );
#2561 = CARTESIAN_POINT('',(3.825,-2.625));
#2562 = CARTESIAN_POINT('',(3.608493649054,-2.625));
#2563 = CARTESIAN_POINT('',(3.716746824527,-2.4375));
#2564 = CARTESIAN_POINT('',(3.825,-2.25));
#2565 = CARTESIAN_POINT('',(3.933253175473,-2.4375));
#2566 = CARTESIAN_POINT('',(4.041506350946,-2.625));
#2567 = CARTESIAN_POINT('',(3.825,-2.625));
#2568 = ( GEOMETRIC_REPRESENTATION_CONTEXT(2) 
PARAMETRIC_REPRESENTATION_CONTEXT() REPRESENTATION_CONTEXT('2D SPACE',''
  ) );
#2569 = PCURVE('',#2570,#2575);
#2570 = CYLINDRICAL_SURFACE('',#2571,0.125);
#2571 = AXIS2_PLACEMENT_3D('',#2572,#2573,#2574);
#2572 = CARTESIAN_POINT('',(7.5,-3.5,0.825));
#2573 = DIRECTION('',(1.,-0.,-0.));
#2574 = DIRECTION('',(0.,1.,-1.110223024625E-16));
#2575 = DEFINITIONAL_REPRESENTATION('',(#2576),#2579);
#2576 = B_SPLINE_CURVE_WITH_KNOTS('',1,(#2577,#2578),.UNSPECIFIED.,.F.,
  .F.,(2,2),(0.,3.14159265359),.PIECEWISE_BEZIER_KNOTS.);
#2577 = CARTESIAN_POINT('',(0.,0.));
#2578 = CARTESIAN_POINT('',(-3.14159265359,0.));
#2579 = ( GEOMETRIC_REPRESENTATION_CONTEXT(2) 
PARAMETRIC_REPRESENTATION_CONTEXT() REPRESENTATION_CONTEXT('2D SPACE',''
  ) );
#2580 = ORIENTED_EDGE('',*,*,#2581,.T.);
#2581 = EDGE_CURVE('',#2550,#2582,#2584,.T.);
#2582 = VERTEX_POINT('',#2583);
#2583 = CARTESIAN_POINT('',(7.5,-3.625,2.775));
#2584 = SURFACE_CURVE('',#2585,(#2589,#2596),.PCURVE_S1.);
#2585 = LINE('',#2586,#2587);
#2586 = CARTESIAN_POINT('',(7.5,-3.625,0.825));
#2587 = VECTOR('',#2588,1.);
#2588 = DIRECTION('',(0.,1.110223024625E-16,1.));
#2589 = PCURVE('',#581,#2590);
#2590 = DEFINITIONAL_REPRESENTATION('',(#2591),#2595);
#2591 = LINE('',#2592,#2593);
#2592 = CARTESIAN_POINT('',(3.825,-2.375));
#2593 = VECTOR('',#2594,1.);
#2594 = DIRECTION('',(1.,-1.110223024625E-16));
#2595 = ( GEOMETRIC_REPRESENTATION_CONTEXT(2) 
PARAMETRIC_REPRESENTATION_CONTEXT() REPRESENTATION_CONTEXT('2D SPACE',''
  ) );
#2596 = PCURVE('',#2597,#2602);
#2597 = PLANE('',#2598);
#2598 = AXIS2_PLACEMENT_3D('',#2599,#2600,#2601);
#2599 = CARTESIAN_POINT('',(7.5,-3.625,0.825));
#2600 = DIRECTION('',(-0.,1.,-1.110223024625E-16));
#2601 = DIRECTION('',(0.,1.110223024625E-16,1.));
#2602 = DEFINITIONAL_REPRESENTATION('',(#2603),#2607);
#2603 = LINE('',#2604,#2605);
#2604 = CARTESIAN_POINT('',(0.,0.));
#2605 = VECTOR('',#2606,1.);
#2606 = DIRECTION('',(1.,0.));
#2607 = ( GEOMETRIC_REPRESENTATION_CONTEXT(2) 
PARAMETRIC_REPRESENTATION_CONTEXT() REPRESENTATION_CONTEXT('2D SPACE',''
  ) );
#2608 = ORIENTED_EDGE('',*,*,#2609,.T.);
#2609 = EDGE_CURVE('',#2582,#2610,#2612,.T.);
#2610 = VERTEX_POINT('',#2611);
#2611 = CARTESIAN_POINT('',(7.5,-3.375,2.775));
#2612 = SURFACE_CURVE('',#2613,(#2618,#2629),.PCURVE_S1.);
#2613 = CIRCLE('',#2614,0.125);
#2614 = AXIS2_PLACEMENT_3D('',#2615,#2616,#2617);
#2615 = CARTESIAN_POINT('',(7.5,-3.5,2.775));
#2616 = DIRECTION('',(-1.,0.,0.));
#2617 = DIRECTION('',(0.,-1.,1.110223024625E-16));
#2618 = PCURVE('',#581,#2619);
#2619 = DEFINITIONAL_REPRESENTATION('',(#2620),#2628);
#2620 = ( BOUNDED_CURVE() B_SPLINE_CURVE(2,(#2621,#2622,#2623,#2624,
#2625,#2626,#2627),.UNSPECIFIED.,.T.,.F.) B_SPLINE_CURVE_WITH_KNOTS((1,2
    ,2,2,2,1),(-2.094395102393,0.,2.094395102393,4.188790204786,
6.28318530718,8.377580409573),.UNSPECIFIED.) CURVE() 
GEOMETRIC_REPRESENTATION_ITEM() RATIONAL_B_SPLINE_CURVE((1.,0.5,1.,0.5,
1.,0.5,1.)) REPRESENTATION_ITEM('') );
#2621 = CARTESIAN_POINT('',(5.775,-2.375));
#2622 = CARTESIAN_POINT('',(5.991506350946,-2.375));
#2623 = CARTESIAN_POINT('',(5.883253175473,-2.5625));
#2624 = CARTESIAN_POINT('',(5.775,-2.75));
#2625 = CARTESIAN_POINT('',(5.666746824527,-2.5625));
#2626 = CARTESIAN_POINT('',(5.558493649054,-2.375));
#2627 = CARTESIAN_POINT('',(5.775,-2.375));
#2628 = ( GEOMETRIC_REPRESENTATION_CONTEXT(2) 
PARAMETRIC_REPRESENTATION_CONTEXT() REPRESENTATION_CONTEXT('2D SPACE',''
  ) );
#2629 = PCURVE('',#2630,#2635);
#2630 = CYLINDRICAL_SURFACE('',#2631,0.125);
#2631 = AXIS2_PLACEMENT_3D('',#2632,#2633,#2634);
#2632 = CARTESIAN_POINT('',(7.5,-3.5,2.775));
#2633 = DIRECTION('',(1.,-0.,-0.));
#2634 = DIRECTION('',(0.,-1.,1.110223024625E-16));
#2635 = DEFINITIONAL_REPRESENTATION('',(#2636),#2639);
#2636 = B_SPLINE_CURVE_WITH_KNOTS('',1,(#2637,#2638),.UNSPECIFIED.,.F.,
  .F.,(2,2),(0.,3.14159265359),.PIECEWISE_BEZIER_KNOTS.);
#2637 = CARTESIAN_POINT('',(0.,0.));
#2638 = CARTESIAN_POINT('',(-3.14159265359,0.));
#2639 = ( GEOMETRIC_REPRESENTATION_CONTEXT(2) 
PARAMETRIC_REPRESENTATION_CONTEXT() REPRESENTATION_CONTEXT('2D SPACE',''
  ) );
#2640 = ORIENTED_EDGE('',*,*,#2641,.T.);
#2641 = EDGE_CURVE('',#2610,#2548,#2642,.T.);
#2642 = SURFACE_CURVE('',#2643,(#2647,#2654),.PCURVE_S1.);
#2643 = LINE('',#2644,#2645);
#2644 = CARTESIAN_POINT('',(7.5,-3.375,2.775));
#2645 = VECTOR('',#2646,1.);
#2646 = DIRECTION('',(0.,-1.110223024625E-16,-1.));
#2647 = PCURVE('',#581,#2648);
#2648 = DEFINITIONAL_REPRESENTATION('',(#2649),#2653);
#2649 = LINE('',#2650,#2651);
#2650 = CARTESIAN_POINT('',(5.775,-2.625));
#2651 = VECTOR('',#2652,1.);
#2652 = DIRECTION('',(-1.,1.110223024625E-16));
#2653 = ( GEOMETRIC_REPRESENTATION_CONTEXT(2) 
PARAMETRIC_REPRESENTATION_CONTEXT() REPRESENTATION_CONTEXT('2D SPACE',''
  ) );
#2654 = PCURVE('',#2655,#2660);
#2655 = PLANE('',#2656);
#2656 = AXIS2_PLACEMENT_3D('',#2657,#2658,#2659);
#2657 = CARTESIAN_POINT('',(7.5,-3.375,2.775));
#2658 = DIRECTION('',(0.,-1.,1.110223024625E-16));
#2659 = DIRECTION('',(0.,-1.110223024625E-16,-1.));
#2660 = DEFINITIONAL_REPRESENTATION('',(#2661),#2665);
#2661 = LINE('',#2662,#2663);
#2662 = CARTESIAN_POINT('',(0.,0.));
#2663 = VECTOR('',#2664,1.);
#2664 = DIRECTION('',(1.,0.));
#2665 = ( GEOMETRIC_REPRESENTATION_CONTEXT(2) 
PARAMETRIC_REPRESENTATION_CONTEXT() REPRESENTATION_CONTEXT('2D SPACE',''
  ) );
#2666 = ADVANCED_FACE('',(#2667),#610,.T.);
#2667 = FACE_BOUND('',#2668,.T.);
#2668 = EDGE_LOOP('',(#2669,#2670,#2690,#2691));
#2669 = ORIENTED_EDGE('',*,*,#1086,.T.);
#2670 = ORIENTED_EDGE('',*,*,#2671,.T.);
#2671 = EDGE_CURVE('',#1087,#594,#2672,.T.);
#2672 = SURFACE_CURVE('',#2673,(#2677,#2683),.PCURVE_S1.);
#2673 = LINE('',#2674,#2675);
#2674 = CARTESIAN_POINT('',(6.9,6.,-3.));
#2675 = VECTOR('',#2676,1.);
#2676 = DIRECTION('',(0.,0.,1.));
#2677 = PCURVE('',#610,#2678);
#2678 = DEFINITIONAL_REPRESENTATION('',(#2679),#2682);
#2679 = B_SPLINE_CURVE_WITH_KNOTS('',1,(#2680,#2681),.UNSPECIFIED.,.F.,
  .F.,(2,2),(0.,6.),.PIECEWISE_BEZIER_KNOTS.);
#2680 = CARTESIAN_POINT('',(1.570796326795,0.));
#2681 = CARTESIAN_POINT('',(1.570796326795,6.));
#2682 = ( GEOMETRIC_REPRESENTATION_CONTEXT(2) 
PARAMETRIC_REPRESENTATION_CONTEXT() REPRESENTATION_CONTEXT('2D SPACE',''
  ) );
#2683 = PCURVE('',#637,#2684);
#2684 = DEFINITIONAL_REPRESENTATION('',(#2685),#2689);
#2685 = LINE('',#2686,#2687);
#2686 = CARTESIAN_POINT('',(0.,14.4));
#2687 = VECTOR('',#2688,1.);
#2688 = DIRECTION('',(1.,0.));
#2689 = ( GEOMETRIC_REPRESENTATION_CONTEXT(2) 
PARAMETRIC_REPRESENTATION_CONTEXT() REPRESENTATION_CONTEXT('2D SPACE',''
  ) );
#2690 = ORIENTED_EDGE('',*,*,#593,.F.);
#2691 = ORIENTED_EDGE('',*,*,#2129,.F.);
#2692 = ADVANCED_FACE('',(#2693),#637,.T.);
#2693 = FACE_BOUND('',#2694,.T.);
#2694 = EDGE_LOOP('',(#2695,#2696,#2697,#2698));
#2695 = ORIENTED_EDGE('',*,*,#1109,.F.);
#2696 = ORIENTED_EDGE('',*,*,#986,.T.);
#2697 = ORIENTED_EDGE('',*,*,#621,.T.);
#2698 = ORIENTED_EDGE('',*,*,#2671,.F.);
#2699 = ADVANCED_FACE('',(#2700),#695,.F.);
#2700 = FACE_BOUND('',#2701,.F.);
#2701 = EDGE_LOOP('',(#2702,#2724,#2752,#2772));
#2702 = ORIENTED_EDGE('',*,*,#2703,.F.);
#2703 = EDGE_CURVE('',#2704,#677,#2706,.T.);
#2704 = VERTEX_POINT('',#2705);
#2705 = CARTESIAN_POINT('',(7.2,5.4,-2.7));
#2706 = SURFACE_CURVE('',#2707,(#2711,#2717),.PCURVE_S1.);
#2707 = LINE('',#2708,#2709);
#2708 = CARTESIAN_POINT('',(7.2,5.4,-3.));
#2709 = VECTOR('',#2710,1.);
#2710 = DIRECTION('',(0.,0.,1.));
#2711 = PCURVE('',#695,#2712);
#2712 = DEFINITIONAL_REPRESENTATION('',(#2713),#2716);
#2713 = B_SPLINE_CURVE_WITH_KNOTS('',1,(#2714,#2715),.UNSPECIFIED.,.F.,
  .F.,(2,2),(0.3,6.),.PIECEWISE_BEZIER_KNOTS.);
#2714 = CARTESIAN_POINT('',(0.,0.3));
#2715 = CARTESIAN_POINT('',(0.,6.));
#2716 = ( GEOMETRIC_REPRESENTATION_CONTEXT(2) 
PARAMETRIC_REPRESENTATION_CONTEXT() REPRESENTATION_CONTEXT('2D SPACE',''
  ) );
#2717 = PCURVE('',#722,#2718);
#2718 = DEFINITIONAL_REPRESENTATION('',(#2719),#2723);
#2719 = LINE('',#2720,#2721);
#2720 = CARTESIAN_POINT('',(0.,-11.4));
#2721 = VECTOR('',#2722,1.);
#2722 = DIRECTION('',(1.,0.));
#2723 = ( GEOMETRIC_REPRESENTATION_CONTEXT(2) 
PARAMETRIC_REPRESENTATION_CONTEXT() REPRESENTATION_CONTEXT('2D SPACE',''
  ) );
#2724 = ORIENTED_EDGE('',*,*,#2725,.T.);
#2725 = EDGE_CURVE('',#2704,#2726,#2728,.T.);
#2726 = VERTEX_POINT('',#2727);
#2727 = CARTESIAN_POINT('',(6.9,5.7,-2.7));
#2728 = SURFACE_CURVE('',#2729,(#2734,#2740),.PCURVE_S1.);
#2729 = CIRCLE('',#2730,0.3);
#2730 = AXIS2_PLACEMENT_3D('',#2731,#2732,#2733);
#2731 = CARTESIAN_POINT('',(6.9,5.4,-2.7));
#2732 = DIRECTION('',(0.,0.,1.));
#2733 = DIRECTION('',(1.,0.,-0.));
#2734 = PCURVE('',#695,#2735);
#2735 = DEFINITIONAL_REPRESENTATION('',(#2736),#2739);
#2736 = B_SPLINE_CURVE_WITH_KNOTS('',1,(#2737,#2738),.UNSPECIFIED.,.F.,
  .F.,(2,2),(0.,1.570796326795),.PIECEWISE_BEZIER_KNOTS.);
#2737 = CARTESIAN_POINT('',(0.,0.3));
#2738 = CARTESIAN_POINT('',(1.570796326795,0.3));
#2739 = ( GEOMETRIC_REPRESENTATION_CONTEXT(2) 
PARAMETRIC_REPRESENTATION_CONTEXT() REPRESENTATION_CONTEXT('2D SPACE',''
  ) );
#2740 = PCURVE('',#2741,#2746);
#2741 = PLANE('',#2742);
#2742 = AXIS2_PLACEMENT_3D('',#2743,#2744,#2745);
#2743 = CARTESIAN_POINT('',(-7.5,-6.,-2.7));
#2744 = DIRECTION('',(0.,0.,1.));
#2745 = DIRECTION('',(1.,0.,0.));
#2746 = DEFINITIONAL_REPRESENTATION('',(#2747),#2751);
#2747 = CIRCLE('',#2748,0.3);
#2748 = AXIS2_PLACEMENT_2D('',#2749,#2750);
#2749 = CARTESIAN_POINT('',(14.4,11.4));
#2750 = DIRECTION('',(1.,0.));
#2751 = ( GEOMETRIC_REPRESENTATION_CONTEXT(2) 
PARAMETRIC_REPRESENTATION_CONTEXT() REPRESENTATION_CONTEXT('2D SPACE',''
  ) );
#2752 = ORIENTED_EDGE('',*,*,#2753,.T.);
#2753 = EDGE_CURVE('',#2726,#679,#2754,.T.);
#2754 = SURFACE_CURVE('',#2755,(#2759,#2765),.PCURVE_S1.);
#2755 = LINE('',#2756,#2757);
#2756 = CARTESIAN_POINT('',(6.9,5.7,-3.));
#2757 = VECTOR('',#2758,1.);
#2758 = DIRECTION('',(0.,0.,1.));
#2759 = PCURVE('',#695,#2760);
#2760 = DEFINITIONAL_REPRESENTATION('',(#2761),#2764);
#2761 = B_SPLINE_CURVE_WITH_KNOTS('',1,(#2762,#2763),.UNSPECIFIED.,.F.,
  .F.,(2,2),(0.3,6.),.PIECEWISE_BEZIER_KNOTS.);
#2762 = CARTESIAN_POINT('',(1.570796326795,0.3));
#2763 = CARTESIAN_POINT('',(1.570796326795,6.));
#2764 = ( GEOMETRIC_REPRESENTATION_CONTEXT(2) 
PARAMETRIC_REPRESENTATION_CONTEXT() REPRESENTATION_CONTEXT('2D SPACE',''
  ) );
#2765 = PCURVE('',#896,#2766);
#2766 = DEFINITIONAL_REPRESENTATION('',(#2767),#2771);
#2767 = LINE('',#2768,#2769);
#2768 = CARTESIAN_POINT('',(0.,14.4));
#2769 = VECTOR('',#2770,1.);
#2770 = DIRECTION('',(1.,0.));
#2771 = ( GEOMETRIC_REPRESENTATION_CONTEXT(2) 
PARAMETRIC_REPRESENTATION_CONTEXT() REPRESENTATION_CONTEXT('2D SPACE',''
  ) );
#2772 = ORIENTED_EDGE('',*,*,#676,.F.);
#2773 = ADVANCED_FACE('',(#2774,#2821,#2915,#3009,#3034,#3128),#722,.F.
  );
#2774 = FACE_BOUND('',#2775,.F.);
#2775 = EDGE_LOOP('',(#2776,#2777,#2799,#2820));
#2776 = ORIENTED_EDGE('',*,*,#706,.F.);
#2777 = ORIENTED_EDGE('',*,*,#2778,.F.);
#2778 = EDGE_CURVE('',#2779,#707,#2781,.T.);
#2779 = VERTEX_POINT('',#2780);
#2780 = CARTESIAN_POINT('',(7.2,-5.4,-2.7));
#2781 = SURFACE_CURVE('',#2782,(#2786,#2793),.PCURVE_S1.);
#2782 = LINE('',#2783,#2784);
#2783 = CARTESIAN_POINT('',(7.2,-5.4,-3.));
#2784 = VECTOR('',#2785,1.);
#2785 = DIRECTION('',(0.,0.,1.));
#2786 = PCURVE('',#722,#2787);
#2787 = DEFINITIONAL_REPRESENTATION('',(#2788),#2792);
#2788 = LINE('',#2789,#2790);
#2789 = CARTESIAN_POINT('',(0.,-0.6));
#2790 = VECTOR('',#2791,1.);
#2791 = DIRECTION('',(1.,0.));
#2792 = ( GEOMETRIC_REPRESENTATION_CONTEXT(2) 
PARAMETRIC_REPRESENTATION_CONTEXT() REPRESENTATION_CONTEXT('2D SPACE',''
  ) );
#2793 = PCURVE('',#755,#2794);
#2794 = DEFINITIONAL_REPRESENTATION('',(#2795),#2798);
#2795 = B_SPLINE_CURVE_WITH_KNOTS('',1,(#2796,#2797),.UNSPECIFIED.,.F.,
  .F.,(2,2),(0.3,6.),.PIECEWISE_BEZIER_KNOTS.);
#2796 = CARTESIAN_POINT('',(0.,0.3));
#2797 = CARTESIAN_POINT('',(0.,6.));
#2798 = ( GEOMETRIC_REPRESENTATION_CONTEXT(2) 
PARAMETRIC_REPRESENTATION_CONTEXT() REPRESENTATION_CONTEXT('2D SPACE',''
  ) );
#2799 = ORIENTED_EDGE('',*,*,#2800,.F.);
#2800 = EDGE_CURVE('',#2704,#2779,#2801,.T.);
#2801 = SURFACE_CURVE('',#2802,(#2806,#2813),.PCURVE_S1.);
#2802 = LINE('',#2803,#2804);
#2803 = CARTESIAN_POINT('',(7.2,-6.,-2.7));
#2804 = VECTOR('',#2805,1.);
#2805 = DIRECTION('',(0.,-1.,0.));
#2806 = PCURVE('',#722,#2807);
#2807 = DEFINITIONAL_REPRESENTATION('',(#2808),#2812);
#2808 = LINE('',#2809,#2810);
#2809 = CARTESIAN_POINT('',(0.3,0.));
#2810 = VECTOR('',#2811,1.);
#2811 = DIRECTION('',(0.,1.));
#2812 = ( GEOMETRIC_REPRESENTATION_CONTEXT(2) 
PARAMETRIC_REPRESENTATION_CONTEXT() REPRESENTATION_CONTEXT('2D SPACE',''
  ) );
#2813 = PCURVE('',#2741,#2814);
#2814 = DEFINITIONAL_REPRESENTATION('',(#2815),#2819);
#2815 = LINE('',#2816,#2817);
#2816 = CARTESIAN_POINT('',(14.7,0.));
#2817 = VECTOR('',#2818,1.);
#2818 = DIRECTION('',(0.,-1.));
#2819 = ( GEOMETRIC_REPRESENTATION_CONTEXT(2) 
PARAMETRIC_REPRESENTATION_CONTEXT() REPRESENTATION_CONTEXT('2D SPACE',''
  ) );
#2820 = ORIENTED_EDGE('',*,*,#2703,.T.);
#2821 = FACE_BOUND('',#2822,.F.);
#2822 = EDGE_LOOP('',(#2823,#2848,#2871,#2894));
#2823 = ORIENTED_EDGE('',*,*,#2824,.F.);
#2824 = EDGE_CURVE('',#2825,#2827,#2829,.T.);
#2825 = VERTEX_POINT('',#2826);
#2826 = CARTESIAN_POINT('',(7.2,3.375,0.825));
#2827 = VERTEX_POINT('',#2828);
#2828 = CARTESIAN_POINT('',(7.2,3.625,0.825));
#2829 = SURFACE_CURVE('',#2830,(#2835,#2842),.PCURVE_S1.);
#2830 = CIRCLE('',#2831,0.125);
#2831 = AXIS2_PLACEMENT_3D('',#2832,#2833,#2834);
#2832 = CARTESIAN_POINT('',(7.2,3.5,0.825));
#2833 = DIRECTION('',(1.,-0.,0.));
#2834 = DIRECTION('',(0.,1.,-1.110223024625E-16));
#2835 = PCURVE('',#722,#2836);
#2836 = DEFINITIONAL_REPRESENTATION('',(#2837),#2841);
#2837 = CIRCLE('',#2838,0.125);
#2838 = AXIS2_PLACEMENT_2D('',#2839,#2840);
#2839 = CARTESIAN_POINT('',(3.825,-9.5));
#2840 = DIRECTION('',(-1.110223024625E-16,-1.));
#2841 = ( GEOMETRIC_REPRESENTATION_CONTEXT(2) 
PARAMETRIC_REPRESENTATION_CONTEXT() REPRESENTATION_CONTEXT('2D SPACE',''
  ) );
#2842 = PCURVE('',#2174,#2843);
#2843 = DEFINITIONAL_REPRESENTATION('',(#2844),#2847);
#2844 = B_SPLINE_CURVE_WITH_KNOTS('',1,(#2845,#2846),.UNSPECIFIED.,.F.,
  .F.,(2,2),(3.14159265359,6.28318530718),.PIECEWISE_BEZIER_KNOTS.);
#2845 = CARTESIAN_POINT('',(-3.14159265359,-0.3));
#2846 = CARTESIAN_POINT('',(0.,-0.3));
#2847 = ( GEOMETRIC_REPRESENTATION_CONTEXT(2) 
PARAMETRIC_REPRESENTATION_CONTEXT() REPRESENTATION_CONTEXT('2D SPACE',''
  ) );
#2848 = ORIENTED_EDGE('',*,*,#2849,.T.);
#2849 = EDGE_CURVE('',#2825,#2850,#2852,.T.);
#2850 = VERTEX_POINT('',#2851);
#2851 = CARTESIAN_POINT('',(7.2,3.375,2.775));
#2852 = SURFACE_CURVE('',#2853,(#2857,#2864),.PCURVE_S1.);
#2853 = LINE('',#2854,#2855);
#2854 = CARTESIAN_POINT('',(7.2,3.375,-1.0875));
#2855 = VECTOR('',#2856,1.);
#2856 = DIRECTION('',(-0.,1.110223024625E-16,1.));
#2857 = PCURVE('',#722,#2858);
#2858 = DEFINITIONAL_REPRESENTATION('',(#2859),#2863);
#2859 = LINE('',#2860,#2861);
#2860 = CARTESIAN_POINT('',(1.9125,-9.375));
#2861 = VECTOR('',#2862,1.);
#2862 = DIRECTION('',(1.,-1.110223024625E-16));
#2863 = ( GEOMETRIC_REPRESENTATION_CONTEXT(2) 
PARAMETRIC_REPRESENTATION_CONTEXT() REPRESENTATION_CONTEXT('2D SPACE',''
  ) );
#2864 = PCURVE('',#2201,#2865);
#2865 = DEFINITIONAL_REPRESENTATION('',(#2866),#2870);
#2866 = LINE('',#2867,#2868);
#2867 = CARTESIAN_POINT('',(-1.9125,-0.3));
#2868 = VECTOR('',#2869,1.);
#2869 = DIRECTION('',(1.,0.));
#2870 = ( GEOMETRIC_REPRESENTATION_CONTEXT(2) 
PARAMETRIC_REPRESENTATION_CONTEXT() REPRESENTATION_CONTEXT('2D SPACE',''
  ) );
#2871 = ORIENTED_EDGE('',*,*,#2872,.F.);
#2872 = EDGE_CURVE('',#2873,#2850,#2875,.T.);
#2873 = VERTEX_POINT('',#2874);
#2874 = CARTESIAN_POINT('',(7.2,3.625,2.775));
#2875 = SURFACE_CURVE('',#2876,(#2881,#2888),.PCURVE_S1.);
#2876 = CIRCLE('',#2877,0.125);
#2877 = AXIS2_PLACEMENT_3D('',#2878,#2879,#2880);
#2878 = CARTESIAN_POINT('',(7.2,3.5,2.775));
#2879 = DIRECTION('',(1.,0.,-0.));
#2880 = DIRECTION('',(0.,-1.,1.110223024625E-16));
#2881 = PCURVE('',#722,#2882);
#2882 = DEFINITIONAL_REPRESENTATION('',(#2883),#2887);
#2883 = CIRCLE('',#2884,0.125);
#2884 = AXIS2_PLACEMENT_2D('',#2885,#2886);
#2885 = CARTESIAN_POINT('',(5.775,-9.5));
#2886 = DIRECTION('',(1.110223024625E-16,1.));
#2887 = ( GEOMETRIC_REPRESENTATION_CONTEXT(2) 
PARAMETRIC_REPRESENTATION_CONTEXT() REPRESENTATION_CONTEXT('2D SPACE',''
  ) );
#2888 = PCURVE('',#2234,#2889);
#2889 = DEFINITIONAL_REPRESENTATION('',(#2890),#2893);
#2890 = B_SPLINE_CURVE_WITH_KNOTS('',1,(#2891,#2892),.UNSPECIFIED.,.F.,
  .F.,(2,2),(3.14159265359,6.28318530718),.PIECEWISE_BEZIER_KNOTS.);
#2891 = CARTESIAN_POINT('',(-3.14159265359,-0.3));
#2892 = CARTESIAN_POINT('',(0.,-0.3));
#2893 = ( GEOMETRIC_REPRESENTATION_CONTEXT(2) 
PARAMETRIC_REPRESENTATION_CONTEXT() REPRESENTATION_CONTEXT('2D SPACE',''
  ) );
#2894 = ORIENTED_EDGE('',*,*,#2895,.T.);
#2895 = EDGE_CURVE('',#2873,#2827,#2896,.T.);
#2896 = SURFACE_CURVE('',#2897,(#2901,#2908),.PCURVE_S1.);
#2897 = LINE('',#2898,#2899);
#2898 = CARTESIAN_POINT('',(7.2,3.625,-0.1125));
#2899 = VECTOR('',#2900,1.);
#2900 = DIRECTION('',(0.,-1.110223024625E-16,-1.));
#2901 = PCURVE('',#722,#2902);
#2902 = DEFINITIONAL_REPRESENTATION('',(#2903),#2907);
#2903 = LINE('',#2904,#2905);
#2904 = CARTESIAN_POINT('',(2.8875,-9.625));
#2905 = VECTOR('',#2906,1.);
#2906 = DIRECTION('',(-1.,1.110223024625E-16));
#2907 = ( GEOMETRIC_REPRESENTATION_CONTEXT(2) 
PARAMETRIC_REPRESENTATION_CONTEXT() REPRESENTATION_CONTEXT('2D SPACE',''
  ) );
#2908 = PCURVE('',#2259,#2909);
#2909 = DEFINITIONAL_REPRESENTATION('',(#2910),#2914);
#2910 = LINE('',#2911,#2912);
#2911 = CARTESIAN_POINT('',(2.8875,-0.3));
#2912 = VECTOR('',#2913,1.);
#2913 = DIRECTION('',(1.,0.));
#2914 = ( GEOMETRIC_REPRESENTATION_CONTEXT(2) 
PARAMETRIC_REPRESENTATION_CONTEXT() REPRESENTATION_CONTEXT('2D SPACE',''
  ) );
#2915 = FACE_BOUND('',#2916,.F.);
#2916 = EDGE_LOOP('',(#2917,#2942,#2965,#2988));
#2917 = ORIENTED_EDGE('',*,*,#2918,.F.);
#2918 = EDGE_CURVE('',#2919,#2921,#2923,.T.);
#2919 = VERTEX_POINT('',#2920);
#2920 = CARTESIAN_POINT('',(7.2,2.375,0.825));
#2921 = VERTEX_POINT('',#2922);
#2922 = CARTESIAN_POINT('',(7.2,2.625,0.825));
#2923 = SURFACE_CURVE('',#2924,(#2929,#2936),.PCURVE_S1.);
#2924 = CIRCLE('',#2925,0.125);
#2925 = AXIS2_PLACEMENT_3D('',#2926,#2927,#2928);
#2926 = CARTESIAN_POINT('',(7.2,2.5,0.825));
#2927 = DIRECTION('',(1.,-0.,0.));
#2928 = DIRECTION('',(0.,1.,-1.110223024625E-16));
#2929 = PCURVE('',#722,#2930);
#2930 = DEFINITIONAL_REPRESENTATION('',(#2931),#2935);
#2931 = CIRCLE('',#2932,0.125);
#2932 = AXIS2_PLACEMENT_2D('',#2933,#2934);
#2933 = CARTESIAN_POINT('',(3.825,-8.5));
#2934 = DIRECTION('',(-1.110223024625E-16,-1.));
#2935 = ( GEOMETRIC_REPRESENTATION_CONTEXT(2) 
PARAMETRIC_REPRESENTATION_CONTEXT() REPRESENTATION_CONTEXT('2D SPACE',''
  ) );
#2936 = PCURVE('',#2296,#2937);
#2937 = DEFINITIONAL_REPRESENTATION('',(#2938),#2941);
#2938 = B_SPLINE_CURVE_WITH_KNOTS('',1,(#2939,#2940),.UNSPECIFIED.,.F.,
  .F.,(2,2),(3.14159265359,6.28318530718),.PIECEWISE_BEZIER_KNOTS.);
#2939 = CARTESIAN_POINT('',(-3.14159265359,-0.3));
#2940 = CARTESIAN_POINT('',(0.,-0.3));
#2941 = ( GEOMETRIC_REPRESENTATION_CONTEXT(2) 
PARAMETRIC_REPRESENTATION_CONTEXT() REPRESENTATION_CONTEXT('2D SPACE',''
  ) );
#2942 = ORIENTED_EDGE('',*,*,#2943,.T.);
#2943 = EDGE_CURVE('',#2919,#2944,#2946,.T.);
#2944 = VERTEX_POINT('',#2945);
#2945 = CARTESIAN_POINT('',(7.2,2.375,2.775));
#2946 = SURFACE_CURVE('',#2947,(#2951,#2958),.PCURVE_S1.);
#2947 = LINE('',#2948,#2949);
#2948 = CARTESIAN_POINT('',(7.2,2.375,-1.0875));
#2949 = VECTOR('',#2950,1.);
#2950 = DIRECTION('',(-0.,1.110223024625E-16,1.));
#2951 = PCURVE('',#722,#2952);
#2952 = DEFINITIONAL_REPRESENTATION('',(#2953),#2957);
#2953 = LINE('',#2954,#2955);
#2954 = CARTESIAN_POINT('',(1.9125,-8.375));
#2955 = VECTOR('',#2956,1.);
#2956 = DIRECTION('',(1.,-1.110223024625E-16));
#2957 = ( GEOMETRIC_REPRESENTATION_CONTEXT(2) 
PARAMETRIC_REPRESENTATION_CONTEXT() REPRESENTATION_CONTEXT('2D SPACE',''
  ) );
#2958 = PCURVE('',#2323,#2959);
#2959 = DEFINITIONAL_REPRESENTATION('',(#2960),#2964);
#2960 = LINE('',#2961,#2962);
#2961 = CARTESIAN_POINT('',(-1.9125,-0.3));
#2962 = VECTOR('',#2963,1.);
#2963 = DIRECTION('',(1.,0.));
#2964 = ( GEOMETRIC_REPRESENTATION_CONTEXT(2) 
PARAMETRIC_REPRESENTATION_CONTEXT() REPRESENTATION_CONTEXT('2D SPACE',''
  ) );
#2965 = ORIENTED_EDGE('',*,*,#2966,.F.);
#2966 = EDGE_CURVE('',#2967,#2944,#2969,.T.);
#2967 = VERTEX_POINT('',#2968);
#2968 = CARTESIAN_POINT('',(7.2,2.625,2.775));
#2969 = SURFACE_CURVE('',#2970,(#2975,#2982),.PCURVE_S1.);
#2970 = CIRCLE('',#2971,0.125);
#2971 = AXIS2_PLACEMENT_3D('',#2972,#2973,#2974);
#2972 = CARTESIAN_POINT('',(7.2,2.5,2.775));
#2973 = DIRECTION('',(1.,0.,-0.));
#2974 = DIRECTION('',(0.,-1.,1.110223024625E-16));
#2975 = PCURVE('',#722,#2976);
#2976 = DEFINITIONAL_REPRESENTATION('',(#2977),#2981);
#2977 = CIRCLE('',#2978,0.125);
#2978 = AXIS2_PLACEMENT_2D('',#2979,#2980);
#2979 = CARTESIAN_POINT('',(5.775,-8.5));
#2980 = DIRECTION('',(1.110223024625E-16,1.));
#2981 = ( GEOMETRIC_REPRESENTATION_CONTEXT(2) 
PARAMETRIC_REPRESENTATION_CONTEXT() REPRESENTATION_CONTEXT('2D SPACE',''
  ) );
#2982 = PCURVE('',#2356,#2983);
#2983 = DEFINITIONAL_REPRESENTATION('',(#2984),#2987);
#2984 = B_SPLINE_CURVE_WITH_KNOTS('',1,(#2985,#2986),.UNSPECIFIED.,.F.,
  .F.,(2,2),(3.14159265359,6.28318530718),.PIECEWISE_BEZIER_KNOTS.);
#2985 = CARTESIAN_POINT('',(-3.14159265359,-0.3));
#2986 = CARTESIAN_POINT('',(0.,-0.3));
#2987 = ( GEOMETRIC_REPRESENTATION_CONTEXT(2) 
PARAMETRIC_REPRESENTATION_CONTEXT() REPRESENTATION_CONTEXT('2D SPACE',''
  ) );
#2988 = ORIENTED_EDGE('',*,*,#2989,.T.);
#2989 = EDGE_CURVE('',#2967,#2921,#2990,.T.);
#2990 = SURFACE_CURVE('',#2991,(#2995,#3002),.PCURVE_S1.);
#2991 = LINE('',#2992,#2993);
#2992 = CARTESIAN_POINT('',(7.2,2.625,-0.1125));
#2993 = VECTOR('',#2994,1.);
#2994 = DIRECTION('',(0.,-1.110223024625E-16,-1.));
#2995 = PCURVE('',#722,#2996);
#2996 = DEFINITIONAL_REPRESENTATION('',(#2997),#3001);
#2997 = LINE('',#2998,#2999);
#2998 = CARTESIAN_POINT('',(2.8875,-8.625));
#2999 = VECTOR('',#3000,1.);
#3000 = DIRECTION('',(-1.,1.110223024625E-16));
#3001 = ( GEOMETRIC_REPRESENTATION_CONTEXT(2) 
PARAMETRIC_REPRESENTATION_CONTEXT() REPRESENTATION_CONTEXT('2D SPACE',''
  ) );
#3002 = PCURVE('',#2381,#3003);
#3003 = DEFINITIONAL_REPRESENTATION('',(#3004),#3008);
#3004 = LINE('',#3005,#3006);
#3005 = CARTESIAN_POINT('',(2.8875,-0.3));
#3006 = VECTOR('',#3007,1.);
#3007 = DIRECTION('',(1.,0.));
#3008 = ( GEOMETRIC_REPRESENTATION_CONTEXT(2) 
PARAMETRIC_REPRESENTATION_CONTEXT() REPRESENTATION_CONTEXT('2D SPACE',''
  ) );
#3009 = FACE_BOUND('',#3010,.F.);
#3010 = EDGE_LOOP('',(#3011));
#3011 = ORIENTED_EDGE('',*,*,#3012,.F.);
#3012 = EDGE_CURVE('',#3013,#3013,#3015,.T.);
#3013 = VERTEX_POINT('',#3014);
#3014 = CARTESIAN_POINT('',(7.2,0.6,0.));
#3015 = SURFACE_CURVE('',#3016,(#3021,#3028),.PCURVE_S1.);
#3016 = CIRCLE('',#3017,0.6);
#3017 = AXIS2_PLACEMENT_3D('',#3018,#3019,#3020);
#3018 = CARTESIAN_POINT('',(7.2,0.,0.));
#3019 = DIRECTION('',(1.,0.,0.));
#3020 = DIRECTION('',(-0.,1.,0.));
#3021 = PCURVE('',#722,#3022);
#3022 = DEFINITIONAL_REPRESENTATION('',(#3023),#3027);
#3023 = CIRCLE('',#3024,0.6);
#3024 = AXIS2_PLACEMENT_2D('',#3025,#3026);
#3025 = CARTESIAN_POINT('',(3.,-6.));
#3026 = DIRECTION('',(0.,-1.));
#3027 = ( GEOMETRIC_REPRESENTATION_CONTEXT(2) 
PARAMETRIC_REPRESENTATION_CONTEXT() REPRESENTATION_CONTEXT('2D SPACE',''
  ) );
#3028 = PCURVE('',#2412,#3029);
#3029 = DEFINITIONAL_REPRESENTATION('',(#3030),#3033);
#3030 = B_SPLINE_CURVE_WITH_KNOTS('',1,(#3031,#3032),.UNSPECIFIED.,.F.,
  .F.,(2,2),(0.,6.28318530718),.PIECEWISE_BEZIER_KNOTS.);
#3031 = CARTESIAN_POINT('',(0.,-0.3));
#3032 = CARTESIAN_POINT('',(6.28318530718,-0.3));
#3033 = ( GEOMETRIC_REPRESENTATION_CONTEXT(2) 
PARAMETRIC_REPRESENTATION_CONTEXT() REPRESENTATION_CONTEXT('2D SPACE',''
  ) );
#3034 = FACE_BOUND('',#3035,.F.);
#3035 = EDGE_LOOP('',(#3036,#3061,#3084,#3107));
#3036 = ORIENTED_EDGE('',*,*,#3037,.F.);
#3037 = EDGE_CURVE('',#3038,#3040,#3042,.T.);
#3038 = VERTEX_POINT('',#3039);
#3039 = CARTESIAN_POINT('',(7.2,-2.625,0.825));
#3040 = VERTEX_POINT('',#3041);
#3041 = CARTESIAN_POINT('',(7.2,-2.375,0.825));
#3042 = SURFACE_CURVE('',#3043,(#3048,#3055),.PCURVE_S1.);
#3043 = CIRCLE('',#3044,0.125);
#3044 = AXIS2_PLACEMENT_3D('',#3045,#3046,#3047);
#3045 = CARTESIAN_POINT('',(7.2,-2.5,0.825));
#3046 = DIRECTION('',(1.,-0.,0.));
#3047 = DIRECTION('',(0.,1.,-1.110223024625E-16));
#3048 = PCURVE('',#722,#3049);
#3049 = DEFINITIONAL_REPRESENTATION('',(#3050),#3054);
#3050 = CIRCLE('',#3051,0.125);
#3051 = AXIS2_PLACEMENT_2D('',#3052,#3053);
#3052 = CARTESIAN_POINT('',(3.825,-3.5));
#3053 = DIRECTION('',(-1.110223024625E-16,-1.));
#3054 = ( GEOMETRIC_REPRESENTATION_CONTEXT(2) 
PARAMETRIC_REPRESENTATION_CONTEXT() REPRESENTATION_CONTEXT('2D SPACE',''
  ) );
#3055 = PCURVE('',#2448,#3056);
#3056 = DEFINITIONAL_REPRESENTATION('',(#3057),#3060);
#3057 = B_SPLINE_CURVE_WITH_KNOTS('',1,(#3058,#3059),.UNSPECIFIED.,.F.,
  .F.,(2,2),(3.14159265359,6.28318530718),.PIECEWISE_BEZIER_KNOTS.);
#3058 = CARTESIAN_POINT('',(-3.14159265359,-0.3));
#3059 = CARTESIAN_POINT('',(0.,-0.3));
#3060 = ( GEOMETRIC_REPRESENTATION_CONTEXT(2) 
PARAMETRIC_REPRESENTATION_CONTEXT() REPRESENTATION_CONTEXT('2D SPACE',''
  ) );
#3061 = ORIENTED_EDGE('',*,*,#3062,.T.);
#3062 = EDGE_CURVE('',#3038,#3063,#3065,.T.);
#3063 = VERTEX_POINT('',#3064);
#3064 = CARTESIAN_POINT('',(7.2,-2.625,2.775));
#3065 = SURFACE_CURVE('',#3066,(#3070,#3077),.PCURVE_S1.);
#3066 = LINE('',#3067,#3068);
#3067 = CARTESIAN_POINT('',(7.2,-2.625,-1.0875));
#3068 = VECTOR('',#3069,1.);
#3069 = DIRECTION('',(-0.,1.110223024625E-16,1.));
#3070 = PCURVE('',#722,#3071);
#3071 = DEFINITIONAL_REPRESENTATION('',(#3072),#3076);
#3072 = LINE('',#3073,#3074);
#3073 = CARTESIAN_POINT('',(1.9125,-3.375));
#3074 = VECTOR('',#3075,1.);
#3075 = DIRECTION('',(1.,-1.110223024625E-16));
#3076 = ( GEOMETRIC_REPRESENTATION_CONTEXT(2) 
PARAMETRIC_REPRESENTATION_CONTEXT() REPRESENTATION_CONTEXT('2D SPACE',''
  ) );
#3077 = PCURVE('',#2475,#3078);
#3078 = DEFINITIONAL_REPRESENTATION('',(#3079),#3083);
#3079 = LINE('',#3080,#3081);
#3080 = CARTESIAN_POINT('',(-1.9125,-0.3));
#3081 = VECTOR('',#3082,1.);
#3082 = DIRECTION('',(1.,0.));
#3083 = ( GEOMETRIC_REPRESENTATION_CONTEXT(2) 
PARAMETRIC_REPRESENTATION_CONTEXT() REPRESENTATION_CONTEXT('2D SPACE',''
  ) );
#3084 = ORIENTED_EDGE('',*,*,#3085,.F.);
#3085 = EDGE_CURVE('',#3086,#3063,#3088,.T.);
#3086 = VERTEX_POINT('',#3087);
#3087 = CARTESIAN_POINT('',(7.2,-2.375,2.775));
#3088 = SURFACE_CURVE('',#3089,(#3094,#3101),.PCURVE_S1.);
#3089 = CIRCLE('',#3090,0.125);
#3090 = AXIS2_PLACEMENT_3D('',#3091,#3092,#3093);
#3091 = CARTESIAN_POINT('',(7.2,-2.5,2.775));
#3092 = DIRECTION('',(1.,0.,-0.));
#3093 = DIRECTION('',(0.,-1.,1.110223024625E-16));
#3094 = PCURVE('',#722,#3095);
#3095 = DEFINITIONAL_REPRESENTATION('',(#3096),#3100);
#3096 = CIRCLE('',#3097,0.125);
#3097 = AXIS2_PLACEMENT_2D('',#3098,#3099);
#3098 = CARTESIAN_POINT('',(5.775,-3.5));
#3099 = DIRECTION('',(1.110223024625E-16,1.));
#3100 = ( GEOMETRIC_REPRESENTATION_CONTEXT(2) 
PARAMETRIC_REPRESENTATION_CONTEXT() REPRESENTATION_CONTEXT('2D SPACE',''
  ) );
#3101 = PCURVE('',#2508,#3102);
#3102 = DEFINITIONAL_REPRESENTATION('',(#3103),#3106);
#3103 = B_SPLINE_CURVE_WITH_KNOTS('',1,(#3104,#3105),.UNSPECIFIED.,.F.,
  .F.,(2,2),(3.14159265359,6.28318530718),.PIECEWISE_BEZIER_KNOTS.);
#3104 = CARTESIAN_POINT('',(-3.14159265359,-0.3));
#3105 = CARTESIAN_POINT('',(0.,-0.3));
#3106 = ( GEOMETRIC_REPRESENTATION_CONTEXT(2) 
PARAMETRIC_REPRESENTATION_CONTEXT() REPRESENTATION_CONTEXT('2D SPACE',''
  ) );
#3107 = ORIENTED_EDGE('',*,*,#3108,.T.);
#3108 = EDGE_CURVE('',#3086,#3040,#3109,.T.);
#3109 = SURFACE_CURVE('',#3110,(#3114,#3121),.PCURVE_S1.);
#3110 = LINE('',#3111,#3112);
#3111 = CARTESIAN_POINT('',(7.2,-2.375,-0.1125));
#3112 = VECTOR('',#3113,1.);
#3113 = DIRECTION('',(0.,-1.110223024625E-16,-1.));
#3114 = PCURVE('',#722,#3115);
#3115 = DEFINITIONAL_REPRESENTATION('',(#3116),#3120);
#3116 = LINE('',#3117,#3118);
#3117 = CARTESIAN_POINT('',(2.8875,-3.625));
#3118 = VECTOR('',#3119,1.);
#3119 = DIRECTION('',(-1.,1.110223024625E-16));
#3120 = ( GEOMETRIC_REPRESENTATION_CONTEXT(2) 
PARAMETRIC_REPRESENTATION_CONTEXT() REPRESENTATION_CONTEXT('2D SPACE',''
  ) );
#3121 = PCURVE('',#2533,#3122);
#3122 = DEFINITIONAL_REPRESENTATION('',(#3123),#3127);
#3123 = LINE('',#3124,#3125);
#3124 = CARTESIAN_POINT('',(2.8875,-0.3));
#3125 = VECTOR('',#3126,1.);
#3126 = DIRECTION('',(1.,0.));
#3127 = ( GEOMETRIC_REPRESENTATION_CONTEXT(2) 
PARAMETRIC_REPRESENTATION_CONTEXT() REPRESENTATION_CONTEXT('2D SPACE',''
  ) );
#3128 = FACE_BOUND('',#3129,.F.);
#3129 = EDGE_LOOP('',(#3130,#3155,#3178,#3201));
#3130 = ORIENTED_EDGE('',*,*,#3131,.F.);
#3131 = EDGE_CURVE('',#3132,#3134,#3136,.T.);
#3132 = VERTEX_POINT('',#3133);
#3133 = CARTESIAN_POINT('',(7.2,-3.625,0.825));
#3134 = VERTEX_POINT('',#3135);
#3135 = CARTESIAN_POINT('',(7.2,-3.375,0.825));
#3136 = SURFACE_CURVE('',#3137,(#3142,#3149),.PCURVE_S1.);
#3137 = CIRCLE('',#3138,0.125);
#3138 = AXIS2_PLACEMENT_3D('',#3139,#3140,#3141);
#3139 = CARTESIAN_POINT('',(7.2,-3.5,0.825));
#3140 = DIRECTION('',(1.,-0.,0.));
#3141 = DIRECTION('',(0.,1.,-1.110223024625E-16));
#3142 = PCURVE('',#722,#3143);
#3143 = DEFINITIONAL_REPRESENTATION('',(#3144),#3148);
#3144 = CIRCLE('',#3145,0.125);
#3145 = AXIS2_PLACEMENT_2D('',#3146,#3147);
#3146 = CARTESIAN_POINT('',(3.825,-2.5));
#3147 = DIRECTION('',(-1.110223024625E-16,-1.));
#3148 = ( GEOMETRIC_REPRESENTATION_CONTEXT(2) 
PARAMETRIC_REPRESENTATION_CONTEXT() REPRESENTATION_CONTEXT('2D SPACE',''
  ) );
#3149 = PCURVE('',#2570,#3150);
#3150 = DEFINITIONAL_REPRESENTATION('',(#3151),#3154);
#3151 = B_SPLINE_CURVE_WITH_KNOTS('',1,(#3152,#3153),.UNSPECIFIED.,.F.,
  .F.,(2,2),(3.14159265359,6.28318530718),.PIECEWISE_BEZIER_KNOTS.);
#3152 = CARTESIAN_POINT('',(-3.14159265359,-0.3));
#3153 = CARTESIAN_POINT('',(0.,-0.3));
#3154 = ( GEOMETRIC_REPRESENTATION_CONTEXT(2) 
PARAMETRIC_REPRESENTATION_CONTEXT() REPRESENTATION_CONTEXT('2D SPACE',''
  ) );
#3155 = ORIENTED_EDGE('',*,*,#3156,.T.);
#3156 = EDGE_CURVE('',#3132,#3157,#3159,.T.);
#3157 = VERTEX_POINT('',#3158);
#3158 = CARTESIAN_POINT('',(7.2,-3.625,2.775));
#3159 = SURFACE_CURVE('',#3160,(#3164,#3171),.PCURVE_S1.);
#3160 = LINE('',#3161,#3162);
#3161 = CARTESIAN_POINT('',(7.2,-3.625,-1.0875));
#3162 = VECTOR('',#3163,1.);
#3163 = DIRECTION('',(-0.,1.110223024625E-16,1.));
#3164 = PCURVE('',#722,#3165);
#3165 = DEFINITIONAL_REPRESENTATION('',(#3166),#3170);
#3166 = LINE('',#3167,#3168);
#3167 = CARTESIAN_POINT('',(1.9125,-2.375));
#3168 = VECTOR('',#3169,1.);
#3169 = DIRECTION('',(1.,-1.110223024625E-16));
#3170 = ( GEOMETRIC_REPRESENTATION_CONTEXT(2) 
PARAMETRIC_REPRESENTATION_CONTEXT() REPRESENTATION_CONTEXT('2D SPACE',''
  ) );
#3171 = PCURVE('',#2597,#3172);
#3172 = DEFINITIONAL_REPRESENTATION('',(#3173),#3177);
#3173 = LINE('',#3174,#3175);
#3174 = CARTESIAN_POINT('',(-1.9125,-0.3));
#3175 = VECTOR('',#3176,1.);
#3176 = DIRECTION('',(1.,0.));
#3177 = ( GEOMETRIC_REPRESENTATION_CONTEXT(2) 
PARAMETRIC_REPRESENTATION_CONTEXT() REPRESENTATION_CONTEXT('2D SPACE',''
  ) );
#3178 = ORIENTED_EDGE('',*,*,#3179,.F.);
#3179 = EDGE_CURVE('',#3180,#3157,#3182,.T.);
#3180 = VERTEX_POINT('',#3181);
#3181 = CARTESIAN_POINT('',(7.2,-3.375,2.775));
#3182 = SURFACE_CURVE('',#3183,(#3188,#3195),.PCURVE_S1.);
#3183 = CIRCLE('',#3184,0.125);
#3184 = AXIS2_PLACEMENT_3D('',#3185,#3186,#3187);
#3185 = CARTESIAN_POINT('',(7.2,-3.5,2.775));
#3186 = DIRECTION('',(1.,0.,-0.));
#3187 = DIRECTION('',(0.,-1.,1.110223024625E-16));
#3188 = PCURVE('',#722,#3189);
#3189 = DEFINITIONAL_REPRESENTATION('',(#3190),#3194);
#3190 = CIRCLE('',#3191,0.125);
#3191 = AXIS2_PLACEMENT_2D('',#3192,#3193);
#3192 = CARTESIAN_POINT('',(5.775,-2.5));
#3193 = DIRECTION('',(1.110223024625E-16,1.));
#3194 = ( GEOMETRIC_REPRESENTATION_CONTEXT(2) 
PARAMETRIC_REPRESENTATION_CONTEXT() REPRESENTATION_CONTEXT('2D SPACE',''
  ) );
#3195 = PCURVE('',#2630,#3196);
#3196 = DEFINITIONAL_REPRESENTATION('',(#3197),#3200);
#3197 = B_SPLINE_CURVE_WITH_KNOTS('',1,(#3198,#3199),.UNSPECIFIED.,.F.,
  .F.,(2,2),(3.14159265359,6.28318530718),.PIECEWISE_BEZIER_KNOTS.);
#3198 = CARTESIAN_POINT('',(-3.14159265359,-0.3));
#3199 = CARTESIAN_POINT('',(0.,-0.3));
#3200 = ( GEOMETRIC_REPRESENTATION_CONTEXT(2) 
PARAMETRIC_REPRESENTATION_CONTEXT() REPRESENTATION_CONTEXT('2D SPACE',''
  ) );
#3201 = ORIENTED_EDGE('',*,*,#3202,.T.);
#3202 = EDGE_CURVE('',#3180,#3134,#3203,.T.);
#3203 = SURFACE_CURVE('',#3204,(#3208,#3215),.PCURVE_S1.);
#3204 = LINE('',#3205,#3206);
#3205 = CARTESIAN_POINT('',(7.2,-3.375,-0.1125));
#3206 = VECTOR('',#3207,1.);
#3207 = DIRECTION('',(0.,-1.110223024625E-16,-1.));
#3208 = PCURVE('',#722,#3209);
#3209 = DEFINITIONAL_REPRESENTATION('',(#3210),#3214);
#3210 = LINE('',#3211,#3212);
#3211 = CARTESIAN_POINT('',(2.8875,-2.625));
#3212 = VECTOR('',#3213,1.);
#3213 = DIRECTION('',(-1.,1.110223024625E-16));
#3214 = ( GEOMETRIC_REPRESENTATION_CONTEXT(2) 
PARAMETRIC_REPRESENTATION_CONTEXT() REPRESENTATION_CONTEXT('2D SPACE',''
  ) );
#3215 = PCURVE('',#2655,#3216);
#3216 = DEFINITIONAL_REPRESENTATION('',(#3217),#3221);
#3217 = LINE('',#3218,#3219);
#3218 = CARTESIAN_POINT('',(2.8875,-0.3));
#3219 = VECTOR('',#3220,1.);
#3220 = DIRECTION('',(1.,0.));
#3221 = ( GEOMETRIC_REPRESENTATION_CONTEXT(2) 
PARAMETRIC_REPRESENTATION_CONTEXT() REPRESENTATION_CONTEXT('2D SPACE',''
  ) );
#3222 = ADVANCED_FACE('',(#3223),#755,.F.);
#3223 = FACE_BOUND('',#3224,.T.);
#3224 = EDGE_LOOP('',(#3225,#3226,#3249,#3269));
#3225 = ORIENTED_EDGE('',*,*,#2778,.F.);
#3226 = ORIENTED_EDGE('',*,*,#3227,.F.);
#3227 = EDGE_CURVE('',#3228,#2779,#3230,.T.);
#3228 = VERTEX_POINT('',#3229);
#3229 = CARTESIAN_POINT('',(6.9,-5.7,-2.7));
#3230 = SURFACE_CURVE('',#3231,(#3236,#3242),.PCURVE_S1.);
#3231 = CIRCLE('',#3232,0.3);
#3232 = AXIS2_PLACEMENT_3D('',#3233,#3234,#3235);
#3233 = CARTESIAN_POINT('',(6.9,-5.4,-2.7));
#3234 = DIRECTION('',(0.,0.,1.));
#3235 = DIRECTION('',(1.,0.,-0.));
#3236 = PCURVE('',#755,#3237);
#3237 = DEFINITIONAL_REPRESENTATION('',(#3238),#3241);
#3238 = B_SPLINE_CURVE_WITH_KNOTS('',1,(#3239,#3240),.UNSPECIFIED.,.F.,
  .F.,(2,2),(4.712388980385,6.28318530718),.PIECEWISE_BEZIER_KNOTS.);
#3239 = CARTESIAN_POINT('',(-1.570796326795,0.3));
#3240 = CARTESIAN_POINT('',(0.,0.3));
#3241 = ( GEOMETRIC_REPRESENTATION_CONTEXT(2) 
PARAMETRIC_REPRESENTATION_CONTEXT() REPRESENTATION_CONTEXT('2D SPACE',''
  ) );
#3242 = PCURVE('',#2741,#3243);
#3243 = DEFINITIONAL_REPRESENTATION('',(#3244),#3248);
#3244 = CIRCLE('',#3245,0.3);
#3245 = AXIS2_PLACEMENT_2D('',#3246,#3247);
#3246 = CARTESIAN_POINT('',(14.4,0.6));
#3247 = DIRECTION('',(1.,0.));
#3248 = ( GEOMETRIC_REPRESENTATION_CONTEXT(2) 
PARAMETRIC_REPRESENTATION_CONTEXT() REPRESENTATION_CONTEXT('2D SPACE',''
  ) );
#3249 = ORIENTED_EDGE('',*,*,#3250,.T.);
#3250 = EDGE_CURVE('',#3228,#735,#3251,.T.);
#3251 = SURFACE_CURVE('',#3252,(#3256,#3262),.PCURVE_S1.);
#3252 = LINE('',#3253,#3254);
#3253 = CARTESIAN_POINT('',(6.9,-5.7,-3.));
#3254 = VECTOR('',#3255,1.);
#3255 = DIRECTION('',(0.,0.,1.));
#3256 = PCURVE('',#755,#3257);
#3257 = DEFINITIONAL_REPRESENTATION('',(#3258),#3261);
#3258 = B_SPLINE_CURVE_WITH_KNOTS('',1,(#3259,#3260),.UNSPECIFIED.,.F.,
  .F.,(2,2),(0.3,6.),.PIECEWISE_BEZIER_KNOTS.);
#3259 = CARTESIAN_POINT('',(-1.570796326795,0.3));
#3260 = CARTESIAN_POINT('',(-1.570796326795,6.));
#3261 = ( GEOMETRIC_REPRESENTATION_CONTEXT(2) 
PARAMETRIC_REPRESENTATION_CONTEXT() REPRESENTATION_CONTEXT('2D SPACE',''
  ) );
#3262 = PCURVE('',#782,#3263);
#3263 = DEFINITIONAL_REPRESENTATION('',(#3264),#3268);
#3264 = LINE('',#3265,#3266);
#3265 = CARTESIAN_POINT('',(0.,14.4));
#3266 = VECTOR('',#3267,1.);
#3267 = DIRECTION('',(1.,0.));
#3268 = ( GEOMETRIC_REPRESENTATION_CONTEXT(2) 
PARAMETRIC_REPRESENTATION_CONTEXT() REPRESENTATION_CONTEXT('2D SPACE',''
  ) );
#3269 = ORIENTED_EDGE('',*,*,#734,.F.);
#3270 = ADVANCED_FACE('',(#3271,#3318,#3347,#3376,#3405,#3434,#3463,
    #3492,#3521),#782,.T.);
#3271 = FACE_BOUND('',#3272,.T.);
#3272 = EDGE_LOOP('',(#3273,#3274,#3297,#3317));
#3273 = ORIENTED_EDGE('',*,*,#3250,.F.);
#3274 = ORIENTED_EDGE('',*,*,#3275,.F.);
#3275 = EDGE_CURVE('',#3276,#3228,#3278,.T.);
#3276 = VERTEX_POINT('',#3277);
#3277 = CARTESIAN_POINT('',(-6.9,-5.7,-2.7));
#3278 = SURFACE_CURVE('',#3279,(#3283,#3290),.PCURVE_S1.);
#3279 = LINE('',#3280,#3281);
#3280 = CARTESIAN_POINT('',(-7.5,-5.7,-2.7));
#3281 = VECTOR('',#3282,1.);
#3282 = DIRECTION('',(1.,0.,0.));
#3283 = PCURVE('',#782,#3284);
#3284 = DEFINITIONAL_REPRESENTATION('',(#3285),#3289);
#3285 = LINE('',#3286,#3287);
#3286 = CARTESIAN_POINT('',(0.3,0.));
#3287 = VECTOR('',#3288,1.);
#3288 = DIRECTION('',(0.,1.));
#3289 = ( GEOMETRIC_REPRESENTATION_CONTEXT(2) 
PARAMETRIC_REPRESENTATION_CONTEXT() REPRESENTATION_CONTEXT('2D SPACE',''
  ) );
#3290 = PCURVE('',#2741,#3291);
#3291 = DEFINITIONAL_REPRESENTATION('',(#3292),#3296);
#3292 = LINE('',#3293,#3294);
#3293 = CARTESIAN_POINT('',(0.,0.3));
#3294 = VECTOR('',#3295,1.);
#3295 = DIRECTION('',(1.,0.));
#3296 = ( GEOMETRIC_REPRESENTATION_CONTEXT(2) 
PARAMETRIC_REPRESENTATION_CONTEXT() REPRESENTATION_CONTEXT('2D SPACE',''
  ) );
#3297 = ORIENTED_EDGE('',*,*,#3298,.T.);
#3298 = EDGE_CURVE('',#3276,#767,#3299,.T.);
#3299 = SURFACE_CURVE('',#3300,(#3304,#3311),.PCURVE_S1.);
#3300 = LINE('',#3301,#3302);
#3301 = CARTESIAN_POINT('',(-6.9,-5.7,-3.));
#3302 = VECTOR('',#3303,1.);
#3303 = DIRECTION('',(0.,0.,1.));
#3304 = PCURVE('',#782,#3305);
#3305 = DEFINITIONAL_REPRESENTATION('',(#3306),#3310);
#3306 = LINE('',#3307,#3308);
#3307 = CARTESIAN_POINT('',(0.,0.6));
#3308 = VECTOR('',#3309,1.);
#3309 = DIRECTION('',(1.,0.));
#3310 = ( GEOMETRIC_REPRESENTATION_CONTEXT(2) 
PARAMETRIC_REPRESENTATION_CONTEXT() REPRESENTATION_CONTEXT('2D SPACE',''
  ) );
#3311 = PCURVE('',#811,#3312);
#3312 = DEFINITIONAL_REPRESENTATION('',(#3313),#3316);
#3313 = B_SPLINE_CURVE_WITH_KNOTS('',1,(#3314,#3315),.UNSPECIFIED.,.F.,
  .F.,(2,2),(0.3,6.),.PIECEWISE_BEZIER_KNOTS.);
#3314 = CARTESIAN_POINT('',(1.570796326795,0.3));
#3315 = CARTESIAN_POINT('',(1.570796326795,6.));
#3316 = ( GEOMETRIC_REPRESENTATION_CONTEXT(2) 
PARAMETRIC_REPRESENTATION_CONTEXT() REPRESENTATION_CONTEXT('2D SPACE',''
  ) );
#3317 = ORIENTED_EDGE('',*,*,#766,.T.);
#3318 = FACE_BOUND('',#3319,.T.);
#3319 = EDGE_LOOP('',(#3320));
#3320 = ORIENTED_EDGE('',*,*,#3321,.T.);
#3321 = EDGE_CURVE('',#3322,#3322,#3324,.T.);
#3322 = VERTEX_POINT('',#3323);
#3323 = CARTESIAN_POINT('',(-5.35,-5.7,-1.8));
#3324 = SURFACE_CURVE('',#3325,(#3330,#3341),.PCURVE_S1.);
#3325 = CIRCLE('',#3326,0.65);
#3326 = AXIS2_PLACEMENT_3D('',#3327,#3328,#3329);
#3327 = CARTESIAN_POINT('',(-6.,-5.7,-1.8));
#3328 = DIRECTION('',(0.,-1.,0.));
#3329 = DIRECTION('',(1.,0.,0.));
#3330 = PCURVE('',#782,#3331);
#3331 = DEFINITIONAL_REPRESENTATION('',(#3332),#3340);
#3332 = ( BOUNDED_CURVE() B_SPLINE_CURVE(2,(#3333,#3334,#3335,#3336,
#3337,#3338,#3339),.UNSPECIFIED.,.T.,.F.) B_SPLINE_CURVE_WITH_KNOTS((1,2
    ,2,2,2,1),(-2.094395102393,0.,2.094395102393,4.188790204786,
6.28318530718,8.377580409573),.UNSPECIFIED.) CURVE() 
GEOMETRIC_REPRESENTATION_ITEM() RATIONAL_B_SPLINE_CURVE((1.,0.5,1.,0.5,
1.,0.5,1.)) REPRESENTATION_ITEM('') );
#3333 = CARTESIAN_POINT('',(1.2,2.15));
#3334 = CARTESIAN_POINT('',(2.32583302492,2.15));
#3335 = CARTESIAN_POINT('',(1.76291651246,1.175));
#3336 = CARTESIAN_POINT('',(1.2,0.2));
#3337 = CARTESIAN_POINT('',(0.63708348754,1.175));
#3338 = CARTESIAN_POINT('',(7.416697508023E-02,2.15));
#3339 = CARTESIAN_POINT('',(1.2,2.15));
#3340 = ( GEOMETRIC_REPRESENTATION_CONTEXT(2) 
PARAMETRIC_REPRESENTATION_CONTEXT() REPRESENTATION_CONTEXT('2D SPACE',''
  ) );
#3341 = PCURVE('',#1768,#3342);
#3342 = DEFINITIONAL_REPRESENTATION('',(#3343),#3346);
#3343 = B_SPLINE_CURVE_WITH_KNOTS('',1,(#3344,#3345),.UNSPECIFIED.,.F.,
  .F.,(2,2),(0.,6.28318530718),.PIECEWISE_BEZIER_KNOTS.);
#3344 = CARTESIAN_POINT('',(0.,-0.3));
#3345 = CARTESIAN_POINT('',(6.28318530718,-0.3));
#3346 = ( GEOMETRIC_REPRESENTATION_CONTEXT(2) 
PARAMETRIC_REPRESENTATION_CONTEXT() REPRESENTATION_CONTEXT('2D SPACE',''
  ) );
#3347 = FACE_BOUND('',#3348,.T.);
#3348 = EDGE_LOOP('',(#3349));
#3349 = ORIENTED_EDGE('',*,*,#3350,.T.);
#3350 = EDGE_CURVE('',#3351,#3351,#3353,.T.);
#3351 = VERTEX_POINT('',#3352);
#3352 = CARTESIAN_POINT('',(-2.7,-5.7,-1.8));
#3353 = SURFACE_CURVE('',#3354,(#3359,#3370),.PCURVE_S1.);
#3354 = CIRCLE('',#3355,0.6);
#3355 = AXIS2_PLACEMENT_3D('',#3356,#3357,#3358);
#3356 = CARTESIAN_POINT('',(-3.3,-5.7,-1.8));
#3357 = DIRECTION('',(0.,-1.,0.));
#3358 = DIRECTION('',(1.,0.,0.));
#3359 = PCURVE('',#782,#3360);
#3360 = DEFINITIONAL_REPRESENTATION('',(#3361),#3369);
#3361 = ( BOUNDED_CURVE() B_SPLINE_CURVE(2,(#3362,#3363,#3364,#3365,
#3366,#3367,#3368),.UNSPECIFIED.,.T.,.F.) B_SPLINE_CURVE_WITH_KNOTS((1,2
    ,2,2,2,1),(-2.094395102393,0.,2.094395102393,4.188790204786,
6.28318530718,8.377580409573),.UNSPECIFIED.) CURVE() 
GEOMETRIC_REPRESENTATION_ITEM() RATIONAL_B_SPLINE_CURVE((1.,0.5,1.,0.5,
1.,0.5,1.)) REPRESENTATION_ITEM('') );
#3362 = CARTESIAN_POINT('',(1.2,4.8));
#3363 = CARTESIAN_POINT('',(2.239230484541,4.8));
#3364 = CARTESIAN_POINT('',(1.719615242271,3.9));
#3365 = CARTESIAN_POINT('',(1.2,3.));
#3366 = CARTESIAN_POINT('',(0.680384757729,3.9));
#3367 = CARTESIAN_POINT('',(0.160769515459,4.8));
#3368 = CARTESIAN_POINT('',(1.2,4.8));
#3369 = ( GEOMETRIC_REPRESENTATION_CONTEXT(2) 
PARAMETRIC_REPRESENTATION_CONTEXT() REPRESENTATION_CONTEXT('2D SPACE',''
  ) );
#3370 = PCURVE('',#1802,#3371);
#3371 = DEFINITIONAL_REPRESENTATION('',(#3372),#3375);
#3372 = B_SPLINE_CURVE_WITH_KNOTS('',1,(#3373,#3374),.UNSPECIFIED.,.F.,
  .F.,(2,2),(0.,6.28318530718),.PIECEWISE_BEZIER_KNOTS.);
#3373 = CARTESIAN_POINT('',(0.,-0.3));
#3374 = CARTESIAN_POINT('',(6.28318530718,-0.3));
#3375 = ( GEOMETRIC_REPRESENTATION_CONTEXT(2) 
PARAMETRIC_REPRESENTATION_CONTEXT() REPRESENTATION_CONTEXT('2D SPACE',''
  ) );
#3376 = FACE_BOUND('',#3377,.T.);
#3377 = EDGE_LOOP('',(#3378));
#3378 = ORIENTED_EDGE('',*,*,#3379,.T.);
#3379 = EDGE_CURVE('',#3380,#3380,#3382,.T.);
#3380 = VERTEX_POINT('',#3381);
#3381 = CARTESIAN_POINT('',(-1.2,-5.7,-1.8));
#3382 = SURFACE_CURVE('',#3383,(#3388,#3399),.PCURVE_S1.);
#3383 = CIRCLE('',#3384,0.6);
#3384 = AXIS2_PLACEMENT_3D('',#3385,#3386,#3387);
#3385 = CARTESIAN_POINT('',(-1.8,-5.7,-1.8));
#3386 = DIRECTION('',(0.,-1.,0.));
#3387 = DIRECTION('',(1.,0.,0.));
#3388 = PCURVE('',#782,#3389);
#3389 = DEFINITIONAL_REPRESENTATION('',(#3390),#3398);
#3390 = ( BOUNDED_CURVE() B_SPLINE_CURVE(2,(#3391,#3392,#3393,#3394,
#3395,#3396,#3397),.UNSPECIFIED.,.T.,.F.) B_SPLINE_CURVE_WITH_KNOTS((1,2
    ,2,2,2,1),(-2.094395102393,0.,2.094395102393,4.188790204786,
6.28318530718,8.377580409573),.UNSPECIFIED.) CURVE() 
GEOMETRIC_REPRESENTATION_ITEM() RATIONAL_B_SPLINE_CURVE((1.,0.5,1.,0.5,
1.,0.5,1.)) REPRESENTATION_ITEM('') );
#3391 = CARTESIAN_POINT('',(1.2,6.3));
#3392 = CARTESIAN_POINT('',(2.239230484541,6.3));
#3393 = CARTESIAN_POINT('',(1.719615242271,5.4));
#3394 = CARTESIAN_POINT('',(1.2,4.5));
#3395 = CARTESIAN_POINT('',(0.680384757729,5.4));
#3396 = CARTESIAN_POINT('',(0.160769515459,6.3));
#3397 = CARTESIAN_POINT('',(1.2,6.3));
#3398 = ( GEOMETRIC_REPRESENTATION_CONTEXT(2) 
PARAMETRIC_REPRESENTATION_CONTEXT() REPRESENTATION_CONTEXT('2D SPACE',''
  ) );
#3399 = PCURVE('',#1836,#3400);
#3400 = DEFINITIONAL_REPRESENTATION('',(#3401),#3404);
#3401 = B_SPLINE_CURVE_WITH_KNOTS('',1,(#3402,#3403),.UNSPECIFIED.,.F.,
  .F.,(2,2),(0.,6.28318530718),.PIECEWISE_BEZIER_KNOTS.);
#3402 = CARTESIAN_POINT('',(0.,-0.3));
#3403 = CARTESIAN_POINT('',(6.28318530718,-0.3));
#3404 = ( GEOMETRIC_REPRESENTATION_CONTEXT(2) 
PARAMETRIC_REPRESENTATION_CONTEXT() REPRESENTATION_CONTEXT('2D SPACE',''
  ) );
#3405 = FACE_BOUND('',#3406,.T.);
#3406 = EDGE_LOOP('',(#3407));
#3407 = ORIENTED_EDGE('',*,*,#3408,.T.);
#3408 = EDGE_CURVE('',#3409,#3409,#3411,.T.);
#3409 = VERTEX_POINT('',#3410);
#3410 = CARTESIAN_POINT('',(0.3,-5.7,-1.8));
#3411 = SURFACE_CURVE('',#3412,(#3417,#3428),.PCURVE_S1.);
#3412 = CIRCLE('',#3413,0.6);
#3413 = AXIS2_PLACEMENT_3D('',#3414,#3415,#3416);
#3414 = CARTESIAN_POINT('',(-0.3,-5.7,-1.8));
#3415 = DIRECTION('',(0.,-1.,0.));
#3416 = DIRECTION('',(1.,0.,0.));
#3417 = PCURVE('',#782,#3418);
#3418 = DEFINITIONAL_REPRESENTATION('',(#3419),#3427);
#3419 = ( BOUNDED_CURVE() B_SPLINE_CURVE(2,(#3420,#3421,#3422,#3423,
#3424,#3425,#3426),.UNSPECIFIED.,.T.,.F.) B_SPLINE_CURVE_WITH_KNOTS((1,2
    ,2,2,2,1),(-2.094395102393,0.,2.094395102393,4.188790204786,
6.28318530718,8.377580409573),.UNSPECIFIED.) CURVE() 
GEOMETRIC_REPRESENTATION_ITEM() RATIONAL_B_SPLINE_CURVE((1.,0.5,1.,0.5,
1.,0.5,1.)) REPRESENTATION_ITEM('') );
#3420 = CARTESIAN_POINT('',(1.2,7.8));
#3421 = CARTESIAN_POINT('',(2.239230484541,7.8));
#3422 = CARTESIAN_POINT('',(1.719615242271,6.9));
#3423 = CARTESIAN_POINT('',(1.2,6.));
#3424 = CARTESIAN_POINT('',(0.680384757729,6.9));
#3425 = CARTESIAN_POINT('',(0.160769515459,7.8));
#3426 = CARTESIAN_POINT('',(1.2,7.8));
#3427 = ( GEOMETRIC_REPRESENTATION_CONTEXT(2) 
PARAMETRIC_REPRESENTATION_CONTEXT() REPRESENTATION_CONTEXT('2D SPACE',''
  ) );
#3428 = PCURVE('',#1870,#3429);
#3429 = DEFINITIONAL_REPRESENTATION('',(#3430),#3433);
#3430 = B_SPLINE_CURVE_WITH_KNOTS('',1,(#3431,#3432),.UNSPECIFIED.,.F.,
  .F.,(2,2),(0.,6.28318530718),.PIECEWISE_BEZIER_KNOTS.);
#3431 = CARTESIAN_POINT('',(0.,-0.3));
#3432 = CARTESIAN_POINT('',(6.28318530718,-0.3));
#3433 = ( GEOMETRIC_REPRESENTATION_CONTEXT(2) 
PARAMETRIC_REPRESENTATION_CONTEXT() REPRESENTATION_CONTEXT('2D SPACE',''
  ) );
#3434 = FACE_BOUND('',#3435,.T.);
#3435 = EDGE_LOOP('',(#3436));
#3436 = ORIENTED_EDGE('',*,*,#3437,.T.);
#3437 = EDGE_CURVE('',#3438,#3438,#3440,.T.);
#3438 = VERTEX_POINT('',#3439);
#3439 = CARTESIAN_POINT('',(1.75,-5.7,-1.8));
#3440 = SURFACE_CURVE('',#3441,(#3446,#3457),.PCURVE_S1.);
#3441 = CIRCLE('',#3442,0.25);
#3442 = AXIS2_PLACEMENT_3D('',#3443,#3444,#3445);
#3443 = CARTESIAN_POINT('',(1.5,-5.7,-1.8));
#3444 = DIRECTION('',(0.,-1.,0.));
#3445 = DIRECTION('',(1.,0.,0.));
#3446 = PCURVE('',#782,#3447);
#3447 = DEFINITIONAL_REPRESENTATION('',(#3448),#3456);
#3448 = ( BOUNDED_CURVE() B_SPLINE_CURVE(2,(#3449,#3450,#3451,#3452,
#3453,#3454,#3455),.UNSPECIFIED.,.T.,.F.) B_SPLINE_CURVE_WITH_KNOTS((1,2
    ,2,2,2,1),(-2.094395102393,0.,2.094395102393,4.188790204786,
6.28318530718,8.377580409573),.UNSPECIFIED.) CURVE() 
GEOMETRIC_REPRESENTATION_ITEM() RATIONAL_B_SPLINE_CURVE((1.,0.5,1.,0.5,
1.,0.5,1.)) REPRESENTATION_ITEM('') );
#3449 = CARTESIAN_POINT('',(1.2,9.25));
#3450 = CARTESIAN_POINT('',(1.633012701892,9.25));
#3451 = CARTESIAN_POINT('',(1.416506350946,8.875));
#3452 = CARTESIAN_POINT('',(1.2,8.5));
#3453 = CARTESIAN_POINT('',(0.983493649054,8.875));
#3454 = CARTESIAN_POINT('',(0.766987298108,9.25));
#3455 = CARTESIAN_POINT('',(1.2,9.25));
#3456 = ( GEOMETRIC_REPRESENTATION_CONTEXT(2) 
PARAMETRIC_REPRESENTATION_CONTEXT() REPRESENTATION_CONTEXT('2D SPACE',''
  ) );
#3457 = PCURVE('',#1904,#3458);
#3458 = DEFINITIONAL_REPRESENTATION('',(#3459),#3462);
#3459 = B_SPLINE_CURVE_WITH_KNOTS('',1,(#3460,#3461),.UNSPECIFIED.,.F.,
  .F.,(2,2),(0.,6.28318530718),.PIECEWISE_BEZIER_KNOTS.);
#3460 = CARTESIAN_POINT('',(0.,-0.3));
#3461 = CARTESIAN_POINT('',(6.28318530718,-0.3));
#3462 = ( GEOMETRIC_REPRESENTATION_CONTEXT(2) 
PARAMETRIC_REPRESENTATION_CONTEXT() REPRESENTATION_CONTEXT('2D SPACE',''
  ) );
#3463 = FACE_BOUND('',#3464,.T.);
#3464 = EDGE_LOOP('',(#3465));
#3465 = ORIENTED_EDGE('',*,*,#3466,.T.);
#3466 = EDGE_CURVE('',#3467,#3467,#3469,.T.);
#3467 = VERTEX_POINT('',#3468);
#3468 = CARTESIAN_POINT('',(2.95,-5.7,-1.8));
#3469 = SURFACE_CURVE('',#3470,(#3475,#3486),.PCURVE_S1.);
#3470 = CIRCLE('',#3471,0.25);
#3471 = AXIS2_PLACEMENT_3D('',#3472,#3473,#3474);
#3472 = CARTESIAN_POINT('',(2.7,-5.7,-1.8));
#3473 = DIRECTION('',(0.,-1.,0.));
#3474 = DIRECTION('',(1.,0.,0.));
#3475 = PCURVE('',#782,#3476);
#3476 = DEFINITIONAL_REPRESENTATION('',(#3477),#3485);
#3477 = ( BOUNDED_CURVE() B_SPLINE_CURVE(2,(#3478,#3479,#3480,#3481,
#3482,#3483,#3484),.UNSPECIFIED.,.T.,.F.) B_SPLINE_CURVE_WITH_KNOTS((1,2
    ,2,2,2,1),(-2.094395102393,0.,2.094395102393,4.188790204786,
6.28318530718,8.377580409573),.UNSPECIFIED.) CURVE() 
GEOMETRIC_REPRESENTATION_ITEM() RATIONAL_B_SPLINE_CURVE((1.,0.5,1.,0.5,
1.,0.5,1.)) REPRESENTATION_ITEM('') );
#3478 = CARTESIAN_POINT('',(1.2,10.45));
#3479 = CARTESIAN_POINT('',(1.633012701892,10.45));
#3480 = CARTESIAN_POINT('',(1.416506350946,10.075));
#3481 = CARTESIAN_POINT('',(1.2,9.7));
#3482 = CARTESIAN_POINT('',(0.983493649054,10.075));
#3483 = CARTESIAN_POINT('',(0.766987298108,10.45));
#3484 = CARTESIAN_POINT('',(1.2,10.45));
#3485 = ( GEOMETRIC_REPRESENTATION_CONTEXT(2) 
PARAMETRIC_REPRESENTATION_CONTEXT() REPRESENTATION_CONTEXT('2D SPACE',''
  ) );
#3486 = PCURVE('',#1938,#3487);
#3487 = DEFINITIONAL_REPRESENTATION('',(#3488),#3491);
#3488 = B_SPLINE_CURVE_WITH_KNOTS('',1,(#3489,#3490),.UNSPECIFIED.,.F.,
  .F.,(2,2),(0.,6.28318530718),.PIECEWISE_BEZIER_KNOTS.);
#3489 = CARTESIAN_POINT('',(0.,-0.3));
#3490 = CARTESIAN_POINT('',(6.28318530718,-0.3));
#3491 = ( GEOMETRIC_REPRESENTATION_CONTEXT(2) 
PARAMETRIC_REPRESENTATION_CONTEXT() REPRESENTATION_CONTEXT('2D SPACE',''
  ) );
#3492 = FACE_BOUND('',#3493,.T.);
#3493 = EDGE_LOOP('',(#3494));
#3494 = ORIENTED_EDGE('',*,*,#3495,.T.);
#3495 = EDGE_CURVE('',#3496,#3496,#3498,.T.);
#3496 = VERTEX_POINT('',#3497);
#3497 = CARTESIAN_POINT('',(6.1,-5.7,-1.8));
#3498 = SURFACE_CURVE('',#3499,(#3504,#3515),.PCURVE_S1.);
#3499 = CIRCLE('',#3500,0.6);
#3500 = AXIS2_PLACEMENT_3D('',#3501,#3502,#3503);
#3501 = CARTESIAN_POINT('',(5.5,-5.7,-1.8));
#3502 = DIRECTION('',(0.,-1.,0.));
#3503 = DIRECTION('',(1.,0.,0.));
#3504 = PCURVE('',#782,#3505);
#3505 = DEFINITIONAL_REPRESENTATION('',(#3506),#3514);
#3506 = ( BOUNDED_CURVE() B_SPLINE_CURVE(2,(#3507,#3508,#3509,#3510,
#3511,#3512,#3513),.UNSPECIFIED.,.T.,.F.) B_SPLINE_CURVE_WITH_KNOTS((1,2
    ,2,2,2,1),(-2.094395102393,0.,2.094395102393,4.188790204786,
6.28318530718,8.377580409573),.UNSPECIFIED.) CURVE() 
GEOMETRIC_REPRESENTATION_ITEM() RATIONAL_B_SPLINE_CURVE((1.,0.5,1.,0.5,
1.,0.5,1.)) REPRESENTATION_ITEM('') );
#3507 = CARTESIAN_POINT('',(1.2,13.6));
#3508 = CARTESIAN_POINT('',(2.239230484541,13.6));
#3509 = CARTESIAN_POINT('',(1.719615242271,12.7));
#3510 = CARTESIAN_POINT('',(1.2,11.8));
#3511 = CARTESIAN_POINT('',(0.680384757729,12.7));
#3512 = CARTESIAN_POINT('',(0.160769515459,13.6));
#3513 = CARTESIAN_POINT('',(1.2,13.6));
#3514 = ( GEOMETRIC_REPRESENTATION_CONTEXT(2) 
PARAMETRIC_REPRESENTATION_CONTEXT() REPRESENTATION_CONTEXT('2D SPACE',''
  ) );
#3515 = PCURVE('',#1972,#3516);
#3516 = DEFINITIONAL_REPRESENTATION('',(#3517),#3520);
#3517 = B_SPLINE_CURVE_WITH_KNOTS('',1,(#3518,#3519),.UNSPECIFIED.,.F.,
  .F.,(2,2),(0.,6.28318530718),.PIECEWISE_BEZIER_KNOTS.);
#3518 = CARTESIAN_POINT('',(0.,-0.3));
#3519 = CARTESIAN_POINT('',(6.28318530718,-0.3));
#3520 = ( GEOMETRIC_REPRESENTATION_CONTEXT(2) 
PARAMETRIC_REPRESENTATION_CONTEXT() REPRESENTATION_CONTEXT('2D SPACE',''
  ) );
#3521 = FACE_BOUND('',#3522,.T.);
#3522 = EDGE_LOOP('',(#3523,#3548,#3571,#3594));
#3523 = ORIENTED_EDGE('',*,*,#3524,.F.);
#3524 = EDGE_CURVE('',#3525,#3527,#3529,.T.);
#3525 = VERTEX_POINT('',#3526);
#3526 = CARTESIAN_POINT('',(4.,-5.7,-0.7));
#3527 = VERTEX_POINT('',#3528);
#3528 = CARTESIAN_POINT('',(-4.,-5.7,-0.7));
#3529 = SURFACE_CURVE('',#3530,(#3534,#3541),.PCURVE_S1.);
#3530 = LINE('',#3531,#3532);
#3531 = CARTESIAN_POINT('',(-5.75,-5.7,-0.7));
#3532 = VECTOR('',#3533,1.);
#3533 = DIRECTION('',(-1.,0.,0.));
#3534 = PCURVE('',#782,#3535);
#3535 = DEFINITIONAL_REPRESENTATION('',(#3536),#3540);
#3536 = LINE('',#3537,#3538);
#3537 = CARTESIAN_POINT('',(2.3,1.75));
#3538 = VECTOR('',#3539,1.);
#3539 = DIRECTION('',(0.,-1.));
#3540 = ( GEOMETRIC_REPRESENTATION_CONTEXT(2) 
PARAMETRIC_REPRESENTATION_CONTEXT() REPRESENTATION_CONTEXT('2D SPACE',''
  ) );
#3541 = PCURVE('',#2031,#3542);
#3542 = DEFINITIONAL_REPRESENTATION('',(#3543),#3547);
#3543 = LINE('',#3544,#3545);
#3544 = CARTESIAN_POINT('',(-1.75,-0.3));
#3545 = VECTOR('',#3546,1.);
#3546 = DIRECTION('',(-1.,0.));
#3547 = ( GEOMETRIC_REPRESENTATION_CONTEXT(2) 
PARAMETRIC_REPRESENTATION_CONTEXT() REPRESENTATION_CONTEXT('2D SPACE',''
  ) );
#3548 = ORIENTED_EDGE('',*,*,#3549,.F.);
#3549 = EDGE_CURVE('',#3550,#3525,#3552,.T.);
#3550 = VERTEX_POINT('',#3551);
#3551 = CARTESIAN_POINT('',(4.,-5.7,2.3));
#3552 = SURFACE_CURVE('',#3553,(#3557,#3564),.PCURVE_S1.);
#3553 = LINE('',#3554,#3555);
#3554 = CARTESIAN_POINT('',(4.,-5.7,-1.85));
#3555 = VECTOR('',#3556,1.);
#3556 = DIRECTION('',(0.,0.,-1.));
#3557 = PCURVE('',#782,#3558);
#3558 = DEFINITIONAL_REPRESENTATION('',(#3559),#3563);
#3559 = LINE('',#3560,#3561);
#3560 = CARTESIAN_POINT('',(1.15,11.5));
#3561 = VECTOR('',#3562,1.);
#3562 = DIRECTION('',(-1.,0.));
#3563 = ( GEOMETRIC_REPRESENTATION_CONTEXT(2) 
PARAMETRIC_REPRESENTATION_CONTEXT() REPRESENTATION_CONTEXT('2D SPACE',''
  ) );
#3564 = PCURVE('',#2059,#3565);
#3565 = DEFINITIONAL_REPRESENTATION('',(#3566),#3570);
#3566 = LINE('',#3567,#3568);
#3567 = CARTESIAN_POINT('',(-1.15,-0.3));
#3568 = VECTOR('',#3569,1.);
#3569 = DIRECTION('',(-1.,0.));
#3570 = ( GEOMETRIC_REPRESENTATION_CONTEXT(2) 
PARAMETRIC_REPRESENTATION_CONTEXT() REPRESENTATION_CONTEXT('2D SPACE',''
  ) );
#3571 = ORIENTED_EDGE('',*,*,#3572,.F.);
#3572 = EDGE_CURVE('',#3573,#3550,#3575,.T.);
#3573 = VERTEX_POINT('',#3574);
#3574 = CARTESIAN_POINT('',(-4.,-5.7,2.3));
#3575 = SURFACE_CURVE('',#3576,(#3580,#3587),.PCURVE_S1.);
#3576 = LINE('',#3577,#3578);
#3577 = CARTESIAN_POINT('',(-1.75,-5.7,2.3));
#3578 = VECTOR('',#3579,1.);
#3579 = DIRECTION('',(1.,0.,-0.));
#3580 = PCURVE('',#782,#3581);
#3581 = DEFINITIONAL_REPRESENTATION('',(#3582),#3586);
#3582 = LINE('',#3583,#3584);
#3583 = CARTESIAN_POINT('',(5.3,5.75));
#3584 = VECTOR('',#3585,1.);
#3585 = DIRECTION('',(0.,1.));
#3586 = ( GEOMETRIC_REPRESENTATION_CONTEXT(2) 
PARAMETRIC_REPRESENTATION_CONTEXT() REPRESENTATION_CONTEXT('2D SPACE',''
  ) );
#3587 = PCURVE('',#2085,#3588);
#3588 = DEFINITIONAL_REPRESENTATION('',(#3589),#3593);
#3589 = LINE('',#3590,#3591);
#3590 = CARTESIAN_POINT('',(5.75,-0.3));
#3591 = VECTOR('',#3592,1.);
#3592 = DIRECTION('',(-1.,-0.));
#3593 = ( GEOMETRIC_REPRESENTATION_CONTEXT(2) 
PARAMETRIC_REPRESENTATION_CONTEXT() REPRESENTATION_CONTEXT('2D SPACE',''
  ) );
#3594 = ORIENTED_EDGE('',*,*,#3595,.F.);
#3595 = EDGE_CURVE('',#3527,#3573,#3596,.T.);
#3596 = SURFACE_CURVE('',#3597,(#3601,#3608),.PCURVE_S1.);
#3597 = LINE('',#3598,#3599);
#3598 = CARTESIAN_POINT('',(-4.,-5.7,-0.35));
#3599 = VECTOR('',#3600,1.);
#3600 = DIRECTION('',(-0.,0.,1.));
#3601 = PCURVE('',#782,#3602);
#3602 = DEFINITIONAL_REPRESENTATION('',(#3603),#3607);
#3603 = LINE('',#3604,#3605);
#3604 = CARTESIAN_POINT('',(2.65,3.5));
#3605 = VECTOR('',#3606,1.);
#3606 = DIRECTION('',(1.,0.));
#3607 = ( GEOMETRIC_REPRESENTATION_CONTEXT(2) 
PARAMETRIC_REPRESENTATION_CONTEXT() REPRESENTATION_CONTEXT('2D SPACE',''
  ) );
#3608 = PCURVE('',#2003,#3609);
#3609 = DEFINITIONAL_REPRESENTATION('',(#3610),#3614);
#3610 = LINE('',#3611,#3612);
#3611 = CARTESIAN_POINT('',(2.65,-0.3));
#3612 = VECTOR('',#3613,1.);
#3613 = DIRECTION('',(-1.,0.));
#3614 = ( GEOMETRIC_REPRESENTATION_CONTEXT(2) 
PARAMETRIC_REPRESENTATION_CONTEXT() REPRESENTATION_CONTEXT('2D SPACE',''
  ) );
#3615 = ADVANCED_FACE('',(#3616),#811,.F.);
#3616 = FACE_BOUND('',#3617,.F.);
#3617 = EDGE_LOOP('',(#3618,#3619,#3620,#3642));
#3618 = ORIENTED_EDGE('',*,*,#3298,.T.);
#3619 = ORIENTED_EDGE('',*,*,#794,.F.);
#3620 = ORIENTED_EDGE('',*,*,#3621,.F.);
#3621 = EDGE_CURVE('',#3622,#795,#3624,.T.);
#3622 = VERTEX_POINT('',#3623);
#3623 = CARTESIAN_POINT('',(-7.2,-5.4,-2.7));
#3624 = SURFACE_CURVE('',#3625,(#3629,#3635),.PCURVE_S1.);
#3625 = LINE('',#3626,#3627);
#3626 = CARTESIAN_POINT('',(-7.2,-5.4,-3.));
#3627 = VECTOR('',#3628,1.);
#3628 = DIRECTION('',(0.,0.,1.));
#3629 = PCURVE('',#811,#3630);
#3630 = DEFINITIONAL_REPRESENTATION('',(#3631),#3634);
#3631 = B_SPLINE_CURVE_WITH_KNOTS('',1,(#3632,#3633),.UNSPECIFIED.,.F.,
  .F.,(2,2),(0.3,6.),.PIECEWISE_BEZIER_KNOTS.);
#3632 = CARTESIAN_POINT('',(0.,0.3));
#3633 = CARTESIAN_POINT('',(0.,6.));
#3634 = ( GEOMETRIC_REPRESENTATION_CONTEXT(2) 
PARAMETRIC_REPRESENTATION_CONTEXT() REPRESENTATION_CONTEXT('2D SPACE',''
  ) );
#3635 = PCURVE('',#838,#3636);
#3636 = DEFINITIONAL_REPRESENTATION('',(#3637),#3641);
#3637 = LINE('',#3638,#3639);
#3638 = CARTESIAN_POINT('',(0.,-0.6));
#3639 = VECTOR('',#3640,1.);
#3640 = DIRECTION('',(1.,0.));
#3641 = ( GEOMETRIC_REPRESENTATION_CONTEXT(2) 
PARAMETRIC_REPRESENTATION_CONTEXT() REPRESENTATION_CONTEXT('2D SPACE',''
  ) );
#3642 = ORIENTED_EDGE('',*,*,#3643,.T.);
#3643 = EDGE_CURVE('',#3622,#3276,#3644,.T.);
#3644 = SURFACE_CURVE('',#3645,(#3650,#3656),.PCURVE_S1.);
#3645 = CIRCLE('',#3646,0.3);
#3646 = AXIS2_PLACEMENT_3D('',#3647,#3648,#3649);
#3647 = CARTESIAN_POINT('',(-6.9,-5.4,-2.7));
#3648 = DIRECTION('',(0.,0.,1.));
#3649 = DIRECTION('',(-1.,-0.,0.));
#3650 = PCURVE('',#811,#3651);
#3651 = DEFINITIONAL_REPRESENTATION('',(#3652),#3655);
#3652 = B_SPLINE_CURVE_WITH_KNOTS('',1,(#3653,#3654),.UNSPECIFIED.,.F.,
  .F.,(2,2),(0.,1.570796326795),.PIECEWISE_BEZIER_KNOTS.);
#3653 = CARTESIAN_POINT('',(0.,0.3));
#3654 = CARTESIAN_POINT('',(1.570796326795,0.3));
#3655 = ( GEOMETRIC_REPRESENTATION_CONTEXT(2) 
PARAMETRIC_REPRESENTATION_CONTEXT() REPRESENTATION_CONTEXT('2D SPACE',''
  ) );
#3656 = PCURVE('',#2741,#3657);
#3657 = DEFINITIONAL_REPRESENTATION('',(#3658),#3662);
#3658 = CIRCLE('',#3659,0.3);
#3659 = AXIS2_PLACEMENT_2D('',#3660,#3661);
#3660 = CARTESIAN_POINT('',(0.6,0.6));
#3661 = DIRECTION('',(-1.,0.));
#3662 = ( GEOMETRIC_REPRESENTATION_CONTEXT(2) 
PARAMETRIC_REPRESENTATION_CONTEXT() REPRESENTATION_CONTEXT('2D SPACE',''
  ) );
#3663 = ADVANCED_FACE('',(#3664,#3711,#3717,#3723),#838,.T.);
#3664 = FACE_BOUND('',#3665,.T.);
#3665 = EDGE_LOOP('',(#3666,#3667,#3668,#3691));
#3666 = ORIENTED_EDGE('',*,*,#822,.F.);
#3667 = ORIENTED_EDGE('',*,*,#3621,.F.);
#3668 = ORIENTED_EDGE('',*,*,#3669,.F.);
#3669 = EDGE_CURVE('',#3670,#3622,#3672,.T.);
#3670 = VERTEX_POINT('',#3671);
#3671 = CARTESIAN_POINT('',(-7.2,5.4,-2.7));
#3672 = SURFACE_CURVE('',#3673,(#3677,#3684),.PCURVE_S1.);
#3673 = LINE('',#3674,#3675);
#3674 = CARTESIAN_POINT('',(-7.2,-6.,-2.7));
#3675 = VECTOR('',#3676,1.);
#3676 = DIRECTION('',(0.,-1.,0.));
#3677 = PCURVE('',#838,#3678);
#3678 = DEFINITIONAL_REPRESENTATION('',(#3679),#3683);
#3679 = LINE('',#3680,#3681);
#3680 = CARTESIAN_POINT('',(0.3,0.));
#3681 = VECTOR('',#3682,1.);
#3682 = DIRECTION('',(0.,1.));
#3683 = ( GEOMETRIC_REPRESENTATION_CONTEXT(2) 
PARAMETRIC_REPRESENTATION_CONTEXT() REPRESENTATION_CONTEXT('2D SPACE',''
  ) );
#3684 = PCURVE('',#2741,#3685);
#3685 = DEFINITIONAL_REPRESENTATION('',(#3686),#3690);
#3686 = LINE('',#3687,#3688);
#3687 = CARTESIAN_POINT('',(0.3,0.));
#3688 = VECTOR('',#3689,1.);
#3689 = DIRECTION('',(0.,-1.));
#3690 = ( GEOMETRIC_REPRESENTATION_CONTEXT(2) 
PARAMETRIC_REPRESENTATION_CONTEXT() REPRESENTATION_CONTEXT('2D SPACE',''
  ) );
#3691 = ORIENTED_EDGE('',*,*,#3692,.T.);
#3692 = EDGE_CURVE('',#3670,#823,#3693,.T.);
#3693 = SURFACE_CURVE('',#3694,(#3698,#3705),.PCURVE_S1.);
#3694 = LINE('',#3695,#3696);
#3695 = CARTESIAN_POINT('',(-7.2,5.4,-3.));
#3696 = VECTOR('',#3697,1.);
#3697 = DIRECTION('',(0.,0.,1.));
#3698 = PCURVE('',#838,#3699);
#3699 = DEFINITIONAL_REPRESENTATION('',(#3700),#3704);
#3700 = LINE('',#3701,#3702);
#3701 = CARTESIAN_POINT('',(0.,-11.4));
#3702 = VECTOR('',#3703,1.);
#3703 = DIRECTION('',(1.,0.));
#3704 = ( GEOMETRIC_REPRESENTATION_CONTEXT(2) 
PARAMETRIC_REPRESENTATION_CONTEXT() REPRESENTATION_CONTEXT('2D SPACE',''
  ) );
#3705 = PCURVE('',#871,#3706);
#3706 = DEFINITIONAL_REPRESENTATION('',(#3707),#3710);
#3707 = B_SPLINE_CURVE_WITH_KNOTS('',1,(#3708,#3709),.UNSPECIFIED.,.F.,
  .F.,(2,2),(0.3,6.),.PIECEWISE_BEZIER_KNOTS.);
#3708 = CARTESIAN_POINT('',(0.,0.3));
#3709 = CARTESIAN_POINT('',(0.,6.));
#3710 = ( GEOMETRIC_REPRESENTATION_CONTEXT(2) 
PARAMETRIC_REPRESENTATION_CONTEXT() REPRESENTATION_CONTEXT('2D SPACE',''
  ) );
#3711 = FACE_BOUND('',#3712,.T.);
#3712 = EDGE_LOOP('',(#3713,#3714,#3715,#3716));
#3713 = ORIENTED_EDGE('',*,*,#1305,.F.);
#3714 = ORIENTED_EDGE('',*,*,#1278,.F.);
#3715 = ORIENTED_EDGE('',*,*,#1229,.F.);
#3716 = ORIENTED_EDGE('',*,*,#1158,.F.);
#3717 = FACE_BOUND('',#3718,.T.);
#3718 = EDGE_LOOP('',(#3719,#3720,#3721,#3722));
#3719 = ORIENTED_EDGE('',*,*,#1452,.F.);
#3720 = ORIENTED_EDGE('',*,*,#1501,.F.);
#3721 = ORIENTED_EDGE('',*,*,#1425,.F.);
#3722 = ORIENTED_EDGE('',*,*,#1354,.F.);
#3723 = FACE_BOUND('',#3724,.T.);
#3724 = EDGE_LOOP('',(#3725,#3726,#3727,#3728));
#3725 = ORIENTED_EDGE('',*,*,#1648,.F.);
#3726 = ORIENTED_EDGE('',*,*,#1697,.F.);
#3727 = ORIENTED_EDGE('',*,*,#1621,.F.);
#3728 = ORIENTED_EDGE('',*,*,#1550,.F.);
#3729 = ADVANCED_FACE('',(#3730),#871,.F.);
#3730 = FACE_BOUND('',#3731,.T.);
#3731 = EDGE_LOOP('',(#3732,#3754,#3755,#3756));
#3732 = ORIENTED_EDGE('',*,*,#3733,.T.);
#3733 = EDGE_CURVE('',#3734,#851,#3736,.T.);
#3734 = VERTEX_POINT('',#3735);
#3735 = CARTESIAN_POINT('',(-6.9,5.7,-2.7));
#3736 = SURFACE_CURVE('',#3737,(#3741,#3747),.PCURVE_S1.);
#3737 = LINE('',#3738,#3739);
#3738 = CARTESIAN_POINT('',(-6.9,5.7,-3.));
#3739 = VECTOR('',#3740,1.);
#3740 = DIRECTION('',(0.,0.,1.));
#3741 = PCURVE('',#871,#3742);
#3742 = DEFINITIONAL_REPRESENTATION('',(#3743),#3746);
#3743 = B_SPLINE_CURVE_WITH_KNOTS('',1,(#3744,#3745),.UNSPECIFIED.,.F.,
  .F.,(2,2),(0.3,6.),.PIECEWISE_BEZIER_KNOTS.);
#3744 = CARTESIAN_POINT('',(-1.570796326795,0.3));
#3745 = CARTESIAN_POINT('',(-1.570796326795,6.));
#3746 = ( GEOMETRIC_REPRESENTATION_CONTEXT(2) 
PARAMETRIC_REPRESENTATION_CONTEXT() REPRESENTATION_CONTEXT('2D SPACE',''
  ) );
#3747 = PCURVE('',#896,#3748);
#3748 = DEFINITIONAL_REPRESENTATION('',(#3749),#3753);
#3749 = LINE('',#3750,#3751);
#3750 = CARTESIAN_POINT('',(0.,0.6));
#3751 = VECTOR('',#3752,1.);
#3752 = DIRECTION('',(1.,0.));
#3753 = ( GEOMETRIC_REPRESENTATION_CONTEXT(2) 
PARAMETRIC_REPRESENTATION_CONTEXT() REPRESENTATION_CONTEXT('2D SPACE',''
  ) );
#3754 = ORIENTED_EDGE('',*,*,#850,.F.);
#3755 = ORIENTED_EDGE('',*,*,#3692,.F.);
#3756 = ORIENTED_EDGE('',*,*,#3757,.F.);
#3757 = EDGE_CURVE('',#3734,#3670,#3758,.T.);
#3758 = SURFACE_CURVE('',#3759,(#3764,#3770),.PCURVE_S1.);
#3759 = CIRCLE('',#3760,0.3);
#3760 = AXIS2_PLACEMENT_3D('',#3761,#3762,#3763);
#3761 = CARTESIAN_POINT('',(-6.9,5.4,-2.7));
#3762 = DIRECTION('',(0.,0.,1.));
#3763 = DIRECTION('',(-1.,-0.,0.));
#3764 = PCURVE('',#871,#3765);
#3765 = DEFINITIONAL_REPRESENTATION('',(#3766),#3769);
#3766 = B_SPLINE_CURVE_WITH_KNOTS('',1,(#3767,#3768),.UNSPECIFIED.,.F.,
  .F.,(2,2),(4.712388980385,6.28318530718),.PIECEWISE_BEZIER_KNOTS.);
#3767 = CARTESIAN_POINT('',(-1.570796326795,0.3));
#3768 = CARTESIAN_POINT('',(0.,0.3));
#3769 = ( GEOMETRIC_REPRESENTATION_CONTEXT(2) 
PARAMETRIC_REPRESENTATION_CONTEXT() REPRESENTATION_CONTEXT('2D SPACE',''
  ) );
#3770 = PCURVE('',#2741,#3771);
#3771 = DEFINITIONAL_REPRESENTATION('',(#3772),#3776);
#3772 = CIRCLE('',#3773,0.3);
#3773 = AXIS2_PLACEMENT_2D('',#3774,#3775);
#3774 = CARTESIAN_POINT('',(0.6,11.4));
#3775 = DIRECTION('',(-1.,0.));
#3776 = ( GEOMETRIC_REPRESENTATION_CONTEXT(2) 
PARAMETRIC_REPRESENTATION_CONTEXT() REPRESENTATION_CONTEXT('2D SPACE',''
  ) );
#3777 = ADVANCED_FACE('',(#3778),#896,.F.);
#3778 = FACE_BOUND('',#3779,.F.);
#3779 = EDGE_LOOP('',(#3780,#3781,#3802,#3803));
#3780 = ORIENTED_EDGE('',*,*,#2753,.F.);
#3781 = ORIENTED_EDGE('',*,*,#3782,.F.);
#3782 = EDGE_CURVE('',#3734,#2726,#3783,.T.);
#3783 = SURFACE_CURVE('',#3784,(#3788,#3795),.PCURVE_S1.);
#3784 = LINE('',#3785,#3786);
#3785 = CARTESIAN_POINT('',(-7.5,5.7,-2.7));
#3786 = VECTOR('',#3787,1.);
#3787 = DIRECTION('',(1.,0.,0.));
#3788 = PCURVE('',#896,#3789);
#3789 = DEFINITIONAL_REPRESENTATION('',(#3790),#3794);
#3790 = LINE('',#3791,#3792);
#3791 = CARTESIAN_POINT('',(0.3,0.));
#3792 = VECTOR('',#3793,1.);
#3793 = DIRECTION('',(0.,1.));
#3794 = ( GEOMETRIC_REPRESENTATION_CONTEXT(2) 
PARAMETRIC_REPRESENTATION_CONTEXT() REPRESENTATION_CONTEXT('2D SPACE',''
  ) );
#3795 = PCURVE('',#2741,#3796);
#3796 = DEFINITIONAL_REPRESENTATION('',(#3797),#3801);
#3797 = LINE('',#3798,#3799);
#3798 = CARTESIAN_POINT('',(0.,11.7));
#3799 = VECTOR('',#3800,1.);
#3800 = DIRECTION('',(1.,0.));
#3801 = ( GEOMETRIC_REPRESENTATION_CONTEXT(2) 
PARAMETRIC_REPRESENTATION_CONTEXT() REPRESENTATION_CONTEXT('2D SPACE',''
  ) );
#3802 = ORIENTED_EDGE('',*,*,#3733,.T.);
#3803 = ORIENTED_EDGE('',*,*,#882,.T.);
#3804 = ADVANCED_FACE('',(#3805),#1768,.F.);
#3805 = FACE_BOUND('',#3806,.F.);
#3806 = EDGE_LOOP('',(#3807,#3808,#3827,#3828));
#3807 = ORIENTED_EDGE('',*,*,#1747,.F.);
#3808 = ORIENTED_EDGE('',*,*,#3809,.T.);
#3809 = EDGE_CURVE('',#1748,#3322,#3810,.T.);
#3810 = SEAM_CURVE('',#3811,(#3815,#3821),.PCURVE_S1.);
#3811 = LINE('',#3812,#3813);
#3812 = CARTESIAN_POINT('',(-5.35,-6.,-1.8));
#3813 = VECTOR('',#3814,1.);
#3814 = DIRECTION('',(0.,1.,0.));
#3815 = PCURVE('',#1768,#3816);
#3816 = DEFINITIONAL_REPRESENTATION('',(#3817),#3820);
#3817 = B_SPLINE_CURVE_WITH_KNOTS('',1,(#3818,#3819),.UNSPECIFIED.,.F.,
  .F.,(2,2),(0.,0.3),.PIECEWISE_BEZIER_KNOTS.);
#3818 = CARTESIAN_POINT('',(6.28318530718,0.));
#3819 = CARTESIAN_POINT('',(6.28318530718,-0.3));
#3820 = ( GEOMETRIC_REPRESENTATION_CONTEXT(2) 
PARAMETRIC_REPRESENTATION_CONTEXT() REPRESENTATION_CONTEXT('2D SPACE',''
  ) );
#3821 = PCURVE('',#1768,#3822);
#3822 = DEFINITIONAL_REPRESENTATION('',(#3823),#3826);
#3823 = B_SPLINE_CURVE_WITH_KNOTS('',1,(#3824,#3825),.UNSPECIFIED.,.F.,
  .F.,(2,2),(0.,0.3),.PIECEWISE_BEZIER_KNOTS.);
#3824 = CARTESIAN_POINT('',(0.,0.));
#3825 = CARTESIAN_POINT('',(0.,-0.3));
#3826 = ( GEOMETRIC_REPRESENTATION_CONTEXT(2) 
PARAMETRIC_REPRESENTATION_CONTEXT() REPRESENTATION_CONTEXT('2D SPACE',''
  ) );
#3827 = ORIENTED_EDGE('',*,*,#3321,.T.);
#3828 = ORIENTED_EDGE('',*,*,#3809,.F.);
#3829 = ADVANCED_FACE('',(#3830),#1802,.F.);
#3830 = FACE_BOUND('',#3831,.F.);
#3831 = EDGE_LOOP('',(#3832,#3833,#3852,#3853));
#3832 = ORIENTED_EDGE('',*,*,#1781,.F.);
#3833 = ORIENTED_EDGE('',*,*,#3834,.T.);
#3834 = EDGE_CURVE('',#1782,#3351,#3835,.T.);
#3835 = SEAM_CURVE('',#3836,(#3840,#3846),.PCURVE_S1.);
#3836 = LINE('',#3837,#3838);
#3837 = CARTESIAN_POINT('',(-2.7,-6.,-1.8));
#3838 = VECTOR('',#3839,1.);
#3839 = DIRECTION('',(0.,1.,0.));
#3840 = PCURVE('',#1802,#3841);
#3841 = DEFINITIONAL_REPRESENTATION('',(#3842),#3845);
#3842 = B_SPLINE_CURVE_WITH_KNOTS('',1,(#3843,#3844),.UNSPECIFIED.,.F.,
  .F.,(2,2),(0.,0.3),.PIECEWISE_BEZIER_KNOTS.);
#3843 = CARTESIAN_POINT('',(6.28318530718,0.));
#3844 = CARTESIAN_POINT('',(6.28318530718,-0.3));
#3845 = ( GEOMETRIC_REPRESENTATION_CONTEXT(2) 
PARAMETRIC_REPRESENTATION_CONTEXT() REPRESENTATION_CONTEXT('2D SPACE',''
  ) );
#3846 = PCURVE('',#1802,#3847);
#3847 = DEFINITIONAL_REPRESENTATION('',(#3848),#3851);
#3848 = B_SPLINE_CURVE_WITH_KNOTS('',1,(#3849,#3850),.UNSPECIFIED.,.F.,
  .F.,(2,2),(0.,0.3),.PIECEWISE_BEZIER_KNOTS.);
#3849 = CARTESIAN_POINT('',(0.,0.));
#3850 = CARTESIAN_POINT('',(0.,-0.3));
#3851 = ( GEOMETRIC_REPRESENTATION_CONTEXT(2) 
PARAMETRIC_REPRESENTATION_CONTEXT() REPRESENTATION_CONTEXT('2D SPACE',''
  ) );
#3852 = ORIENTED_EDGE('',*,*,#3350,.T.);
#3853 = ORIENTED_EDGE('',*,*,#3834,.F.);
#3854 = ADVANCED_FACE('',(#3855),#1836,.F.);
#3855 = FACE_BOUND('',#3856,.F.);
#3856 = EDGE_LOOP('',(#3857,#3858,#3877,#3878));
#3857 = ORIENTED_EDGE('',*,*,#1815,.F.);
#3858 = ORIENTED_EDGE('',*,*,#3859,.T.);
#3859 = EDGE_CURVE('',#1816,#3380,#3860,.T.);
#3860 = SEAM_CURVE('',#3861,(#3865,#3871),.PCURVE_S1.);
#3861 = LINE('',#3862,#3863);
#3862 = CARTESIAN_POINT('',(-1.2,-6.,-1.8));
#3863 = VECTOR('',#3864,1.);
#3864 = DIRECTION('',(0.,1.,0.));
#3865 = PCURVE('',#1836,#3866);
#3866 = DEFINITIONAL_REPRESENTATION('',(#3867),#3870);
#3867 = B_SPLINE_CURVE_WITH_KNOTS('',1,(#3868,#3869),.UNSPECIFIED.,.F.,
  .F.,(2,2),(0.,0.3),.PIECEWISE_BEZIER_KNOTS.);
#3868 = CARTESIAN_POINT('',(6.28318530718,0.));
#3869 = CARTESIAN_POINT('',(6.28318530718,-0.3));
#3870 = ( GEOMETRIC_REPRESENTATION_CONTEXT(2) 
PARAMETRIC_REPRESENTATION_CONTEXT() REPRESENTATION_CONTEXT('2D SPACE',''
  ) );
#3871 = PCURVE('',#1836,#3872);
#3872 = DEFINITIONAL_REPRESENTATION('',(#3873),#3876);
#3873 = B_SPLINE_CURVE_WITH_KNOTS('',1,(#3874,#3875),.UNSPECIFIED.,.F.,
  .F.,(2,2),(0.,0.3),.PIECEWISE_BEZIER_KNOTS.);
#3874 = CARTESIAN_POINT('',(0.,0.));
#3875 = CARTESIAN_POINT('',(0.,-0.3));
#3876 = ( GEOMETRIC_REPRESENTATION_CONTEXT(2) 
PARAMETRIC_REPRESENTATION_CONTEXT() REPRESENTATION_CONTEXT('2D SPACE',''
  ) );
#3877 = ORIENTED_EDGE('',*,*,#3379,.T.);
#3878 = ORIENTED_EDGE('',*,*,#3859,.F.);
#3879 = ADVANCED_FACE('',(#3880),#1870,.F.);
#3880 = FACE_BOUND('',#3881,.F.);
#3881 = EDGE_LOOP('',(#3882,#3883,#3902,#3903));
#3882 = ORIENTED_EDGE('',*,*,#1849,.F.);
#3883 = ORIENTED_EDGE('',*,*,#3884,.T.);
#3884 = EDGE_CURVE('',#1850,#3409,#3885,.T.);
#3885 = SEAM_CURVE('',#3886,(#3890,#3896),.PCURVE_S1.);
#3886 = LINE('',#3887,#3888);
#3887 = CARTESIAN_POINT('',(0.3,-6.,-1.8));
#3888 = VECTOR('',#3889,1.);
#3889 = DIRECTION('',(0.,1.,0.));
#3890 = PCURVE('',#1870,#3891);
#3891 = DEFINITIONAL_REPRESENTATION('',(#3892),#3895);
#3892 = B_SPLINE_CURVE_WITH_KNOTS('',1,(#3893,#3894),.UNSPECIFIED.,.F.,
  .F.,(2,2),(0.,0.3),.PIECEWISE_BEZIER_KNOTS.);
#3893 = CARTESIAN_POINT('',(6.28318530718,0.));
#3894 = CARTESIAN_POINT('',(6.28318530718,-0.3));
#3895 = ( GEOMETRIC_REPRESENTATION_CONTEXT(2) 
PARAMETRIC_REPRESENTATION_CONTEXT() REPRESENTATION_CONTEXT('2D SPACE',''
  ) );
#3896 = PCURVE('',#1870,#3897);
#3897 = DEFINITIONAL_REPRESENTATION('',(#3898),#3901);
#3898 = B_SPLINE_CURVE_WITH_KNOTS('',1,(#3899,#3900),.UNSPECIFIED.,.F.,
  .F.,(2,2),(0.,0.3),.PIECEWISE_BEZIER_KNOTS.);
#3899 = CARTESIAN_POINT('',(0.,0.));
#3900 = CARTESIAN_POINT('',(0.,-0.3));
#3901 = ( GEOMETRIC_REPRESENTATION_CONTEXT(2) 
PARAMETRIC_REPRESENTATION_CONTEXT() REPRESENTATION_CONTEXT('2D SPACE',''
  ) );
#3902 = ORIENTED_EDGE('',*,*,#3408,.T.);
#3903 = ORIENTED_EDGE('',*,*,#3884,.F.);
#3904 = ADVANCED_FACE('',(#3905),#1904,.F.);
#3905 = FACE_BOUND('',#3906,.F.);
#3906 = EDGE_LOOP('',(#3907,#3908,#3927,#3928));
#3907 = ORIENTED_EDGE('',*,*,#1883,.F.);
#3908 = ORIENTED_EDGE('',*,*,#3909,.T.);
#3909 = EDGE_CURVE('',#1884,#3438,#3910,.T.);
#3910 = SEAM_CURVE('',#3911,(#3915,#3921),.PCURVE_S1.);
#3911 = LINE('',#3912,#3913);
#3912 = CARTESIAN_POINT('',(1.75,-6.,-1.8));
#3913 = VECTOR('',#3914,1.);
#3914 = DIRECTION('',(0.,1.,0.));
#3915 = PCURVE('',#1904,#3916);
#3916 = DEFINITIONAL_REPRESENTATION('',(#3917),#3920);
#3917 = B_SPLINE_CURVE_WITH_KNOTS('',1,(#3918,#3919),.UNSPECIFIED.,.F.,
  .F.,(2,2),(0.,0.3),.PIECEWISE_BEZIER_KNOTS.);
#3918 = CARTESIAN_POINT('',(6.28318530718,0.));
#3919 = CARTESIAN_POINT('',(6.28318530718,-0.3));
#3920 = ( GEOMETRIC_REPRESENTATION_CONTEXT(2) 
PARAMETRIC_REPRESENTATION_CONTEXT() REPRESENTATION_CONTEXT('2D SPACE',''
  ) );
#3921 = PCURVE('',#1904,#3922);
#3922 = DEFINITIONAL_REPRESENTATION('',(#3923),#3926);
#3923 = B_SPLINE_CURVE_WITH_KNOTS('',1,(#3924,#3925),.UNSPECIFIED.,.F.,
  .F.,(2,2),(0.,0.3),.PIECEWISE_BEZIER_KNOTS.);
#3924 = CARTESIAN_POINT('',(0.,0.));
#3925 = CARTESIAN_POINT('',(0.,-0.3));
#3926 = ( GEOMETRIC_REPRESENTATION_CONTEXT(2) 
PARAMETRIC_REPRESENTATION_CONTEXT() REPRESENTATION_CONTEXT('2D SPACE',''
  ) );
#3927 = ORIENTED_EDGE('',*,*,#3437,.T.);
#3928 = ORIENTED_EDGE('',*,*,#3909,.F.);
#3929 = ADVANCED_FACE('',(#3930),#1938,.F.);
#3930 = FACE_BOUND('',#3931,.F.);
#3931 = EDGE_LOOP('',(#3932,#3933,#3952,#3953));
#3932 = ORIENTED_EDGE('',*,*,#1917,.F.);
#3933 = ORIENTED_EDGE('',*,*,#3934,.T.);
#3934 = EDGE_CURVE('',#1918,#3467,#3935,.T.);
#3935 = SEAM_CURVE('',#3936,(#3940,#3946),.PCURVE_S1.);
#3936 = LINE('',#3937,#3938);
#3937 = CARTESIAN_POINT('',(2.95,-6.,-1.8));
#3938 = VECTOR('',#3939,1.);
#3939 = DIRECTION('',(0.,1.,0.));
#3940 = PCURVE('',#1938,#3941);
#3941 = DEFINITIONAL_REPRESENTATION('',(#3942),#3945);
#3942 = B_SPLINE_CURVE_WITH_KNOTS('',1,(#3943,#3944),.UNSPECIFIED.,.F.,
  .F.,(2,2),(0.,0.3),.PIECEWISE_BEZIER_KNOTS.);
#3943 = CARTESIAN_POINT('',(6.28318530718,0.));
#3944 = CARTESIAN_POINT('',(6.28318530718,-0.3));
#3945 = ( GEOMETRIC_REPRESENTATION_CONTEXT(2) 
PARAMETRIC_REPRESENTATION_CONTEXT() REPRESENTATION_CONTEXT('2D SPACE',''
  ) );
#3946 = PCURVE('',#1938,#3947);
#3947 = DEFINITIONAL_REPRESENTATION('',(#3948),#3951);
#3948 = B_SPLINE_CURVE_WITH_KNOTS('',1,(#3949,#3950),.UNSPECIFIED.,.F.,
  .F.,(2,2),(0.,0.3),.PIECEWISE_BEZIER_KNOTS.);
#3949 = CARTESIAN_POINT('',(0.,0.));
#3950 = CARTESIAN_POINT('',(0.,-0.3));
#3951 = ( GEOMETRIC_REPRESENTATION_CONTEXT(2) 
PARAMETRIC_REPRESENTATION_CONTEXT() REPRESENTATION_CONTEXT('2D SPACE',''
  ) );
#3952 = ORIENTED_EDGE('',*,*,#3466,.T.);
#3953 = ORIENTED_EDGE('',*,*,#3934,.F.);
#3954 = ADVANCED_FACE('',(#3955),#1972,.F.);
#3955 = FACE_BOUND('',#3956,.F.);
#3956 = EDGE_LOOP('',(#3957,#3958,#3977,#3978));
#3957 = ORIENTED_EDGE('',*,*,#1951,.F.);
#3958 = ORIENTED_EDGE('',*,*,#3959,.T.);
#3959 = EDGE_CURVE('',#1952,#3496,#3960,.T.);
#3960 = SEAM_CURVE('',#3961,(#3965,#3971),.PCURVE_S1.);
#3961 = LINE('',#3962,#3963);
#3962 = CARTESIAN_POINT('',(6.1,-6.,-1.8));
#3963 = VECTOR('',#3964,1.);
#3964 = DIRECTION('',(0.,1.,0.));
#3965 = PCURVE('',#1972,#3966);
#3966 = DEFINITIONAL_REPRESENTATION('',(#3967),#3970);
#3967 = B_SPLINE_CURVE_WITH_KNOTS('',1,(#3968,#3969),.UNSPECIFIED.,.F.,
  .F.,(2,2),(0.,0.3),.PIECEWISE_BEZIER_KNOTS.);
#3968 = CARTESIAN_POINT('',(6.28318530718,0.));
#3969 = CARTESIAN_POINT('',(6.28318530718,-0.3));
#3970 = ( GEOMETRIC_REPRESENTATION_CONTEXT(2) 
PARAMETRIC_REPRESENTATION_CONTEXT() REPRESENTATION_CONTEXT('2D SPACE',''
  ) );
#3971 = PCURVE('',#1972,#3972);
#3972 = DEFINITIONAL_REPRESENTATION('',(#3973),#3976);
#3973 = B_SPLINE_CURVE_WITH_KNOTS('',1,(#3974,#3975),.UNSPECIFIED.,.F.,
  .F.,(2,2),(0.,0.3),.PIECEWISE_BEZIER_KNOTS.);
#3974 = CARTESIAN_POINT('',(0.,0.));
#3975 = CARTESIAN_POINT('',(0.,-0.3));
#3976 = ( GEOMETRIC_REPRESENTATION_CONTEXT(2) 
PARAMETRIC_REPRESENTATION_CONTEXT() REPRESENTATION_CONTEXT('2D SPACE',''
  ) );
#3977 = ORIENTED_EDGE('',*,*,#3495,.T.);
#3978 = ORIENTED_EDGE('',*,*,#3959,.F.);
#3979 = ADVANCED_FACE('',(#3980),#2003,.F.);
#3980 = FACE_BOUND('',#3981,.F.);
#3981 = EDGE_LOOP('',(#3982,#3983,#4004,#4005));
#3982 = ORIENTED_EDGE('',*,*,#1985,.F.);
#3983 = ORIENTED_EDGE('',*,*,#3984,.T.);
#3984 = EDGE_CURVE('',#1986,#3573,#3985,.T.);
#3985 = SURFACE_CURVE('',#3986,(#3990,#3997),.PCURVE_S1.);
#3986 = LINE('',#3987,#3988);
#3987 = CARTESIAN_POINT('',(-4.,-6.,2.3));
#3988 = VECTOR('',#3989,1.);
#3989 = DIRECTION('',(0.,1.,0.));
#3990 = PCURVE('',#2003,#3991);
#3991 = DEFINITIONAL_REPRESENTATION('',(#3992),#3996);
#3992 = LINE('',#3993,#3994);
#3993 = CARTESIAN_POINT('',(0.,0.));
#3994 = VECTOR('',#3995,1.);
#3995 = DIRECTION('',(0.,-1.));
#3996 = ( GEOMETRIC_REPRESENTATION_CONTEXT(2) 
PARAMETRIC_REPRESENTATION_CONTEXT() REPRESENTATION_CONTEXT('2D SPACE',''
  ) );
#3997 = PCURVE('',#2085,#3998);
#3998 = DEFINITIONAL_REPRESENTATION('',(#3999),#4003);
#3999 = LINE('',#4000,#4001);
#4000 = CARTESIAN_POINT('',(8.,0.));
#4001 = VECTOR('',#4002,1.);
#4002 = DIRECTION('',(0.,-1.));
#4003 = ( GEOMETRIC_REPRESENTATION_CONTEXT(2) 
PARAMETRIC_REPRESENTATION_CONTEXT() REPRESENTATION_CONTEXT('2D SPACE',''
  ) );
#4004 = ORIENTED_EDGE('',*,*,#3595,.F.);
#4005 = ORIENTED_EDGE('',*,*,#4006,.F.);
#4006 = EDGE_CURVE('',#1988,#3527,#4007,.T.);
#4007 = SURFACE_CURVE('',#4008,(#4012,#4019),.PCURVE_S1.);
#4008 = LINE('',#4009,#4010);
#4009 = CARTESIAN_POINT('',(-4.,-6.,-0.7));
#4010 = VECTOR('',#4011,1.);
#4011 = DIRECTION('',(0.,1.,0.));
#4012 = PCURVE('',#2003,#4013);
#4013 = DEFINITIONAL_REPRESENTATION('',(#4014),#4018);
#4014 = LINE('',#4015,#4016);
#4015 = CARTESIAN_POINT('',(3.,0.));
#4016 = VECTOR('',#4017,1.);
#4017 = DIRECTION('',(0.,-1.));
#4018 = ( GEOMETRIC_REPRESENTATION_CONTEXT(2) 
PARAMETRIC_REPRESENTATION_CONTEXT() REPRESENTATION_CONTEXT('2D SPACE',''
  ) );
#4019 = PCURVE('',#2031,#4020);
#4020 = DEFINITIONAL_REPRESENTATION('',(#4021),#4025);
#4021 = LINE('',#4022,#4023);
#4022 = CARTESIAN_POINT('',(0.,0.));
#4023 = VECTOR('',#4024,1.);
#4024 = DIRECTION('',(0.,-1.));
#4025 = ( GEOMETRIC_REPRESENTATION_CONTEXT(2) 
PARAMETRIC_REPRESENTATION_CONTEXT() REPRESENTATION_CONTEXT('2D SPACE',''
  ) );
#4026 = ADVANCED_FACE('',(#4027),#2085,.F.);
#4027 = FACE_BOUND('',#4028,.F.);
#4028 = EDGE_LOOP('',(#4029,#4030,#4051,#4052));
#4029 = ORIENTED_EDGE('',*,*,#2071,.F.);
#4030 = ORIENTED_EDGE('',*,*,#4031,.T.);
#4031 = EDGE_CURVE('',#2044,#3550,#4032,.T.);
#4032 = SURFACE_CURVE('',#4033,(#4037,#4044),.PCURVE_S1.);
#4033 = LINE('',#4034,#4035);
#4034 = CARTESIAN_POINT('',(4.,-6.,2.3));
#4035 = VECTOR('',#4036,1.);
#4036 = DIRECTION('',(0.,1.,0.));
#4037 = PCURVE('',#2085,#4038);
#4038 = DEFINITIONAL_REPRESENTATION('',(#4039),#4043);
#4039 = LINE('',#4040,#4041);
#4040 = CARTESIAN_POINT('',(0.,0.));
#4041 = VECTOR('',#4042,1.);
#4042 = DIRECTION('',(0.,-1.));
#4043 = ( GEOMETRIC_REPRESENTATION_CONTEXT(2) 
PARAMETRIC_REPRESENTATION_CONTEXT() REPRESENTATION_CONTEXT('2D SPACE',''
  ) );
#4044 = PCURVE('',#2059,#4045);
#4045 = DEFINITIONAL_REPRESENTATION('',(#4046),#4050);
#4046 = LINE('',#4047,#4048);
#4047 = CARTESIAN_POINT('',(3.,0.));
#4048 = VECTOR('',#4049,1.);
#4049 = DIRECTION('',(0.,-1.));
#4050 = ( GEOMETRIC_REPRESENTATION_CONTEXT(2) 
PARAMETRIC_REPRESENTATION_CONTEXT() REPRESENTATION_CONTEXT('2D SPACE',''
  ) );
#4051 = ORIENTED_EDGE('',*,*,#3572,.F.);
#4052 = ORIENTED_EDGE('',*,*,#3984,.F.);
#4053 = ADVANCED_FACE('',(#4054),#2031,.F.);
#4054 = FACE_BOUND('',#4055,.F.);
#4055 = EDGE_LOOP('',(#4056,#4057,#4058,#4059));
#4056 = ORIENTED_EDGE('',*,*,#2015,.F.);
#4057 = ORIENTED_EDGE('',*,*,#4006,.T.);
#4058 = ORIENTED_EDGE('',*,*,#3524,.F.);
#4059 = ORIENTED_EDGE('',*,*,#4060,.F.);
#4060 = EDGE_CURVE('',#2016,#3525,#4061,.T.);
#4061 = SURFACE_CURVE('',#4062,(#4066,#4073),.PCURVE_S1.);
#4062 = LINE('',#4063,#4064);
#4063 = CARTESIAN_POINT('',(4.,-6.,-0.7));
#4064 = VECTOR('',#4065,1.);
#4065 = DIRECTION('',(0.,1.,0.));
#4066 = PCURVE('',#2031,#4067);
#4067 = DEFINITIONAL_REPRESENTATION('',(#4068),#4072);
#4068 = LINE('',#4069,#4070);
#4069 = CARTESIAN_POINT('',(8.,0.));
#4070 = VECTOR('',#4071,1.);
#4071 = DIRECTION('',(0.,-1.));
#4072 = ( GEOMETRIC_REPRESENTATION_CONTEXT(2) 
PARAMETRIC_REPRESENTATION_CONTEXT() REPRESENTATION_CONTEXT('2D SPACE',''
  ) );
#4073 = PCURVE('',#2059,#4074);
#4074 = DEFINITIONAL_REPRESENTATION('',(#4075),#4079);
#4075 = LINE('',#4076,#4077);
#4076 = CARTESIAN_POINT('',(0.,0.));
#4077 = VECTOR('',#4078,1.);
#4078 = DIRECTION('',(0.,-1.));
#4079 = ( GEOMETRIC_REPRESENTATION_CONTEXT(2) 
PARAMETRIC_REPRESENTATION_CONTEXT() REPRESENTATION_CONTEXT('2D SPACE',''
  ) );
#4080 = ADVANCED_FACE('',(#4081),#2059,.F.);
#4081 = FACE_BOUND('',#4082,.F.);
#4082 = EDGE_LOOP('',(#4083,#4084,#4085,#4086));
#4083 = ORIENTED_EDGE('',*,*,#2043,.F.);
#4084 = ORIENTED_EDGE('',*,*,#4060,.T.);
#4085 = ORIENTED_EDGE('',*,*,#3549,.F.);
#4086 = ORIENTED_EDGE('',*,*,#4031,.F.);
#4087 = ADVANCED_FACE('',(#4088),#2174,.F.);
#4088 = FACE_BOUND('',#4089,.T.);
#4089 = EDGE_LOOP('',(#4090,#4091,#4111,#4112));
#4090 = ORIENTED_EDGE('',*,*,#2151,.F.);
#4091 = ORIENTED_EDGE('',*,*,#4092,.T.);
#4092 = EDGE_CURVE('',#2152,#2827,#4093,.T.);
#4093 = SURFACE_CURVE('',#4094,(#4098,#4104),.PCURVE_S1.);
#4094 = LINE('',#4095,#4096);
#4095 = CARTESIAN_POINT('',(7.5,3.625,0.825));
#4096 = VECTOR('',#4097,1.);
#4097 = DIRECTION('',(-1.,-0.,0.));
#4098 = PCURVE('',#2174,#4099);
#4099 = DEFINITIONAL_REPRESENTATION('',(#4100),#4103);
#4100 = B_SPLINE_CURVE_WITH_KNOTS('',1,(#4101,#4102),.UNSPECIFIED.,.F.,
  .F.,(2,2),(0.,0.3),.PIECEWISE_BEZIER_KNOTS.);
#4101 = CARTESIAN_POINT('',(0.,0.));
#4102 = CARTESIAN_POINT('',(0.,-0.3));
#4103 = ( GEOMETRIC_REPRESENTATION_CONTEXT(2) 
PARAMETRIC_REPRESENTATION_CONTEXT() REPRESENTATION_CONTEXT('2D SPACE',''
  ) );
#4104 = PCURVE('',#2259,#4105);
#4105 = DEFINITIONAL_REPRESENTATION('',(#4106),#4110);
#4106 = LINE('',#4107,#4108);
#4107 = CARTESIAN_POINT('',(1.95,0.));
#4108 = VECTOR('',#4109,1.);
#4109 = DIRECTION('',(-0.,-1.));
#4110 = ( GEOMETRIC_REPRESENTATION_CONTEXT(2) 
PARAMETRIC_REPRESENTATION_CONTEXT() REPRESENTATION_CONTEXT('2D SPACE',''
  ) );
#4111 = ORIENTED_EDGE('',*,*,#2824,.F.);
#4112 = ORIENTED_EDGE('',*,*,#4113,.F.);
#4113 = EDGE_CURVE('',#2154,#2825,#4114,.T.);
#4114 = SURFACE_CURVE('',#4115,(#4119,#4125),.PCURVE_S1.);
#4115 = LINE('',#4116,#4117);
#4116 = CARTESIAN_POINT('',(7.5,3.375,0.825));
#4117 = VECTOR('',#4118,1.);
#4118 = DIRECTION('',(-1.,-0.,0.));
#4119 = PCURVE('',#2174,#4120);
#4120 = DEFINITIONAL_REPRESENTATION('',(#4121),#4124);
#4121 = B_SPLINE_CURVE_WITH_KNOTS('',1,(#4122,#4123),.UNSPECIFIED.,.F.,
  .F.,(2,2),(0.,0.3),.PIECEWISE_BEZIER_KNOTS.);
#4122 = CARTESIAN_POINT('',(-3.14159265359,0.));
#4123 = CARTESIAN_POINT('',(-3.14159265359,-0.3));
#4124 = ( GEOMETRIC_REPRESENTATION_CONTEXT(2) 
PARAMETRIC_REPRESENTATION_CONTEXT() REPRESENTATION_CONTEXT('2D SPACE',''
  ) );
#4125 = PCURVE('',#2201,#4126);
#4126 = DEFINITIONAL_REPRESENTATION('',(#4127),#4131);
#4127 = LINE('',#4128,#4129);
#4128 = CARTESIAN_POINT('',(0.,0.));
#4129 = VECTOR('',#4130,1.);
#4130 = DIRECTION('',(0.,-1.));
#4131 = ( GEOMETRIC_REPRESENTATION_CONTEXT(2) 
PARAMETRIC_REPRESENTATION_CONTEXT() REPRESENTATION_CONTEXT('2D SPACE',''
  ) );
#4132 = ADVANCED_FACE('',(#4133),#2259,.T.);
#4133 = FACE_BOUND('',#4134,.T.);
#4134 = EDGE_LOOP('',(#4135,#4136,#4156,#4157));
#4135 = ORIENTED_EDGE('',*,*,#2245,.F.);
#4136 = ORIENTED_EDGE('',*,*,#4137,.T.);
#4137 = EDGE_CURVE('',#2214,#2873,#4138,.T.);
#4138 = SURFACE_CURVE('',#4139,(#4143,#4150),.PCURVE_S1.);
#4139 = LINE('',#4140,#4141);
#4140 = CARTESIAN_POINT('',(7.5,3.625,2.775));
#4141 = VECTOR('',#4142,1.);
#4142 = DIRECTION('',(-1.,-0.,0.));
#4143 = PCURVE('',#2259,#4144);
#4144 = DEFINITIONAL_REPRESENTATION('',(#4145),#4149);
#4145 = LINE('',#4146,#4147);
#4146 = CARTESIAN_POINT('',(0.,0.));
#4147 = VECTOR('',#4148,1.);
#4148 = DIRECTION('',(-0.,-1.));
#4149 = ( GEOMETRIC_REPRESENTATION_CONTEXT(2) 
PARAMETRIC_REPRESENTATION_CONTEXT() REPRESENTATION_CONTEXT('2D SPACE',''
  ) );
#4150 = PCURVE('',#2234,#4151);
#4151 = DEFINITIONAL_REPRESENTATION('',(#4152),#4155);
#4152 = B_SPLINE_CURVE_WITH_KNOTS('',1,(#4153,#4154),.UNSPECIFIED.,.F.,
  .F.,(2,2),(0.,0.3),.PIECEWISE_BEZIER_KNOTS.);
#4153 = CARTESIAN_POINT('',(-3.14159265359,0.));
#4154 = CARTESIAN_POINT('',(-3.14159265359,-0.3));
#4155 = ( GEOMETRIC_REPRESENTATION_CONTEXT(2) 
PARAMETRIC_REPRESENTATION_CONTEXT() REPRESENTATION_CONTEXT('2D SPACE',''
  ) );
#4156 = ORIENTED_EDGE('',*,*,#2895,.T.);
#4157 = ORIENTED_EDGE('',*,*,#4092,.F.);
#4158 = ADVANCED_FACE('',(#4159),#2234,.F.);
#4159 = FACE_BOUND('',#4160,.T.);
#4160 = EDGE_LOOP('',(#4161,#4162,#4182,#4183));
#4161 = ORIENTED_EDGE('',*,*,#2213,.F.);
#4162 = ORIENTED_EDGE('',*,*,#4163,.T.);
#4163 = EDGE_CURVE('',#2186,#2850,#4164,.T.);
#4164 = SURFACE_CURVE('',#4165,(#4169,#4175),.PCURVE_S1.);
#4165 = LINE('',#4166,#4167);
#4166 = CARTESIAN_POINT('',(7.5,3.375,2.775));
#4167 = VECTOR('',#4168,1.);
#4168 = DIRECTION('',(-1.,-0.,0.));
#4169 = PCURVE('',#2234,#4170);
#4170 = DEFINITIONAL_REPRESENTATION('',(#4171),#4174);
#4171 = B_SPLINE_CURVE_WITH_KNOTS('',1,(#4172,#4173),.UNSPECIFIED.,.F.,
  .F.,(2,2),(0.,0.3),.PIECEWISE_BEZIER_KNOTS.);
#4172 = CARTESIAN_POINT('',(0.,0.));
#4173 = CARTESIAN_POINT('',(0.,-0.3));
#4174 = ( GEOMETRIC_REPRESENTATION_CONTEXT(2) 
PARAMETRIC_REPRESENTATION_CONTEXT() REPRESENTATION_CONTEXT('2D SPACE',''
  ) );
#4175 = PCURVE('',#2201,#4176);
#4176 = DEFINITIONAL_REPRESENTATION('',(#4177),#4181);
#4177 = LINE('',#4178,#4179);
#4178 = CARTESIAN_POINT('',(1.95,0.));
#4179 = VECTOR('',#4180,1.);
#4180 = DIRECTION('',(0.,-1.));
#4181 = ( GEOMETRIC_REPRESENTATION_CONTEXT(2) 
PARAMETRIC_REPRESENTATION_CONTEXT() REPRESENTATION_CONTEXT('2D SPACE',''
  ) );
#4182 = ORIENTED_EDGE('',*,*,#2872,.F.);
#4183 = ORIENTED_EDGE('',*,*,#4137,.F.);
#4184 = ADVANCED_FACE('',(#4185),#2201,.T.);
#4185 = FACE_BOUND('',#4186,.T.);
#4186 = EDGE_LOOP('',(#4187,#4188,#4189,#4190));
#4187 = ORIENTED_EDGE('',*,*,#2185,.F.);
#4188 = ORIENTED_EDGE('',*,*,#4113,.T.);
#4189 = ORIENTED_EDGE('',*,*,#2849,.T.);
#4190 = ORIENTED_EDGE('',*,*,#4163,.F.);
#4191 = ADVANCED_FACE('',(#4192),#2296,.F.);
#4192 = FACE_BOUND('',#4193,.T.);
#4193 = EDGE_LOOP('',(#4194,#4195,#4215,#4216));
#4194 = ORIENTED_EDGE('',*,*,#2273,.F.);
#4195 = ORIENTED_EDGE('',*,*,#4196,.T.);
#4196 = EDGE_CURVE('',#2274,#2921,#4197,.T.);
#4197 = SURFACE_CURVE('',#4198,(#4202,#4208),.PCURVE_S1.);
#4198 = LINE('',#4199,#4200);
#4199 = CARTESIAN_POINT('',(7.5,2.625,0.825));
#4200 = VECTOR('',#4201,1.);
#4201 = DIRECTION('',(-1.,-0.,0.));
#4202 = PCURVE('',#2296,#4203);
#4203 = DEFINITIONAL_REPRESENTATION('',(#4204),#4207);
#4204 = B_SPLINE_CURVE_WITH_KNOTS('',1,(#4205,#4206),.UNSPECIFIED.,.F.,
  .F.,(2,2),(0.,0.3),.PIECEWISE_BEZIER_KNOTS.);
#4205 = CARTESIAN_POINT('',(0.,0.));
#4206 = CARTESIAN_POINT('',(0.,-0.3));
#4207 = ( GEOMETRIC_REPRESENTATION_CONTEXT(2) 
PARAMETRIC_REPRESENTATION_CONTEXT() REPRESENTATION_CONTEXT('2D SPACE',''
  ) );
#4208 = PCURVE('',#2381,#4209);
#4209 = DEFINITIONAL_REPRESENTATION('',(#4210),#4214);
#4210 = LINE('',#4211,#4212);
#4211 = CARTESIAN_POINT('',(1.95,0.));
#4212 = VECTOR('',#4213,1.);
#4213 = DIRECTION('',(-0.,-1.));
#4214 = ( GEOMETRIC_REPRESENTATION_CONTEXT(2) 
PARAMETRIC_REPRESENTATION_CONTEXT() REPRESENTATION_CONTEXT('2D SPACE',''
  ) );
#4215 = ORIENTED_EDGE('',*,*,#2918,.F.);
#4216 = ORIENTED_EDGE('',*,*,#4217,.F.);
#4217 = EDGE_CURVE('',#2276,#2919,#4218,.T.);
#4218 = SURFACE_CURVE('',#4219,(#4223,#4229),.PCURVE_S1.);
#4219 = LINE('',#4220,#4221);
#4220 = CARTESIAN_POINT('',(7.5,2.375,0.825));
#4221 = VECTOR('',#4222,1.);
#4222 = DIRECTION('',(-1.,-0.,0.));
#4223 = PCURVE('',#2296,#4224);
#4224 = DEFINITIONAL_REPRESENTATION('',(#4225),#4228);
#4225 = B_SPLINE_CURVE_WITH_KNOTS('',1,(#4226,#4227),.UNSPECIFIED.,.F.,
  .F.,(2,2),(0.,0.3),.PIECEWISE_BEZIER_KNOTS.);
#4226 = CARTESIAN_POINT('',(-3.14159265359,0.));
#4227 = CARTESIAN_POINT('',(-3.14159265359,-0.3));
#4228 = ( GEOMETRIC_REPRESENTATION_CONTEXT(2) 
PARAMETRIC_REPRESENTATION_CONTEXT() REPRESENTATION_CONTEXT('2D SPACE',''
  ) );
#4229 = PCURVE('',#2323,#4230);
#4230 = DEFINITIONAL_REPRESENTATION('',(#4231),#4235);
#4231 = LINE('',#4232,#4233);
#4232 = CARTESIAN_POINT('',(0.,0.));
#4233 = VECTOR('',#4234,1.);
#4234 = DIRECTION('',(0.,-1.));
#4235 = ( GEOMETRIC_REPRESENTATION_CONTEXT(2) 
PARAMETRIC_REPRESENTATION_CONTEXT() REPRESENTATION_CONTEXT('2D SPACE',''
  ) );
#4236 = ADVANCED_FACE('',(#4237),#2381,.T.);
#4237 = FACE_BOUND('',#4238,.T.);
#4238 = EDGE_LOOP('',(#4239,#4240,#4260,#4261));
#4239 = ORIENTED_EDGE('',*,*,#2367,.F.);
#4240 = ORIENTED_EDGE('',*,*,#4241,.T.);
#4241 = EDGE_CURVE('',#2336,#2967,#4242,.T.);
#4242 = SURFACE_CURVE('',#4243,(#4247,#4254),.PCURVE_S1.);
#4243 = LINE('',#4244,#4245);
#4244 = CARTESIAN_POINT('',(7.5,2.625,2.775));
#4245 = VECTOR('',#4246,1.);
#4246 = DIRECTION('',(-1.,-0.,0.));
#4247 = PCURVE('',#2381,#4248);
#4248 = DEFINITIONAL_REPRESENTATION('',(#4249),#4253);
#4249 = LINE('',#4250,#4251);
#4250 = CARTESIAN_POINT('',(0.,0.));
#4251 = VECTOR('',#4252,1.);
#4252 = DIRECTION('',(-0.,-1.));
#4253 = ( GEOMETRIC_REPRESENTATION_CONTEXT(2) 
PARAMETRIC_REPRESENTATION_CONTEXT() REPRESENTATION_CONTEXT('2D SPACE',''
  ) );
#4254 = PCURVE('',#2356,#4255);
#4255 = DEFINITIONAL_REPRESENTATION('',(#4256),#4259);
#4256 = B_SPLINE_CURVE_WITH_KNOTS('',1,(#4257,#4258),.UNSPECIFIED.,.F.,
  .F.,(2,2),(0.,0.3),.PIECEWISE_BEZIER_KNOTS.);
#4257 = CARTESIAN_POINT('',(-3.14159265359,0.));
#4258 = CARTESIAN_POINT('',(-3.14159265359,-0.3));
#4259 = ( GEOMETRIC_REPRESENTATION_CONTEXT(2) 
PARAMETRIC_REPRESENTATION_CONTEXT() REPRESENTATION_CONTEXT('2D SPACE',''
  ) );
#4260 = ORIENTED_EDGE('',*,*,#2989,.T.);
#4261 = ORIENTED_EDGE('',*,*,#4196,.F.);
#4262 = ADVANCED_FACE('',(#4263),#2323,.T.);
#4263 = FACE_BOUND('',#4264,.T.);
#4264 = EDGE_LOOP('',(#4265,#4266,#4267,#4268));
#4265 = ORIENTED_EDGE('',*,*,#2307,.F.);
#4266 = ORIENTED_EDGE('',*,*,#4217,.T.);
#4267 = ORIENTED_EDGE('',*,*,#2943,.T.);
#4268 = ORIENTED_EDGE('',*,*,#4269,.F.);
#4269 = EDGE_CURVE('',#2308,#2944,#4270,.T.);
#4270 = SURFACE_CURVE('',#4271,(#4275,#4282),.PCURVE_S1.);
#4271 = LINE('',#4272,#4273);
#4272 = CARTESIAN_POINT('',(7.5,2.375,2.775));
#4273 = VECTOR('',#4274,1.);
#4274 = DIRECTION('',(-1.,-0.,0.));
#4275 = PCURVE('',#2323,#4276);
#4276 = DEFINITIONAL_REPRESENTATION('',(#4277),#4281);
#4277 = LINE('',#4278,#4279);
#4278 = CARTESIAN_POINT('',(1.95,0.));
#4279 = VECTOR('',#4280,1.);
#4280 = DIRECTION('',(0.,-1.));
#4281 = ( GEOMETRIC_REPRESENTATION_CONTEXT(2) 
PARAMETRIC_REPRESENTATION_CONTEXT() REPRESENTATION_CONTEXT('2D SPACE',''
  ) );
#4282 = PCURVE('',#2356,#4283);
#4283 = DEFINITIONAL_REPRESENTATION('',(#4284),#4287);
#4284 = B_SPLINE_CURVE_WITH_KNOTS('',1,(#4285,#4286),.UNSPECIFIED.,.F.,
  .F.,(2,2),(0.,0.3),.PIECEWISE_BEZIER_KNOTS.);
#4285 = CARTESIAN_POINT('',(0.,0.));
#4286 = CARTESIAN_POINT('',(0.,-0.3));
#4287 = ( GEOMETRIC_REPRESENTATION_CONTEXT(2) 
PARAMETRIC_REPRESENTATION_CONTEXT() REPRESENTATION_CONTEXT('2D SPACE',''
  ) );
#4288 = ADVANCED_FACE('',(#4289),#2356,.F.);
#4289 = FACE_BOUND('',#4290,.T.);
#4290 = EDGE_LOOP('',(#4291,#4292,#4293,#4294));
#4291 = ORIENTED_EDGE('',*,*,#2335,.F.);
#4292 = ORIENTED_EDGE('',*,*,#4269,.T.);
#4293 = ORIENTED_EDGE('',*,*,#2966,.F.);
#4294 = ORIENTED_EDGE('',*,*,#4241,.F.);
#4295 = ADVANCED_FACE('',(#4296),#2412,.F.);
#4296 = FACE_BOUND('',#4297,.F.);
#4297 = EDGE_LOOP('',(#4298,#4299,#4318,#4319));
#4298 = ORIENTED_EDGE('',*,*,#2395,.F.);
#4299 = ORIENTED_EDGE('',*,*,#4300,.T.);
#4300 = EDGE_CURVE('',#2396,#3013,#4301,.T.);
#4301 = SEAM_CURVE('',#4302,(#4306,#4312),.PCURVE_S1.);
#4302 = LINE('',#4303,#4304);
#4303 = CARTESIAN_POINT('',(7.5,0.6,0.));
#4304 = VECTOR('',#4305,1.);
#4305 = DIRECTION('',(-1.,-0.,0.));
#4306 = PCURVE('',#2412,#4307);
#4307 = DEFINITIONAL_REPRESENTATION('',(#4308),#4311);
#4308 = B_SPLINE_CURVE_WITH_KNOTS('',1,(#4309,#4310),.UNSPECIFIED.,.F.,
  .F.,(2,2),(0.,0.3),.PIECEWISE_BEZIER_KNOTS.);
#4309 = CARTESIAN_POINT('',(6.28318530718,0.));
#4310 = CARTESIAN_POINT('',(6.28318530718,-0.3));
#4311 = ( GEOMETRIC_REPRESENTATION_CONTEXT(2) 
PARAMETRIC_REPRESENTATION_CONTEXT() REPRESENTATION_CONTEXT('2D SPACE',''
  ) );
#4312 = PCURVE('',#2412,#4313);
#4313 = DEFINITIONAL_REPRESENTATION('',(#4314),#4317);
#4314 = B_SPLINE_CURVE_WITH_KNOTS('',1,(#4315,#4316),.UNSPECIFIED.,.F.,
  .F.,(2,2),(0.,0.3),.PIECEWISE_BEZIER_KNOTS.);
#4315 = CARTESIAN_POINT('',(0.,0.));
#4316 = CARTESIAN_POINT('',(0.,-0.3));
#4317 = ( GEOMETRIC_REPRESENTATION_CONTEXT(2) 
PARAMETRIC_REPRESENTATION_CONTEXT() REPRESENTATION_CONTEXT('2D SPACE',''
  ) );
#4318 = ORIENTED_EDGE('',*,*,#3012,.T.);
#4319 = ORIENTED_EDGE('',*,*,#4300,.F.);
#4320 = ADVANCED_FACE('',(#4321),#2448,.F.);
#4321 = FACE_BOUND('',#4322,.T.);
#4322 = EDGE_LOOP('',(#4323,#4324,#4344,#4345));
#4323 = ORIENTED_EDGE('',*,*,#2425,.F.);
#4324 = ORIENTED_EDGE('',*,*,#4325,.T.);
#4325 = EDGE_CURVE('',#2426,#3040,#4326,.T.);
#4326 = SURFACE_CURVE('',#4327,(#4331,#4337),.PCURVE_S1.);
#4327 = LINE('',#4328,#4329);
#4328 = CARTESIAN_POINT('',(7.5,-2.375,0.825));
#4329 = VECTOR('',#4330,1.);
#4330 = DIRECTION('',(-1.,-0.,0.));
#4331 = PCURVE('',#2448,#4332);
#4332 = DEFINITIONAL_REPRESENTATION('',(#4333),#4336);
#4333 = B_SPLINE_CURVE_WITH_KNOTS('',1,(#4334,#4335),.UNSPECIFIED.,.F.,
  .F.,(2,2),(0.,0.3),.PIECEWISE_BEZIER_KNOTS.);
#4334 = CARTESIAN_POINT('',(0.,0.));
#4335 = CARTESIAN_POINT('',(0.,-0.3));
#4336 = ( GEOMETRIC_REPRESENTATION_CONTEXT(2) 
PARAMETRIC_REPRESENTATION_CONTEXT() REPRESENTATION_CONTEXT('2D SPACE',''
  ) );
#4337 = PCURVE('',#2533,#4338);
#4338 = DEFINITIONAL_REPRESENTATION('',(#4339),#4343);
#4339 = LINE('',#4340,#4341);
#4340 = CARTESIAN_POINT('',(1.95,0.));
#4341 = VECTOR('',#4342,1.);
#4342 = DIRECTION('',(-0.,-1.));
#4343 = ( GEOMETRIC_REPRESENTATION_CONTEXT(2) 
PARAMETRIC_REPRESENTATION_CONTEXT() REPRESENTATION_CONTEXT('2D SPACE',''
  ) );
#4344 = ORIENTED_EDGE('',*,*,#3037,.F.);
#4345 = ORIENTED_EDGE('',*,*,#4346,.F.);
#4346 = EDGE_CURVE('',#2428,#3038,#4347,.T.);
#4347 = SURFACE_CURVE('',#4348,(#4352,#4358),.PCURVE_S1.);
#4348 = LINE('',#4349,#4350);
#4349 = CARTESIAN_POINT('',(7.5,-2.625,0.825));
#4350 = VECTOR('',#4351,1.);
#4351 = DIRECTION('',(-1.,-0.,0.));
#4352 = PCURVE('',#2448,#4353);
#4353 = DEFINITIONAL_REPRESENTATION('',(#4354),#4357);
#4354 = B_SPLINE_CURVE_WITH_KNOTS('',1,(#4355,#4356),.UNSPECIFIED.,.F.,
  .F.,(2,2),(0.,0.3),.PIECEWISE_BEZIER_KNOTS.);
#4355 = CARTESIAN_POINT('',(-3.14159265359,0.));
#4356 = CARTESIAN_POINT('',(-3.14159265359,-0.3));
#4357 = ( GEOMETRIC_REPRESENTATION_CONTEXT(2) 
PARAMETRIC_REPRESENTATION_CONTEXT() REPRESENTATION_CONTEXT('2D SPACE',''
  ) );
#4358 = PCURVE('',#2475,#4359);
#4359 = DEFINITIONAL_REPRESENTATION('',(#4360),#4364);
#4360 = LINE('',#4361,#4362);
#4361 = CARTESIAN_POINT('',(0.,0.));
#4362 = VECTOR('',#4363,1.);
#4363 = DIRECTION('',(0.,-1.));
#4364 = ( GEOMETRIC_REPRESENTATION_CONTEXT(2) 
PARAMETRIC_REPRESENTATION_CONTEXT() REPRESENTATION_CONTEXT('2D SPACE',''
  ) );
#4365 = ADVANCED_FACE('',(#4366),#2533,.T.);
#4366 = FACE_BOUND('',#4367,.T.);
#4367 = EDGE_LOOP('',(#4368,#4369,#4389,#4390));
#4368 = ORIENTED_EDGE('',*,*,#2519,.F.);
#4369 = ORIENTED_EDGE('',*,*,#4370,.T.);
#4370 = EDGE_CURVE('',#2488,#3086,#4371,.T.);
#4371 = SURFACE_CURVE('',#4372,(#4376,#4383),.PCURVE_S1.);
#4372 = LINE('',#4373,#4374);
#4373 = CARTESIAN_POINT('',(7.5,-2.375,2.775));
#4374 = VECTOR('',#4375,1.);
#4375 = DIRECTION('',(-1.,-0.,0.));
#4376 = PCURVE('',#2533,#4377);
#4377 = DEFINITIONAL_REPRESENTATION('',(#4378),#4382);
#4378 = LINE('',#4379,#4380);
#4379 = CARTESIAN_POINT('',(0.,0.));
#4380 = VECTOR('',#4381,1.);
#4381 = DIRECTION('',(-0.,-1.));
#4382 = ( GEOMETRIC_REPRESENTATION_CONTEXT(2) 
PARAMETRIC_REPRESENTATION_CONTEXT() REPRESENTATION_CONTEXT('2D SPACE',''
  ) );
#4383 = PCURVE('',#2508,#4384);
#4384 = DEFINITIONAL_REPRESENTATION('',(#4385),#4388);
#4385 = B_SPLINE_CURVE_WITH_KNOTS('',1,(#4386,#4387),.UNSPECIFIED.,.F.,
  .F.,(2,2),(0.,0.3),.PIECEWISE_BEZIER_KNOTS.);
#4386 = CARTESIAN_POINT('',(-3.14159265359,0.));
#4387 = CARTESIAN_POINT('',(-3.14159265359,-0.3));
#4388 = ( GEOMETRIC_REPRESENTATION_CONTEXT(2) 
PARAMETRIC_REPRESENTATION_CONTEXT() REPRESENTATION_CONTEXT('2D SPACE',''
  ) );
#4389 = ORIENTED_EDGE('',*,*,#3108,.T.);
#4390 = ORIENTED_EDGE('',*,*,#4325,.F.);
#4391 = ADVANCED_FACE('',(#4392),#2475,.T.);
#4392 = FACE_BOUND('',#4393,.T.);
#4393 = EDGE_LOOP('',(#4394,#4395,#4396,#4397));
#4394 = ORIENTED_EDGE('',*,*,#2459,.F.);
#4395 = ORIENTED_EDGE('',*,*,#4346,.T.);
#4396 = ORIENTED_EDGE('',*,*,#3062,.T.);
#4397 = ORIENTED_EDGE('',*,*,#4398,.F.);
#4398 = EDGE_CURVE('',#2460,#3063,#4399,.T.);
#4399 = SURFACE_CURVE('',#4400,(#4404,#4411),.PCURVE_S1.);
#4400 = LINE('',#4401,#4402);
#4401 = CARTESIAN_POINT('',(7.5,-2.625,2.775));
#4402 = VECTOR('',#4403,1.);
#4403 = DIRECTION('',(-1.,-0.,0.));
#4404 = PCURVE('',#2475,#4405);
#4405 = DEFINITIONAL_REPRESENTATION('',(#4406),#4410);
#4406 = LINE('',#4407,#4408);
#4407 = CARTESIAN_POINT('',(1.95,0.));
#4408 = VECTOR('',#4409,1.);
#4409 = DIRECTION('',(0.,-1.));
#4410 = ( GEOMETRIC_REPRESENTATION_CONTEXT(2) 
PARAMETRIC_REPRESENTATION_CONTEXT() REPRESENTATION_CONTEXT('2D SPACE',''
  ) );
#4411 = PCURVE('',#2508,#4412);
#4412 = DEFINITIONAL_REPRESENTATION('',(#4413),#4416);
#4413 = B_SPLINE_CURVE_WITH_KNOTS('',1,(#4414,#4415),.UNSPECIFIED.,.F.,
  .F.,(2,2),(0.,0.3),.PIECEWISE_BEZIER_KNOTS.);
#4414 = CARTESIAN_POINT('',(0.,0.));
#4415 = CARTESIAN_POINT('',(0.,-0.3));
#4416 = ( GEOMETRIC_REPRESENTATION_CONTEXT(2) 
PARAMETRIC_REPRESENTATION_CONTEXT() REPRESENTATION_CONTEXT('2D SPACE',''
  ) );
#4417 = ADVANCED_FACE('',(#4418),#2508,.F.);
#4418 = FACE_BOUND('',#4419,.T.);
#4419 = EDGE_LOOP('',(#4420,#4421,#4422,#4423));
#4420 = ORIENTED_EDGE('',*,*,#2487,.F.);
#4421 = ORIENTED_EDGE('',*,*,#4398,.T.);
#4422 = ORIENTED_EDGE('',*,*,#3085,.F.);
#4423 = ORIENTED_EDGE('',*,*,#4370,.F.);
#4424 = ADVANCED_FACE('',(#4425),#2570,.F.);
#4425 = FACE_BOUND('',#4426,.T.);
#4426 = EDGE_LOOP('',(#4427,#4428,#4448,#4449));
#4427 = ORIENTED_EDGE('',*,*,#2547,.F.);
#4428 = ORIENTED_EDGE('',*,*,#4429,.T.);
#4429 = EDGE_CURVE('',#2548,#3134,#4430,.T.);
#4430 = SURFACE_CURVE('',#4431,(#4435,#4441),.PCURVE_S1.);
#4431 = LINE('',#4432,#4433);
#4432 = CARTESIAN_POINT('',(7.5,-3.375,0.825));
#4433 = VECTOR('',#4434,1.);
#4434 = DIRECTION('',(-1.,-0.,0.));
#4435 = PCURVE('',#2570,#4436);
#4436 = DEFINITIONAL_REPRESENTATION('',(#4437),#4440);
#4437 = B_SPLINE_CURVE_WITH_KNOTS('',1,(#4438,#4439),.UNSPECIFIED.,.F.,
  .F.,(2,2),(0.,0.3),.PIECEWISE_BEZIER_KNOTS.);
#4438 = CARTESIAN_POINT('',(0.,0.));
#4439 = CARTESIAN_POINT('',(0.,-0.3));
#4440 = ( GEOMETRIC_REPRESENTATION_CONTEXT(2) 
PARAMETRIC_REPRESENTATION_CONTEXT() REPRESENTATION_CONTEXT('2D SPACE',''
  ) );
#4441 = PCURVE('',#2655,#4442);
#4442 = DEFINITIONAL_REPRESENTATION('',(#4443),#4447);
#4443 = LINE('',#4444,#4445);
#4444 = CARTESIAN_POINT('',(1.95,0.));
#4445 = VECTOR('',#4446,1.);
#4446 = DIRECTION('',(-0.,-1.));
#4447 = ( GEOMETRIC_REPRESENTATION_CONTEXT(2) 
PARAMETRIC_REPRESENTATION_CONTEXT() REPRESENTATION_CONTEXT('2D SPACE',''
  ) );
#4448 = ORIENTED_EDGE('',*,*,#3131,.F.);
#4449 = ORIENTED_EDGE('',*,*,#4450,.F.);
#4450 = EDGE_CURVE('',#2550,#3132,#4451,.T.);
#4451 = SURFACE_CURVE('',#4452,(#4456,#4462),.PCURVE_S1.);
#4452 = LINE('',#4453,#4454);
#4453 = CARTESIAN_POINT('',(7.5,-3.625,0.825));
#4454 = VECTOR('',#4455,1.);
#4455 = DIRECTION('',(-1.,-0.,0.));
#4456 = PCURVE('',#2570,#4457);
#4457 = DEFINITIONAL_REPRESENTATION('',(#4458),#4461);
#4458 = B_SPLINE_CURVE_WITH_KNOTS('',1,(#4459,#4460),.UNSPECIFIED.,.F.,
  .F.,(2,2),(0.,0.3),.PIECEWISE_BEZIER_KNOTS.);
#4459 = CARTESIAN_POINT('',(-3.14159265359,0.));
#4460 = CARTESIAN_POINT('',(-3.14159265359,-0.3));
#4461 = ( GEOMETRIC_REPRESENTATION_CONTEXT(2) 
PARAMETRIC_REPRESENTATION_CONTEXT() REPRESENTATION_CONTEXT('2D SPACE',''
  ) );
#4462 = PCURVE('',#2597,#4463);
#4463 = DEFINITIONAL_REPRESENTATION('',(#4464),#4468);
#4464 = LINE('',#4465,#4466);
#4465 = CARTESIAN_POINT('',(0.,0.));
#4466 = VECTOR('',#4467,1.);
#4467 = DIRECTION('',(0.,-1.));
#4468 = ( GEOMETRIC_REPRESENTATION_CONTEXT(2) 
PARAMETRIC_REPRESENTATION_CONTEXT() REPRESENTATION_CONTEXT('2D SPACE',''
  ) );
#4469 = ADVANCED_FACE('',(#4470),#2655,.T.);
#4470 = FACE_BOUND('',#4471,.T.);
#4471 = EDGE_LOOP('',(#4472,#4473,#4493,#4494));
#4472 = ORIENTED_EDGE('',*,*,#2641,.F.);
#4473 = ORIENTED_EDGE('',*,*,#4474,.T.);
#4474 = EDGE_CURVE('',#2610,#3180,#4475,.T.);
#4475 = SURFACE_CURVE('',#4476,(#4480,#4487),.PCURVE_S1.);
#4476 = LINE('',#4477,#4478);
#4477 = CARTESIAN_POINT('',(7.5,-3.375,2.775));
#4478 = VECTOR('',#4479,1.);
#4479 = DIRECTION('',(-1.,-0.,0.));
#4480 = PCURVE('',#2655,#4481);
#4481 = DEFINITIONAL_REPRESENTATION('',(#4482),#4486);
#4482 = LINE('',#4483,#4484);
#4483 = CARTESIAN_POINT('',(0.,0.));
#4484 = VECTOR('',#4485,1.);
#4485 = DIRECTION('',(-0.,-1.));
#4486 = ( GEOMETRIC_REPRESENTATION_CONTEXT(2) 
PARAMETRIC_REPRESENTATION_CONTEXT() REPRESENTATION_CONTEXT('2D SPACE',''
  ) );
#4487 = PCURVE('',#2630,#4488);
#4488 = DEFINITIONAL_REPRESENTATION('',(#4489),#4492);
#4489 = B_SPLINE_CURVE_WITH_KNOTS('',1,(#4490,#4491),.UNSPECIFIED.,.F.,
  .F.,(2,2),(0.,0.3),.PIECEWISE_BEZIER_KNOTS.);
#4490 = CARTESIAN_POINT('',(-3.14159265359,0.));
#4491 = CARTESIAN_POINT('',(-3.14159265359,-0.3));
#4492 = ( GEOMETRIC_REPRESENTATION_CONTEXT(2) 
PARAMETRIC_REPRESENTATION_CONTEXT() REPRESENTATION_CONTEXT('2D SPACE',''
  ) );
#4493 = ORIENTED_EDGE('',*,*,#3202,.T.);
#4494 = ORIENTED_EDGE('',*,*,#4429,.F.);
#4495 = ADVANCED_FACE('',(#4496),#2597,.T.);
#4496 = FACE_BOUND('',#4497,.T.);
#4497 = EDGE_LOOP('',(#4498,#4499,#4500,#4501));
#4498 = ORIENTED_EDGE('',*,*,#2581,.F.);
#4499 = ORIENTED_EDGE('',*,*,#4450,.T.);
#4500 = ORIENTED_EDGE('',*,*,#3156,.T.);
#4501 = ORIENTED_EDGE('',*,*,#4502,.F.);
#4502 = EDGE_CURVE('',#2582,#3157,#4503,.T.);
#4503 = SURFACE_CURVE('',#4504,(#4508,#4515),.PCURVE_S1.);
#4504 = LINE('',#4505,#4506);
#4505 = CARTESIAN_POINT('',(7.5,-3.625,2.775));
#4506 = VECTOR('',#4507,1.);
#4507 = DIRECTION('',(-1.,-0.,0.));
#4508 = PCURVE('',#2597,#4509);
#4509 = DEFINITIONAL_REPRESENTATION('',(#4510),#4514);
#4510 = LINE('',#4511,#4512);
#4511 = CARTESIAN_POINT('',(1.95,0.));
#4512 = VECTOR('',#4513,1.);
#4513 = DIRECTION('',(0.,-1.));
#4514 = ( GEOMETRIC_REPRESENTATION_CONTEXT(2) 
PARAMETRIC_REPRESENTATION_CONTEXT() REPRESENTATION_CONTEXT('2D SPACE',''
  ) );
#4515 = PCURVE('',#2630,#4516);
#4516 = DEFINITIONAL_REPRESENTATION('',(#4517),#4520);
#4517 = B_SPLINE_CURVE_WITH_KNOTS('',1,(#4518,#4519),.UNSPECIFIED.,.F.,
  .F.,(2,2),(0.,0.3),.PIECEWISE_BEZIER_KNOTS.);
#4518 = CARTESIAN_POINT('',(0.,0.));
#4519 = CARTESIAN_POINT('',(0.,-0.3));
#4520 = ( GEOMETRIC_REPRESENTATION_CONTEXT(2) 
PARAMETRIC_REPRESENTATION_CONTEXT() REPRESENTATION_CONTEXT('2D SPACE',''
  ) );
#4521 = ADVANCED_FACE('',(#4522),#2630,.F.);
#4522 = FACE_BOUND('',#4523,.T.);
#4523 = EDGE_LOOP('',(#4524,#4525,#4526,#4527));
#4524 = ORIENTED_EDGE('',*,*,#2609,.F.);
#4525 = ORIENTED_EDGE('',*,*,#4502,.T.);
#4526 = ORIENTED_EDGE('',*,*,#3179,.F.);
#4527 = ORIENTED_EDGE('',*,*,#4474,.F.);
#4528 = ADVANCED_FACE('',(#4529,#4539,#4569,#4683,#4713,#4743,#4773,
    #4803,#4833,#4863,#4893,#4923,#4953,#4983,#5013,#5043),#2741,.T.);
#4529 = FACE_BOUND('',#4530,.T.);
#4530 = EDGE_LOOP('',(#4531,#4532,#4533,#4534,#4535,#4536,#4537,#4538));
#4531 = ORIENTED_EDGE('',*,*,#3669,.T.);
#4532 = ORIENTED_EDGE('',*,*,#3643,.T.);
#4533 = ORIENTED_EDGE('',*,*,#3275,.T.);
#4534 = ORIENTED_EDGE('',*,*,#3227,.T.);
#4535 = ORIENTED_EDGE('',*,*,#2800,.F.);
#4536 = ORIENTED_EDGE('',*,*,#2725,.T.);
#4537 = ORIENTED_EDGE('',*,*,#3782,.F.);
#4538 = ORIENTED_EDGE('',*,*,#3757,.T.);
#4539 = FACE_BOUND('',#4540,.T.);
#4540 = EDGE_LOOP('',(#4541));
#4541 = ORIENTED_EDGE('',*,*,#4542,.F.);
#4542 = EDGE_CURVE('',#4543,#4543,#4545,.T.);
#4543 = VERTEX_POINT('',#4544);
#4544 = CARTESIAN_POINT('',(-6.1,-5.,-2.7));
#4545 = SURFACE_CURVE('',#4546,(#4551,#4558),.PCURVE_S1.);
#4546 = CIRCLE('',#4547,0.4);
#4547 = AXIS2_PLACEMENT_3D('',#4548,#4549,#4550);
#4548 = CARTESIAN_POINT('',(-6.5,-5.,-2.7));
#4549 = DIRECTION('',(0.,0.,1.));
#4550 = DIRECTION('',(1.,0.,0.));
#4551 = PCURVE('',#2741,#4552);
#4552 = DEFINITIONAL_REPRESENTATION('',(#4553),#4557);
#4553 = CIRCLE('',#4554,0.4);
#4554 = AXIS2_PLACEMENT_2D('',#4555,#4556);
#4555 = CARTESIAN_POINT('',(1.,1.));
#4556 = DIRECTION('',(1.,0.));
#4557 = ( GEOMETRIC_REPRESENTATION_CONTEXT(2) 
PARAMETRIC_REPRESENTATION_CONTEXT() REPRESENTATION_CONTEXT('2D SPACE',''
  ) );
#4558 = PCURVE('',#4559,#4564);
#4559 = CYLINDRICAL_SURFACE('',#4560,0.4);
#4560 = AXIS2_PLACEMENT_3D('',#4561,#4562,#4563);
#4561 = CARTESIAN_POINT('',(-6.5,-5.,-2.7));
#4562 = DIRECTION('',(-0.,-0.,-1.));
#4563 = DIRECTION('',(1.,0.,0.));
#4564 = DEFINITIONAL_REPRESENTATION('',(#4565),#4568);
#4565 = B_SPLINE_CURVE_WITH_KNOTS('',1,(#4566,#4567),.UNSPECIFIED.,.F.,
  .F.,(2,2),(0.,6.28318530718),.PIECEWISE_BEZIER_KNOTS.);
#4566 = CARTESIAN_POINT('',(0.,0.));
#4567 = CARTESIAN_POINT('',(-6.28318530718,0.));
#4568 = ( GEOMETRIC_REPRESENTATION_CONTEXT(2) 
PARAMETRIC_REPRESENTATION_CONTEXT() REPRESENTATION_CONTEXT('2D SPACE',''
  ) );
#4569 = FACE_BOUND('',#4570,.T.);
#4570 = EDGE_LOOP('',(#4571,#4601,#4629,#4657));
#4571 = ORIENTED_EDGE('',*,*,#4572,.F.);
#4572 = EDGE_CURVE('',#4573,#4575,#4577,.T.);
#4573 = VERTEX_POINT('',#4574);
#4574 = CARTESIAN_POINT('',(-5.9,-5.5,-2.7));
#4575 = VERTEX_POINT('',#4576);
#4576 = CARTESIAN_POINT('',(1.5,-5.5,-2.7));
#4577 = SURFACE_CURVE('',#4578,(#4582,#4589),.PCURVE_S1.);
#4578 = LINE('',#4579,#4580);
#4579 = CARTESIAN_POINT('',(-5.9,-5.5,-2.7));
#4580 = VECTOR('',#4581,1.);
#4581 = DIRECTION('',(1.,0.,0.));
#4582 = PCURVE('',#2741,#4583);
#4583 = DEFINITIONAL_REPRESENTATION('',(#4584),#4588);
#4584 = LINE('',#4585,#4586);
#4585 = CARTESIAN_POINT('',(1.6,0.5));
#4586 = VECTOR('',#4587,1.);
#4587 = DIRECTION('',(1.,0.));
#4588 = ( GEOMETRIC_REPRESENTATION_CONTEXT(2) 
PARAMETRIC_REPRESENTATION_CONTEXT() REPRESENTATION_CONTEXT('2D SPACE',''
  ) );
#4589 = PCURVE('',#4590,#4595);
#4590 = PLANE('',#4591);
#4591 = AXIS2_PLACEMENT_3D('',#4592,#4593,#4594);
#4592 = CARTESIAN_POINT('',(-5.9,-5.5,-2.7));
#4593 = DIRECTION('',(0.,1.,0.));
#4594 = DIRECTION('',(1.,0.,0.));
#4595 = DEFINITIONAL_REPRESENTATION('',(#4596),#4600);
#4596 = LINE('',#4597,#4598);
#4597 = CARTESIAN_POINT('',(0.,0.));
#4598 = VECTOR('',#4599,1.);
#4599 = DIRECTION('',(1.,0.));
#4600 = ( GEOMETRIC_REPRESENTATION_CONTEXT(2) 
PARAMETRIC_REPRESENTATION_CONTEXT() REPRESENTATION_CONTEXT('2D SPACE',''
  ) );
#4601 = ORIENTED_EDGE('',*,*,#4602,.F.);
#4602 = EDGE_CURVE('',#4603,#4573,#4605,.T.);
#4603 = VERTEX_POINT('',#4604);
#4604 = CARTESIAN_POINT('',(-5.9,-2.1,-2.7));
#4605 = SURFACE_CURVE('',#4606,(#4610,#4617),.PCURVE_S1.);
#4606 = LINE('',#4607,#4608);
#4607 = CARTESIAN_POINT('',(-5.9,-2.1,-2.7));
#4608 = VECTOR('',#4609,1.);
#4609 = DIRECTION('',(0.,-1.,0.));
#4610 = PCURVE('',#2741,#4611);
#4611 = DEFINITIONAL_REPRESENTATION('',(#4612),#4616);
#4612 = LINE('',#4613,#4614);
#4613 = CARTESIAN_POINT('',(1.6,3.9));
#4614 = VECTOR('',#4615,1.);
#4615 = DIRECTION('',(0.,-1.));
#4616 = ( GEOMETRIC_REPRESENTATION_CONTEXT(2) 
PARAMETRIC_REPRESENTATION_CONTEXT() REPRESENTATION_CONTEXT('2D SPACE',''
  ) );
#4617 = PCURVE('',#4618,#4623);
#4618 = PLANE('',#4619);
#4619 = AXIS2_PLACEMENT_3D('',#4620,#4621,#4622);
#4620 = CARTESIAN_POINT('',(-5.9,-2.1,-2.7));
#4621 = DIRECTION('',(1.,0.,-0.));
#4622 = DIRECTION('',(0.,-1.,0.));
#4623 = DEFINITIONAL_REPRESENTATION('',(#4624),#4628);
#4624 = LINE('',#4625,#4626);
#4625 = CARTESIAN_POINT('',(0.,0.));
#4626 = VECTOR('',#4627,1.);
#4627 = DIRECTION('',(1.,0.));
#4628 = ( GEOMETRIC_REPRESENTATION_CONTEXT(2) 
PARAMETRIC_REPRESENTATION_CONTEXT() REPRESENTATION_CONTEXT('2D SPACE',''
  ) );
#4629 = ORIENTED_EDGE('',*,*,#4630,.F.);
#4630 = EDGE_CURVE('',#4631,#4603,#4633,.T.);
#4631 = VERTEX_POINT('',#4632);
#4632 = CARTESIAN_POINT('',(1.5,-2.1,-2.7));
#4633 = SURFACE_CURVE('',#4634,(#4638,#4645),.PCURVE_S1.);
#4634 = LINE('',#4635,#4636);
#4635 = CARTESIAN_POINT('',(1.5,-2.1,-2.7));
#4636 = VECTOR('',#4637,1.);
#4637 = DIRECTION('',(-1.,0.,0.));
#4638 = PCURVE('',#2741,#4639);
#4639 = DEFINITIONAL_REPRESENTATION('',(#4640),#4644);
#4640 = LINE('',#4641,#4642);
#4641 = CARTESIAN_POINT('',(9.,3.9));
#4642 = VECTOR('',#4643,1.);
#4643 = DIRECTION('',(-1.,0.));
#4644 = ( GEOMETRIC_REPRESENTATION_CONTEXT(2) 
PARAMETRIC_REPRESENTATION_CONTEXT() REPRESENTATION_CONTEXT('2D SPACE',''
  ) );
#4645 = PCURVE('',#4646,#4651);
#4646 = PLANE('',#4647);
#4647 = AXIS2_PLACEMENT_3D('',#4648,#4649,#4650);
#4648 = CARTESIAN_POINT('',(1.5,-2.1,-2.7));
#4649 = DIRECTION('',(0.,-1.,0.));
#4650 = DIRECTION('',(-1.,0.,0.));
#4651 = DEFINITIONAL_REPRESENTATION('',(#4652),#4656);
#4652 = LINE('',#4653,#4654);
#4653 = CARTESIAN_POINT('',(0.,-0.));
#4654 = VECTOR('',#4655,1.);
#4655 = DIRECTION('',(1.,0.));
#4656 = ( GEOMETRIC_REPRESENTATION_CONTEXT(2) 
PARAMETRIC_REPRESENTATION_CONTEXT() REPRESENTATION_CONTEXT('2D SPACE',''
  ) );
#4657 = ORIENTED_EDGE('',*,*,#4658,.F.);
#4658 = EDGE_CURVE('',#4575,#4631,#4659,.T.);
#4659 = SURFACE_CURVE('',#4660,(#4664,#4671),.PCURVE_S1.);
#4660 = LINE('',#4661,#4662);
#4661 = CARTESIAN_POINT('',(1.5,-5.5,-2.7));
#4662 = VECTOR('',#4663,1.);
#4663 = DIRECTION('',(0.,1.,0.));
#4664 = PCURVE('',#2741,#4665);
#4665 = DEFINITIONAL_REPRESENTATION('',(#4666),#4670);
#4666 = LINE('',#4667,#4668);
#4667 = CARTESIAN_POINT('',(9.,0.5));
#4668 = VECTOR('',#4669,1.);
#4669 = DIRECTION('',(0.,1.));
#4670 = ( GEOMETRIC_REPRESENTATION_CONTEXT(2) 
PARAMETRIC_REPRESENTATION_CONTEXT() REPRESENTATION_CONTEXT('2D SPACE',''
  ) );
#4671 = PCURVE('',#4672,#4677);
#4672 = PLANE('',#4673);
#4673 = AXIS2_PLACEMENT_3D('',#4674,#4675,#4676);
#4674 = CARTESIAN_POINT('',(1.5,-5.5,-2.7));
#4675 = DIRECTION('',(-1.,0.,0.));
#4676 = DIRECTION('',(0.,1.,0.));
#4677 = DEFINITIONAL_REPRESENTATION('',(#4678),#4682);
#4678 = LINE('',#4679,#4680);
#4679 = CARTESIAN_POINT('',(0.,0.));
#4680 = VECTOR('',#4681,1.);
#4681 = DIRECTION('',(1.,0.));
#4682 = ( GEOMETRIC_REPRESENTATION_CONTEXT(2) 
PARAMETRIC_REPRESENTATION_CONTEXT() REPRESENTATION_CONTEXT('2D SPACE',''
  ) );
#4683 = FACE_BOUND('',#4684,.T.);
#4684 = EDGE_LOOP('',(#4685));
#4685 = ORIENTED_EDGE('',*,*,#4686,.F.);
#4686 = EDGE_CURVE('',#4687,#4687,#4689,.T.);
#4687 = VERTEX_POINT('',#4688);
#4688 = CARTESIAN_POINT('',(-6.5,-0.2,-2.7));
#4689 = SURFACE_CURVE('',#4690,(#4695,#4702),.PCURVE_S1.);
#4690 = CIRCLE('',#4691,0.3);
#4691 = AXIS2_PLACEMENT_3D('',#4692,#4693,#4694);
#4692 = CARTESIAN_POINT('',(-6.8,-0.2,-2.7));
#4693 = DIRECTION('',(0.,0.,1.));
#4694 = DIRECTION('',(1.,0.,0.));
#4695 = PCURVE('',#2741,#4696);
#4696 = DEFINITIONAL_REPRESENTATION('',(#4697),#4701);
#4697 = CIRCLE('',#4698,0.3);
#4698 = AXIS2_PLACEMENT_2D('',#4699,#4700);
#4699 = CARTESIAN_POINT('',(0.7,5.8));
#4700 = DIRECTION('',(1.,0.));
#4701 = ( GEOMETRIC_REPRESENTATION_CONTEXT(2) 
PARAMETRIC_REPRESENTATION_CONTEXT() REPRESENTATION_CONTEXT('2D SPACE',''
  ) );
#4702 = PCURVE('',#4703,#4708);
#4703 = CYLINDRICAL_SURFACE('',#4704,0.3);
#4704 = AXIS2_PLACEMENT_3D('',#4705,#4706,#4707);
#4705 = CARTESIAN_POINT('',(-6.8,-0.2,-2.7));
#4706 = DIRECTION('',(-0.,-0.,-1.));
#4707 = DIRECTION('',(1.,0.,0.));
#4708 = DEFINITIONAL_REPRESENTATION('',(#4709),#4712);
#4709 = B_SPLINE_CURVE_WITH_KNOTS('',1,(#4710,#4711),.UNSPECIFIED.,.F.,
  .F.,(2,2),(0.,6.28318530718),.PIECEWISE_BEZIER_KNOTS.);
#4710 = CARTESIAN_POINT('',(0.,0.));
#4711 = CARTESIAN_POINT('',(-6.28318530718,0.));
#4712 = ( GEOMETRIC_REPRESENTATION_CONTEXT(2) 
PARAMETRIC_REPRESENTATION_CONTEXT() REPRESENTATION_CONTEXT('2D SPACE',''
  ) );
#4713 = FACE_BOUND('',#4714,.T.);
#4714 = EDGE_LOOP('',(#4715));
#4715 = ORIENTED_EDGE('',*,*,#4716,.F.);
#4716 = EDGE_CURVE('',#4717,#4717,#4719,.T.);
#4717 = VERTEX_POINT('',#4718);
#4718 = CARTESIAN_POINT('',(-1.3,-0.2,-2.7));
#4719 = SURFACE_CURVE('',#4720,(#4725,#4732),.PCURVE_S1.);
#4720 = CIRCLE('',#4721,0.3);
#4721 = AXIS2_PLACEMENT_3D('',#4722,#4723,#4724);
#4722 = CARTESIAN_POINT('',(-1.6,-0.2,-2.7));
#4723 = DIRECTION('',(0.,0.,1.));
#4724 = DIRECTION('',(1.,0.,0.));
#4725 = PCURVE('',#2741,#4726);
#4726 = DEFINITIONAL_REPRESENTATION('',(#4727),#4731);
#4727 = CIRCLE('',#4728,0.3);
#4728 = AXIS2_PLACEMENT_2D('',#4729,#4730);
#4729 = CARTESIAN_POINT('',(5.9,5.8));
#4730 = DIRECTION('',(1.,0.));
#4731 = ( GEOMETRIC_REPRESENTATION_CONTEXT(2) 
PARAMETRIC_REPRESENTATION_CONTEXT() REPRESENTATION_CONTEXT('2D SPACE',''
  ) );
#4732 = PCURVE('',#4733,#4738);
#4733 = CYLINDRICAL_SURFACE('',#4734,0.3);
#4734 = AXIS2_PLACEMENT_3D('',#4735,#4736,#4737);
#4735 = CARTESIAN_POINT('',(-1.6,-0.2,-2.7));
#4736 = DIRECTION('',(-0.,-0.,-1.));
#4737 = DIRECTION('',(1.,0.,0.));
#4738 = DEFINITIONAL_REPRESENTATION('',(#4739),#4742);
#4739 = B_SPLINE_CURVE_WITH_KNOTS('',1,(#4740,#4741),.UNSPECIFIED.,.F.,
  .F.,(2,2),(0.,6.28318530718),.PIECEWISE_BEZIER_KNOTS.);
#4740 = CARTESIAN_POINT('',(0.,0.));
#4741 = CARTESIAN_POINT('',(-6.28318530718,0.));
#4742 = ( GEOMETRIC_REPRESENTATION_CONTEXT(2) 
PARAMETRIC_REPRESENTATION_CONTEXT() REPRESENTATION_CONTEXT('2D SPACE',''
  ) );
#4743 = FACE_BOUND('',#4744,.T.);
#4744 = EDGE_LOOP('',(#4745));
#4745 = ORIENTED_EDGE('',*,*,#4746,.F.);
#4746 = EDGE_CURVE('',#4747,#4747,#4749,.T.);
#4747 = VERTEX_POINT('',#4748);
#4748 = CARTESIAN_POINT('',(6.9,-5.,-2.7));
#4749 = SURFACE_CURVE('',#4750,(#4755,#4762),.PCURVE_S1.);
#4750 = CIRCLE('',#4751,0.4);
#4751 = AXIS2_PLACEMENT_3D('',#4752,#4753,#4754);
#4752 = CARTESIAN_POINT('',(6.5,-5.,-2.7));
#4753 = DIRECTION('',(0.,0.,1.));
#4754 = DIRECTION('',(1.,0.,0.));
#4755 = PCURVE('',#2741,#4756);
#4756 = DEFINITIONAL_REPRESENTATION('',(#4757),#4761);
#4757 = CIRCLE('',#4758,0.4);
#4758 = AXIS2_PLACEMENT_2D('',#4759,#4760);
#4759 = CARTESIAN_POINT('',(14.,1.));
#4760 = DIRECTION('',(1.,0.));
#4761 = ( GEOMETRIC_REPRESENTATION_CONTEXT(2) 
PARAMETRIC_REPRESENTATION_CONTEXT() REPRESENTATION_CONTEXT('2D SPACE',''
  ) );
#4762 = PCURVE('',#4763,#4768);
#4763 = CYLINDRICAL_SURFACE('',#4764,0.4);
#4764 = AXIS2_PLACEMENT_3D('',#4765,#4766,#4767);
#4765 = CARTESIAN_POINT('',(6.5,-5.,-2.7));
#4766 = DIRECTION('',(-0.,-0.,-1.));
#4767 = DIRECTION('',(1.,0.,0.));
#4768 = DEFINITIONAL_REPRESENTATION('',(#4769),#4772);
#4769 = B_SPLINE_CURVE_WITH_KNOTS('',1,(#4770,#4771),.UNSPECIFIED.,.F.,
  .F.,(2,2),(0.,6.28318530718),.PIECEWISE_BEZIER_KNOTS.);
#4770 = CARTESIAN_POINT('',(0.,0.));
#4771 = CARTESIAN_POINT('',(-6.28318530718,0.));
#4772 = ( GEOMETRIC_REPRESENTATION_CONTEXT(2) 
PARAMETRIC_REPRESENTATION_CONTEXT() REPRESENTATION_CONTEXT('2D SPACE',''
  ) );
#4773 = FACE_BOUND('',#4774,.T.);
#4774 = EDGE_LOOP('',(#4775));
#4775 = ORIENTED_EDGE('',*,*,#4776,.F.);
#4776 = EDGE_CURVE('',#4777,#4777,#4779,.T.);
#4777 = VERTEX_POINT('',#4778);
#4778 = CARTESIAN_POINT('',(-6.5,2.6,-2.7));
#4779 = SURFACE_CURVE('',#4780,(#4785,#4792),.PCURVE_S1.);
#4780 = CIRCLE('',#4781,0.3);
#4781 = AXIS2_PLACEMENT_3D('',#4782,#4783,#4784);
#4782 = CARTESIAN_POINT('',(-6.8,2.6,-2.7));
#4783 = DIRECTION('',(0.,0.,1.));
#4784 = DIRECTION('',(1.,0.,0.));
#4785 = PCURVE('',#2741,#4786);
#4786 = DEFINITIONAL_REPRESENTATION('',(#4787),#4791);
#4787 = CIRCLE('',#4788,0.3);
#4788 = AXIS2_PLACEMENT_2D('',#4789,#4790);
#4789 = CARTESIAN_POINT('',(0.7,8.6));
#4790 = DIRECTION('',(1.,0.));
#4791 = ( GEOMETRIC_REPRESENTATION_CONTEXT(2) 
PARAMETRIC_REPRESENTATION_CONTEXT() REPRESENTATION_CONTEXT('2D SPACE',''
  ) );
#4792 = PCURVE('',#4793,#4798);
#4793 = CYLINDRICAL_SURFACE('',#4794,0.3);
#4794 = AXIS2_PLACEMENT_3D('',#4795,#4796,#4797);
#4795 = CARTESIAN_POINT('',(-6.8,2.6,-2.7));
#4796 = DIRECTION('',(-0.,-0.,-1.));
#4797 = DIRECTION('',(1.,0.,0.));
#4798 = DEFINITIONAL_REPRESENTATION('',(#4799),#4802);
#4799 = B_SPLINE_CURVE_WITH_KNOTS('',1,(#4800,#4801),.UNSPECIFIED.,.F.,
  .F.,(2,2),(0.,6.28318530718),.PIECEWISE_BEZIER_KNOTS.);
#4800 = CARTESIAN_POINT('',(0.,0.));
#4801 = CARTESIAN_POINT('',(-6.28318530718,0.));
#4802 = ( GEOMETRIC_REPRESENTATION_CONTEXT(2) 
PARAMETRIC_REPRESENTATION_CONTEXT() REPRESENTATION_CONTEXT('2D SPACE',''
  ) );
#4803 = FACE_BOUND('',#4804,.T.);
#4804 = EDGE_LOOP('',(#4805));
#4805 = ORIENTED_EDGE('',*,*,#4806,.F.);
#4806 = EDGE_CURVE('',#4807,#4807,#4809,.T.);
#4807 = VERTEX_POINT('',#4808);
#4808 = CARTESIAN_POINT('',(-0.95,2.,-2.7));
#4809 = SURFACE_CURVE('',#4810,(#4815,#4822),.PCURVE_S1.);
#4810 = CIRCLE('',#4811,0.25);
#4811 = AXIS2_PLACEMENT_3D('',#4812,#4813,#4814);
#4812 = CARTESIAN_POINT('',(-1.2,2.,-2.7));
#4813 = DIRECTION('',(0.,0.,1.));
#4814 = DIRECTION('',(1.,0.,0.));
#4815 = PCURVE('',#2741,#4816);
#4816 = DEFINITIONAL_REPRESENTATION('',(#4817),#4821);
#4817 = CIRCLE('',#4818,0.25);
#4818 = AXIS2_PLACEMENT_2D('',#4819,#4820);
#4819 = CARTESIAN_POINT('',(6.3,8.));
#4820 = DIRECTION('',(1.,0.));
#4821 = ( GEOMETRIC_REPRESENTATION_CONTEXT(2) 
PARAMETRIC_REPRESENTATION_CONTEXT() REPRESENTATION_CONTEXT('2D SPACE',''
  ) );
#4822 = PCURVE('',#4823,#4828);
#4823 = CYLINDRICAL_SURFACE('',#4824,0.25);
#4824 = AXIS2_PLACEMENT_3D('',#4825,#4826,#4827);
#4825 = CARTESIAN_POINT('',(-1.2,2.,-2.7));
#4826 = DIRECTION('',(-0.,-0.,-1.));
#4827 = DIRECTION('',(1.,0.,0.));
#4828 = DEFINITIONAL_REPRESENTATION('',(#4829),#4832);
#4829 = B_SPLINE_CURVE_WITH_KNOTS('',1,(#4830,#4831),.UNSPECIFIED.,.F.,
  .F.,(2,2),(0.,6.28318530718),.PIECEWISE_BEZIER_KNOTS.);
#4830 = CARTESIAN_POINT('',(0.,0.));
#4831 = CARTESIAN_POINT('',(-6.28318530718,0.));
#4832 = ( GEOMETRIC_REPRESENTATION_CONTEXT(2) 
PARAMETRIC_REPRESENTATION_CONTEXT() REPRESENTATION_CONTEXT('2D SPACE',''
  ) );
#4833 = FACE_BOUND('',#4834,.T.);
#4834 = EDGE_LOOP('',(#4835));
#4835 = ORIENTED_EDGE('',*,*,#4836,.F.);
#4836 = EDGE_CURVE('',#4837,#4837,#4839,.T.);
#4837 = VERTEX_POINT('',#4838);
#4838 = CARTESIAN_POINT('',(-1.3,2.6,-2.7));
#4839 = SURFACE_CURVE('',#4840,(#4845,#4852),.PCURVE_S1.);
#4840 = CIRCLE('',#4841,0.3);
#4841 = AXIS2_PLACEMENT_3D('',#4842,#4843,#4844);
#4842 = CARTESIAN_POINT('',(-1.6,2.6,-2.7));
#4843 = DIRECTION('',(0.,0.,1.));
#4844 = DIRECTION('',(1.,0.,0.));
#4845 = PCURVE('',#2741,#4846);
#4846 = DEFINITIONAL_REPRESENTATION('',(#4847),#4851);
#4847 = CIRCLE('',#4848,0.3);
#4848 = AXIS2_PLACEMENT_2D('',#4849,#4850);
#4849 = CARTESIAN_POINT('',(5.9,8.6));
#4850 = DIRECTION('',(1.,0.));
#4851 = ( GEOMETRIC_REPRESENTATION_CONTEXT(2) 
PARAMETRIC_REPRESENTATION_CONTEXT() REPRESENTATION_CONTEXT('2D SPACE',''
  ) );
#4852 = PCURVE('',#4853,#4858);
#4853 = CYLINDRICAL_SURFACE('',#4854,0.3);
#4854 = AXIS2_PLACEMENT_3D('',#4855,#4856,#4857);
#4855 = CARTESIAN_POINT('',(-1.6,2.6,-2.7));
#4856 = DIRECTION('',(-0.,-0.,-1.));
#4857 = DIRECTION('',(1.,0.,0.));
#4858 = DEFINITIONAL_REPRESENTATION('',(#4859),#4862);
#4859 = B_SPLINE_CURVE_WITH_KNOTS('',1,(#4860,#4861),.UNSPECIFIED.,.F.,
  .F.,(2,2),(0.,6.28318530718),.PIECEWISE_BEZIER_KNOTS.);
#4860 = CARTESIAN_POINT('',(0.,0.));
#4861 = CARTESIAN_POINT('',(-6.28318530718,0.));
#4862 = ( GEOMETRIC_REPRESENTATION_CONTEXT(2) 
PARAMETRIC_REPRESENTATION_CONTEXT() REPRESENTATION_CONTEXT('2D SPACE',''
  ) );
#4863 = FACE_BOUND('',#4864,.T.);
#4864 = EDGE_LOOP('',(#4865));
#4865 = ORIENTED_EDGE('',*,*,#4866,.F.);
#4866 = EDGE_CURVE('',#4867,#4867,#4869,.T.);
#4867 = VERTEX_POINT('',#4868);
#4868 = CARTESIAN_POINT('',(-6.1,5.,-2.7));
#4869 = SURFACE_CURVE('',#4870,(#4875,#4882),.PCURVE_S1.);
#4870 = CIRCLE('',#4871,0.4);
#4871 = AXIS2_PLACEMENT_3D('',#4872,#4873,#4874);
#4872 = CARTESIAN_POINT('',(-6.5,5.,-2.7));
#4873 = DIRECTION('',(0.,0.,1.));
#4874 = DIRECTION('',(1.,0.,0.));
#4875 = PCURVE('',#2741,#4876);
#4876 = DEFINITIONAL_REPRESENTATION('',(#4877),#4881);
#4877 = CIRCLE('',#4878,0.4);
#4878 = AXIS2_PLACEMENT_2D('',#4879,#4880);
#4879 = CARTESIAN_POINT('',(1.,11.));
#4880 = DIRECTION('',(1.,0.));
#4881 = ( GEOMETRIC_REPRESENTATION_CONTEXT(2) 
PARAMETRIC_REPRESENTATION_CONTEXT() REPRESENTATION_CONTEXT('2D SPACE',''
  ) );
#4882 = PCURVE('',#4883,#4888);
#4883 = CYLINDRICAL_SURFACE('',#4884,0.4);
#4884 = AXIS2_PLACEMENT_3D('',#4885,#4886,#4887);
#4885 = CARTESIAN_POINT('',(-6.5,5.,-2.7));
#4886 = DIRECTION('',(-0.,-0.,-1.));
#4887 = DIRECTION('',(1.,0.,0.));
#4888 = DEFINITIONAL_REPRESENTATION('',(#4889),#4892);
#4889 = B_SPLINE_CURVE_WITH_KNOTS('',1,(#4890,#4891),.UNSPECIFIED.,.F.,
  .F.,(2,2),(0.,6.28318530718),.PIECEWISE_BEZIER_KNOTS.);
#4890 = CARTESIAN_POINT('',(0.,0.));
#4891 = CARTESIAN_POINT('',(-6.28318530718,0.));
#4892 = ( GEOMETRIC_REPRESENTATION_CONTEXT(2) 
PARAMETRIC_REPRESENTATION_CONTEXT() REPRESENTATION_CONTEXT('2D SPACE',''
  ) );
#4893 = FACE_BOUND('',#4894,.T.);
#4894 = EDGE_LOOP('',(#4895));
#4895 = ORIENTED_EDGE('',*,*,#4896,.F.);
#4896 = EDGE_CURVE('',#4897,#4897,#4899,.T.);
#4897 = VERTEX_POINT('',#4898);
#4898 = CARTESIAN_POINT('',(1.5,0.,-2.7));
#4899 = SURFACE_CURVE('',#4900,(#4905,#4912),.PCURVE_S1.);
#4900 = CIRCLE('',#4901,0.3);
#4901 = AXIS2_PLACEMENT_3D('',#4902,#4903,#4904);
#4902 = CARTESIAN_POINT('',(1.2,0.,-2.7));
#4903 = DIRECTION('',(0.,0.,1.));
#4904 = DIRECTION('',(1.,0.,0.));
#4905 = PCURVE('',#2741,#4906);
#4906 = DEFINITIONAL_REPRESENTATION('',(#4907),#4911);
#4907 = CIRCLE('',#4908,0.3);
#4908 = AXIS2_PLACEMENT_2D('',#4909,#4910);
#4909 = CARTESIAN_POINT('',(8.7,6.));
#4910 = DIRECTION('',(1.,0.));
#4911 = ( GEOMETRIC_REPRESENTATION_CONTEXT(2) 
PARAMETRIC_REPRESENTATION_CONTEXT() REPRESENTATION_CONTEXT('2D SPACE',''
  ) );
#4912 = PCURVE('',#4913,#4918);
#4913 = CYLINDRICAL_SURFACE('',#4914,0.3);
#4914 = AXIS2_PLACEMENT_3D('',#4915,#4916,#4917);
#4915 = CARTESIAN_POINT('',(1.2,0.,-2.7));
#4916 = DIRECTION('',(-0.,-0.,-1.));
#4917 = DIRECTION('',(1.,0.,0.));
#4918 = DEFINITIONAL_REPRESENTATION('',(#4919),#4922);
#4919 = B_SPLINE_CURVE_WITH_KNOTS('',1,(#4920,#4921),.UNSPECIFIED.,.F.,
  .F.,(2,2),(0.,6.28318530718),.PIECEWISE_BEZIER_KNOTS.);
#4920 = CARTESIAN_POINT('',(0.,0.));
#4921 = CARTESIAN_POINT('',(-6.28318530718,0.));
#4922 = ( GEOMETRIC_REPRESENTATION_CONTEXT(2) 
PARAMETRIC_REPRESENTATION_CONTEXT() REPRESENTATION_CONTEXT('2D SPACE',''
  ) );
#4923 = FACE_BOUND('',#4924,.T.);
#4924 = EDGE_LOOP('',(#4925));
#4925 = ORIENTED_EDGE('',*,*,#4926,.F.);
#4926 = EDGE_CURVE('',#4927,#4927,#4929,.T.);
#4927 = VERTEX_POINT('',#4928);
#4928 = CARTESIAN_POINT('',(0.85,2.,-2.7));
#4929 = SURFACE_CURVE('',#4930,(#4935,#4942),.PCURVE_S1.);
#4930 = CIRCLE('',#4931,0.25);
#4931 = AXIS2_PLACEMENT_3D('',#4932,#4933,#4934);
#4932 = CARTESIAN_POINT('',(0.6,2.,-2.7));
#4933 = DIRECTION('',(0.,0.,1.));
#4934 = DIRECTION('',(1.,0.,0.));
#4935 = PCURVE('',#2741,#4936);
#4936 = DEFINITIONAL_REPRESENTATION('',(#4937),#4941);
#4937 = CIRCLE('',#4938,0.25);
#4938 = AXIS2_PLACEMENT_2D('',#4939,#4940);
#4939 = CARTESIAN_POINT('',(8.1,8.));
#4940 = DIRECTION('',(1.,0.));
#4941 = ( GEOMETRIC_REPRESENTATION_CONTEXT(2) 
PARAMETRIC_REPRESENTATION_CONTEXT() REPRESENTATION_CONTEXT('2D SPACE',''
  ) );
#4942 = PCURVE('',#4943,#4948);
#4943 = CYLINDRICAL_SURFACE('',#4944,0.25);
#4944 = AXIS2_PLACEMENT_3D('',#4945,#4946,#4947);
#4945 = CARTESIAN_POINT('',(0.6,2.,-2.7));
#4946 = DIRECTION('',(-0.,-0.,-1.));
#4947 = DIRECTION('',(1.,0.,0.));
#4948 = DEFINITIONAL_REPRESENTATION('',(#4949),#4952);
#4949 = B_SPLINE_CURVE_WITH_KNOTS('',1,(#4950,#4951),.UNSPECIFIED.,.F.,
  .F.,(2,2),(0.,6.28318530718),.PIECEWISE_BEZIER_KNOTS.);
#4950 = CARTESIAN_POINT('',(0.,0.));
#4951 = CARTESIAN_POINT('',(-6.28318530718,0.));
#4952 = ( GEOMETRIC_REPRESENTATION_CONTEXT(2) 
PARAMETRIC_REPRESENTATION_CONTEXT() REPRESENTATION_CONTEXT('2D SPACE',''
  ) );
#4953 = FACE_BOUND('',#4954,.T.);
#4954 = EDGE_LOOP('',(#4955));
#4955 = ORIENTED_EDGE('',*,*,#4956,.F.);
#4956 = EDGE_CURVE('',#4957,#4957,#4959,.T.);
#4957 = VERTEX_POINT('',#4958);
#4958 = CARTESIAN_POINT('',(1.5,2.4,-2.7));
#4959 = SURFACE_CURVE('',#4960,(#4965,#4972),.PCURVE_S1.);
#4960 = CIRCLE('',#4961,0.3);
#4961 = AXIS2_PLACEMENT_3D('',#4962,#4963,#4964);
#4962 = CARTESIAN_POINT('',(1.2,2.4,-2.7));
#4963 = DIRECTION('',(0.,0.,1.));
#4964 = DIRECTION('',(1.,0.,0.));
#4965 = PCURVE('',#2741,#4966);
#4966 = DEFINITIONAL_REPRESENTATION('',(#4967),#4971);
#4967 = CIRCLE('',#4968,0.3);
#4968 = AXIS2_PLACEMENT_2D('',#4969,#4970);
#4969 = CARTESIAN_POINT('',(8.7,8.4));
#4970 = DIRECTION('',(1.,0.));
#4971 = ( GEOMETRIC_REPRESENTATION_CONTEXT(2) 
PARAMETRIC_REPRESENTATION_CONTEXT() REPRESENTATION_CONTEXT('2D SPACE',''
  ) );
#4972 = PCURVE('',#4973,#4978);
#4973 = CYLINDRICAL_SURFACE('',#4974,0.3);
#4974 = AXIS2_PLACEMENT_3D('',#4975,#4976,#4977);
#4975 = CARTESIAN_POINT('',(1.2,2.4,-2.7));
#4976 = DIRECTION('',(-0.,-0.,-1.));
#4977 = DIRECTION('',(1.,0.,0.));
#4978 = DEFINITIONAL_REPRESENTATION('',(#4979),#4982);
#4979 = B_SPLINE_CURVE_WITH_KNOTS('',1,(#4980,#4981),.UNSPECIFIED.,.F.,
  .F.,(2,2),(0.,6.28318530718),.PIECEWISE_BEZIER_KNOTS.);
#4980 = CARTESIAN_POINT('',(0.,0.));
#4981 = CARTESIAN_POINT('',(-6.28318530718,0.));
#4982 = ( GEOMETRIC_REPRESENTATION_CONTEXT(2) 
PARAMETRIC_REPRESENTATION_CONTEXT() REPRESENTATION_CONTEXT('2D SPACE',''
  ) );
#4983 = FACE_BOUND('',#4984,.T.);
#4984 = EDGE_LOOP('',(#4985));
#4985 = ORIENTED_EDGE('',*,*,#4986,.F.);
#4986 = EDGE_CURVE('',#4987,#4987,#4989,.T.);
#4987 = VERTEX_POINT('',#4988);
#4988 = CARTESIAN_POINT('',(7.1,0.,-2.7));
#4989 = SURFACE_CURVE('',#4990,(#4995,#5002),.PCURVE_S1.);
#4990 = CIRCLE('',#4991,0.3);
#4991 = AXIS2_PLACEMENT_3D('',#4992,#4993,#4994);
#4992 = CARTESIAN_POINT('',(6.8,0.,-2.7));
#4993 = DIRECTION('',(0.,0.,1.));
#4994 = DIRECTION('',(1.,0.,0.));
#4995 = PCURVE('',#2741,#4996);
#4996 = DEFINITIONAL_REPRESENTATION('',(#4997),#5001);
#4997 = CIRCLE('',#4998,0.3);
#4998 = AXIS2_PLACEMENT_2D('',#4999,#5000);
#4999 = CARTESIAN_POINT('',(14.3,6.));
#5000 = DIRECTION('',(1.,0.));
#5001 = ( GEOMETRIC_REPRESENTATION_CONTEXT(2) 
PARAMETRIC_REPRESENTATION_CONTEXT() REPRESENTATION_CONTEXT('2D SPACE',''
  ) );
#5002 = PCURVE('',#5003,#5008);
#5003 = CYLINDRICAL_SURFACE('',#5004,0.3);
#5004 = AXIS2_PLACEMENT_3D('',#5005,#5006,#5007);
#5005 = CARTESIAN_POINT('',(6.8,0.,-2.7));
#5006 = DIRECTION('',(-0.,-0.,-1.));
#5007 = DIRECTION('',(1.,0.,0.));
#5008 = DEFINITIONAL_REPRESENTATION('',(#5009),#5012);
#5009 = B_SPLINE_CURVE_WITH_KNOTS('',1,(#5010,#5011),.UNSPECIFIED.,.F.,
  .F.,(2,2),(0.,6.28318530718),.PIECEWISE_BEZIER_KNOTS.);
#5010 = CARTESIAN_POINT('',(0.,0.));
#5011 = CARTESIAN_POINT('',(-6.28318530718,0.));
#5012 = ( GEOMETRIC_REPRESENTATION_CONTEXT(2) 
PARAMETRIC_REPRESENTATION_CONTEXT() REPRESENTATION_CONTEXT('2D SPACE',''
  ) );
#5013 = FACE_BOUND('',#5014,.T.);
#5014 = EDGE_LOOP('',(#5015));
#5015 = ORIENTED_EDGE('',*,*,#5016,.F.);
#5016 = EDGE_CURVE('',#5017,#5017,#5019,.T.);
#5017 = VERTEX_POINT('',#5018);
#5018 = CARTESIAN_POINT('',(7.1,2.4,-2.7));
#5019 = SURFACE_CURVE('',#5020,(#5025,#5032),.PCURVE_S1.);
#5020 = CIRCLE('',#5021,0.3);
#5021 = AXIS2_PLACEMENT_3D('',#5022,#5023,#5024);
#5022 = CARTESIAN_POINT('',(6.8,2.4,-2.7));
#5023 = DIRECTION('',(0.,0.,1.));
#5024 = DIRECTION('',(1.,0.,0.));
#5025 = PCURVE('',#2741,#5026);
#5026 = DEFINITIONAL_REPRESENTATION('',(#5027),#5031);
#5027 = CIRCLE('',#5028,0.3);
#5028 = AXIS2_PLACEMENT_2D('',#5029,#5030);
#5029 = CARTESIAN_POINT('',(14.3,8.4));
#5030 = DIRECTION('',(1.,0.));
#5031 = ( GEOMETRIC_REPRESENTATION_CONTEXT(2) 
PARAMETRIC_REPRESENTATION_CONTEXT() REPRESENTATION_CONTEXT('2D SPACE',''
  ) );
#5032 = PCURVE('',#5033,#5038);
#5033 = CYLINDRICAL_SURFACE('',#5034,0.3);
#5034 = AXIS2_PLACEMENT_3D('',#5035,#5036,#5037);
#5035 = CARTESIAN_POINT('',(6.8,2.4,-2.7));
#5036 = DIRECTION('',(-0.,-0.,-1.));
#5037 = DIRECTION('',(1.,0.,0.));
#5038 = DEFINITIONAL_REPRESENTATION('',(#5039),#5042);
#5039 = B_SPLINE_CURVE_WITH_KNOTS('',1,(#5040,#5041),.UNSPECIFIED.,.F.,
  .F.,(2,2),(0.,6.28318530718),.PIECEWISE_BEZIER_KNOTS.);
#5040 = CARTESIAN_POINT('',(0.,0.));
#5041 = CARTESIAN_POINT('',(-6.28318530718,0.));
#5042 = ( GEOMETRIC_REPRESENTATION_CONTEXT(2) 
PARAMETRIC_REPRESENTATION_CONTEXT() REPRESENTATION_CONTEXT('2D SPACE',''
  ) );
#5043 = FACE_BOUND('',#5044,.T.);
#5044 = EDGE_LOOP('',(#5045));
#5045 = ORIENTED_EDGE('',*,*,#5046,.F.);
#5046 = EDGE_CURVE('',#5047,#5047,#5049,.T.);
#5047 = VERTEX_POINT('',#5048);
#5048 = CARTESIAN_POINT('',(6.9,5.,-2.7));
#5049 = SURFACE_CURVE('',#5050,(#5055,#5062),.PCURVE_S1.);
#5050 = CIRCLE('',#5051,0.4);
#5051 = AXIS2_PLACEMENT_3D('',#5052,#5053,#5054);
#5052 = CARTESIAN_POINT('',(6.5,5.,-2.7));
#5053 = DIRECTION('',(0.,0.,1.));
#5054 = DIRECTION('',(1.,0.,0.));
#5055 = PCURVE('',#2741,#5056);
#5056 = DEFINITIONAL_REPRESENTATION('',(#5057),#5061);
#5057 = CIRCLE('',#5058,0.4);
#5058 = AXIS2_PLACEMENT_2D('',#5059,#5060);
#5059 = CARTESIAN_POINT('',(14.,11.));
#5060 = DIRECTION('',(1.,0.));
#5061 = ( GEOMETRIC_REPRESENTATION_CONTEXT(2) 
PARAMETRIC_REPRESENTATION_CONTEXT() REPRESENTATION_CONTEXT('2D SPACE',''
  ) );
#5062 = PCURVE('',#5063,#5068);
#5063 = CYLINDRICAL_SURFACE('',#5064,0.4);
#5064 = AXIS2_PLACEMENT_3D('',#5065,#5066,#5067);
#5065 = CARTESIAN_POINT('',(6.5,5.,-2.7));
#5066 = DIRECTION('',(-0.,-0.,-1.));
#5067 = DIRECTION('',(1.,0.,0.));
#5068 = DEFINITIONAL_REPRESENTATION('',(#5069),#5072);
#5069 = B_SPLINE_CURVE_WITH_KNOTS('',1,(#5070,#5071),.UNSPECIFIED.,.F.,
  .F.,(2,2),(0.,6.28318530718),.PIECEWISE_BEZIER_KNOTS.);
#5070 = CARTESIAN_POINT('',(0.,0.));
#5071 = CARTESIAN_POINT('',(-6.28318530718,0.));
#5072 = ( GEOMETRIC_REPRESENTATION_CONTEXT(2) 
PARAMETRIC_REPRESENTATION_CONTEXT() REPRESENTATION_CONTEXT('2D SPACE',''
  ) );
#5073 = ADVANCED_FACE('',(#5074),#4559,.T.);
#5074 = FACE_BOUND('',#5075,.F.);
#5075 = EDGE_LOOP('',(#5076,#5097,#5123,#5124));
#5076 = ORIENTED_EDGE('',*,*,#5077,.T.);
#5077 = EDGE_CURVE('',#4543,#5078,#5080,.T.);
#5078 = VERTEX_POINT('',#5079);
#5079 = CARTESIAN_POINT('',(-6.1,-5.,3.));
#5080 = SEAM_CURVE('',#5081,(#5085,#5091),.PCURVE_S1.);
#5081 = LINE('',#5082,#5083);
#5082 = CARTESIAN_POINT('',(-6.1,-5.,-2.7));
#5083 = VECTOR('',#5084,1.);
#5084 = DIRECTION('',(0.,0.,1.));
#5085 = PCURVE('',#4559,#5086);
#5086 = DEFINITIONAL_REPRESENTATION('',(#5087),#5090);
#5087 = B_SPLINE_CURVE_WITH_KNOTS('',1,(#5088,#5089),.UNSPECIFIED.,.F.,
  .F.,(2,2),(0.,5.7),.PIECEWISE_BEZIER_KNOTS.);
#5088 = CARTESIAN_POINT('',(0.,0.));
#5089 = CARTESIAN_POINT('',(0.,-5.7));
#5090 = ( GEOMETRIC_REPRESENTATION_CONTEXT(2) 
PARAMETRIC_REPRESENTATION_CONTEXT() REPRESENTATION_CONTEXT('2D SPACE',''
  ) );
#5091 = PCURVE('',#4559,#5092);
#5092 = DEFINITIONAL_REPRESENTATION('',(#5093),#5096);
#5093 = B_SPLINE_CURVE_WITH_KNOTS('',1,(#5094,#5095),.UNSPECIFIED.,.F.,
  .F.,(2,2),(0.,5.7),.PIECEWISE_BEZIER_KNOTS.);
#5094 = CARTESIAN_POINT('',(-6.28318530718,0.));
#5095 = CARTESIAN_POINT('',(-6.28318530718,-5.7));
#5096 = ( GEOMETRIC_REPRESENTATION_CONTEXT(2) 
PARAMETRIC_REPRESENTATION_CONTEXT() REPRESENTATION_CONTEXT('2D SPACE',''
  ) );
#5097 = ORIENTED_EDGE('',*,*,#5098,.T.);
#5098 = EDGE_CURVE('',#5078,#5078,#5099,.T.);
#5099 = SURFACE_CURVE('',#5100,(#5105,#5111),.PCURVE_S1.);
#5100 = CIRCLE('',#5101,0.4);
#5101 = AXIS2_PLACEMENT_3D('',#5102,#5103,#5104);
#5102 = CARTESIAN_POINT('',(-6.5,-5.,3.));
#5103 = DIRECTION('',(0.,0.,1.));
#5104 = DIRECTION('',(1.,0.,0.));
#5105 = PCURVE('',#4559,#5106);
#5106 = DEFINITIONAL_REPRESENTATION('',(#5107),#5110);
#5107 = B_SPLINE_CURVE_WITH_KNOTS('',1,(#5108,#5109),.UNSPECIFIED.,.F.,
  .F.,(2,2),(0.,6.28318530718),.PIECEWISE_BEZIER_KNOTS.);
#5108 = CARTESIAN_POINT('',(0.,-5.7));
#5109 = CARTESIAN_POINT('',(-6.28318530718,-5.7));
#5110 = ( GEOMETRIC_REPRESENTATION_CONTEXT(2) 
PARAMETRIC_REPRESENTATION_CONTEXT() REPRESENTATION_CONTEXT('2D SPACE',''
  ) );
#5111 = PCURVE('',#5112,#5117);
#5112 = PLANE('',#5113);
#5113 = AXIS2_PLACEMENT_3D('',#5114,#5115,#5116);
#5114 = CARTESIAN_POINT('',(-6.5,-5.,3.));
#5115 = DIRECTION('',(0.,0.,1.));
#5116 = DIRECTION('',(1.,0.,-0.));
#5117 = DEFINITIONAL_REPRESENTATION('',(#5118),#5122);
#5118 = CIRCLE('',#5119,0.4);
#5119 = AXIS2_PLACEMENT_2D('',#5120,#5121);
#5120 = CARTESIAN_POINT('',(0.,0.));
#5121 = DIRECTION('',(1.,0.));
#5122 = ( GEOMETRIC_REPRESENTATION_CONTEXT(2) 
PARAMETRIC_REPRESENTATION_CONTEXT() REPRESENTATION_CONTEXT('2D SPACE',''
  ) );
#5123 = ORIENTED_EDGE('',*,*,#5077,.F.);
#5124 = ORIENTED_EDGE('',*,*,#4542,.F.);
#5125 = ADVANCED_FACE('',(#5126),#4590,.F.);
#5126 = FACE_BOUND('',#5127,.F.);
#5127 = EDGE_LOOP('',(#5128,#5151,#5179,#5200));
#5128 = ORIENTED_EDGE('',*,*,#5129,.T.);
#5129 = EDGE_CURVE('',#4573,#5130,#5132,.T.);
#5130 = VERTEX_POINT('',#5131);
#5131 = CARTESIAN_POINT('',(-5.9,-5.5,-1.8));
#5132 = SURFACE_CURVE('',#5133,(#5137,#5144),.PCURVE_S1.);
#5133 = LINE('',#5134,#5135);
#5134 = CARTESIAN_POINT('',(-5.9,-5.5,-2.7));
#5135 = VECTOR('',#5136,1.);
#5136 = DIRECTION('',(0.,0.,1.));
#5137 = PCURVE('',#4590,#5138);
#5138 = DEFINITIONAL_REPRESENTATION('',(#5139),#5143);
#5139 = LINE('',#5140,#5141);
#5140 = CARTESIAN_POINT('',(0.,0.));
#5141 = VECTOR('',#5142,1.);
#5142 = DIRECTION('',(0.,-1.));
#5143 = ( GEOMETRIC_REPRESENTATION_CONTEXT(2) 
PARAMETRIC_REPRESENTATION_CONTEXT() REPRESENTATION_CONTEXT('2D SPACE',''
  ) );
#5144 = PCURVE('',#4618,#5145);
#5145 = DEFINITIONAL_REPRESENTATION('',(#5146),#5150);
#5146 = LINE('',#5147,#5148);
#5147 = CARTESIAN_POINT('',(3.4,0.));
#5148 = VECTOR('',#5149,1.);
#5149 = DIRECTION('',(0.,-1.));
#5150 = ( GEOMETRIC_REPRESENTATION_CONTEXT(2) 
PARAMETRIC_REPRESENTATION_CONTEXT() REPRESENTATION_CONTEXT('2D SPACE',''
  ) );
#5151 = ORIENTED_EDGE('',*,*,#5152,.T.);
#5152 = EDGE_CURVE('',#5130,#5153,#5155,.T.);
#5153 = VERTEX_POINT('',#5154);
#5154 = CARTESIAN_POINT('',(1.5,-5.5,-1.8));
#5155 = SURFACE_CURVE('',#5156,(#5160,#5167),.PCURVE_S1.);
#5156 = LINE('',#5157,#5158);
#5157 = CARTESIAN_POINT('',(-5.9,-5.5,-1.8));
#5158 = VECTOR('',#5159,1.);
#5159 = DIRECTION('',(1.,0.,0.));
#5160 = PCURVE('',#4590,#5161);
#5161 = DEFINITIONAL_REPRESENTATION('',(#5162),#5166);
#5162 = LINE('',#5163,#5164);
#5163 = CARTESIAN_POINT('',(0.,-0.9));
#5164 = VECTOR('',#5165,1.);
#5165 = DIRECTION('',(1.,0.));
#5166 = ( GEOMETRIC_REPRESENTATION_CONTEXT(2) 
PARAMETRIC_REPRESENTATION_CONTEXT() REPRESENTATION_CONTEXT('2D SPACE',''
  ) );
#5167 = PCURVE('',#5168,#5173);
#5168 = PLANE('',#5169);
#5169 = AXIS2_PLACEMENT_3D('',#5170,#5171,#5172);
#5170 = CARTESIAN_POINT('',(-2.2,-3.8,-1.8));
#5171 = DIRECTION('',(0.,0.,1.));
#5172 = DIRECTION('',(1.,0.,-0.));
#5173 = DEFINITIONAL_REPRESENTATION('',(#5174),#5178);
#5174 = LINE('',#5175,#5176);
#5175 = CARTESIAN_POINT('',(-3.7,-1.7));
#5176 = VECTOR('',#5177,1.);
#5177 = DIRECTION('',(1.,0.));
#5178 = ( GEOMETRIC_REPRESENTATION_CONTEXT(2) 
PARAMETRIC_REPRESENTATION_CONTEXT() REPRESENTATION_CONTEXT('2D SPACE',''
  ) );
#5179 = ORIENTED_EDGE('',*,*,#5180,.F.);
#5180 = EDGE_CURVE('',#4575,#5153,#5181,.T.);
#5181 = SURFACE_CURVE('',#5182,(#5186,#5193),.PCURVE_S1.);
#5182 = LINE('',#5183,#5184);
#5183 = CARTESIAN_POINT('',(1.5,-5.5,-2.7));
#5184 = VECTOR('',#5185,1.);
#5185 = DIRECTION('',(0.,0.,1.));
#5186 = PCURVE('',#4590,#5187);
#5187 = DEFINITIONAL_REPRESENTATION('',(#5188),#5192);
#5188 = LINE('',#5189,#5190);
#5189 = CARTESIAN_POINT('',(7.4,0.));
#5190 = VECTOR('',#5191,1.);
#5191 = DIRECTION('',(0.,-1.));
#5192 = ( GEOMETRIC_REPRESENTATION_CONTEXT(2) 
PARAMETRIC_REPRESENTATION_CONTEXT() REPRESENTATION_CONTEXT('2D SPACE',''
  ) );
#5193 = PCURVE('',#4672,#5194);
#5194 = DEFINITIONAL_REPRESENTATION('',(#5195),#5199);
#5195 = LINE('',#5196,#5197);
#5196 = CARTESIAN_POINT('',(0.,0.));
#5197 = VECTOR('',#5198,1.);
#5198 = DIRECTION('',(0.,-1.));
#5199 = ( GEOMETRIC_REPRESENTATION_CONTEXT(2) 
PARAMETRIC_REPRESENTATION_CONTEXT() REPRESENTATION_CONTEXT('2D SPACE',''
  ) );
#5200 = ORIENTED_EDGE('',*,*,#4572,.F.);
#5201 = ADVANCED_FACE('',(#5202),#4672,.F.);
#5202 = FACE_BOUND('',#5203,.F.);
#5203 = EDGE_LOOP('',(#5204,#5205,#5228,#5249));
#5204 = ORIENTED_EDGE('',*,*,#5180,.T.);
#5205 = ORIENTED_EDGE('',*,*,#5206,.T.);
#5206 = EDGE_CURVE('',#5153,#5207,#5209,.T.);
#5207 = VERTEX_POINT('',#5208);
#5208 = CARTESIAN_POINT('',(1.5,-2.1,-1.8));
#5209 = SURFACE_CURVE('',#5210,(#5214,#5221),.PCURVE_S1.);
#5210 = LINE('',#5211,#5212);
#5211 = CARTESIAN_POINT('',(1.5,-5.5,-1.8));
#5212 = VECTOR('',#5213,1.);
#5213 = DIRECTION('',(0.,1.,0.));
#5214 = PCURVE('',#4672,#5215);
#5215 = DEFINITIONAL_REPRESENTATION('',(#5216),#5220);
#5216 = LINE('',#5217,#5218);
#5217 = CARTESIAN_POINT('',(0.,-0.9));
#5218 = VECTOR('',#5219,1.);
#5219 = DIRECTION('',(1.,0.));
#5220 = ( GEOMETRIC_REPRESENTATION_CONTEXT(2) 
PARAMETRIC_REPRESENTATION_CONTEXT() REPRESENTATION_CONTEXT('2D SPACE',''
  ) );
#5221 = PCURVE('',#5168,#5222);
#5222 = DEFINITIONAL_REPRESENTATION('',(#5223),#5227);
#5223 = LINE('',#5224,#5225);
#5224 = CARTESIAN_POINT('',(3.7,-1.7));
#5225 = VECTOR('',#5226,1.);
#5226 = DIRECTION('',(0.,1.));
#5227 = ( GEOMETRIC_REPRESENTATION_CONTEXT(2) 
PARAMETRIC_REPRESENTATION_CONTEXT() REPRESENTATION_CONTEXT('2D SPACE',''
  ) );
#5228 = ORIENTED_EDGE('',*,*,#5229,.F.);
#5229 = EDGE_CURVE('',#4631,#5207,#5230,.T.);
#5230 = SURFACE_CURVE('',#5231,(#5235,#5242),.PCURVE_S1.);
#5231 = LINE('',#5232,#5233);
#5232 = CARTESIAN_POINT('',(1.5,-2.1,-2.7));
#5233 = VECTOR('',#5234,1.);
#5234 = DIRECTION('',(0.,0.,1.));
#5235 = PCURVE('',#4672,#5236);
#5236 = DEFINITIONAL_REPRESENTATION('',(#5237),#5241);
#5237 = LINE('',#5238,#5239);
#5238 = CARTESIAN_POINT('',(3.4,0.));
#5239 = VECTOR('',#5240,1.);
#5240 = DIRECTION('',(0.,-1.));
#5241 = ( GEOMETRIC_REPRESENTATION_CONTEXT(2) 
PARAMETRIC_REPRESENTATION_CONTEXT() REPRESENTATION_CONTEXT('2D SPACE',''
  ) );
#5242 = PCURVE('',#4646,#5243);
#5243 = DEFINITIONAL_REPRESENTATION('',(#5244),#5248);
#5244 = LINE('',#5245,#5246);
#5245 = CARTESIAN_POINT('',(0.,-0.));
#5246 = VECTOR('',#5247,1.);
#5247 = DIRECTION('',(0.,-1.));
#5248 = ( GEOMETRIC_REPRESENTATION_CONTEXT(2) 
PARAMETRIC_REPRESENTATION_CONTEXT() REPRESENTATION_CONTEXT('2D SPACE',''
  ) );
#5249 = ORIENTED_EDGE('',*,*,#4658,.F.);
#5250 = ADVANCED_FACE('',(#5251),#4646,.F.);
#5251 = FACE_BOUND('',#5252,.F.);
#5252 = EDGE_LOOP('',(#5253,#5254,#5277,#5298));
#5253 = ORIENTED_EDGE('',*,*,#5229,.T.);
#5254 = ORIENTED_EDGE('',*,*,#5255,.T.);
#5255 = EDGE_CURVE('',#5207,#5256,#5258,.T.);
#5256 = VERTEX_POINT('',#5257);
#5257 = CARTESIAN_POINT('',(-5.9,-2.1,-1.8));
#5258 = SURFACE_CURVE('',#5259,(#5263,#5270),.PCURVE_S1.);
#5259 = LINE('',#5260,#5261);
#5260 = CARTESIAN_POINT('',(1.5,-2.1,-1.8));
#5261 = VECTOR('',#5262,1.);
#5262 = DIRECTION('',(-1.,0.,0.));
#5263 = PCURVE('',#4646,#5264);
#5264 = DEFINITIONAL_REPRESENTATION('',(#5265),#5269);
#5265 = LINE('',#5266,#5267);
#5266 = CARTESIAN_POINT('',(0.,-0.9));
#5267 = VECTOR('',#5268,1.);
#5268 = DIRECTION('',(1.,0.));
#5269 = ( GEOMETRIC_REPRESENTATION_CONTEXT(2) 
PARAMETRIC_REPRESENTATION_CONTEXT() REPRESENTATION_CONTEXT('2D SPACE',''
  ) );
#5270 = PCURVE('',#5168,#5271);
#5271 = DEFINITIONAL_REPRESENTATION('',(#5272),#5276);
#5272 = LINE('',#5273,#5274);
#5273 = CARTESIAN_POINT('',(3.7,1.7));
#5274 = VECTOR('',#5275,1.);
#5275 = DIRECTION('',(-1.,0.));
#5276 = ( GEOMETRIC_REPRESENTATION_CONTEXT(2) 
PARAMETRIC_REPRESENTATION_CONTEXT() REPRESENTATION_CONTEXT('2D SPACE',''
  ) );
#5277 = ORIENTED_EDGE('',*,*,#5278,.F.);
#5278 = EDGE_CURVE('',#4603,#5256,#5279,.T.);
#5279 = SURFACE_CURVE('',#5280,(#5284,#5291),.PCURVE_S1.);
#5280 = LINE('',#5281,#5282);
#5281 = CARTESIAN_POINT('',(-5.9,-2.1,-2.7));
#5282 = VECTOR('',#5283,1.);
#5283 = DIRECTION('',(0.,0.,1.));
#5284 = PCURVE('',#4646,#5285);
#5285 = DEFINITIONAL_REPRESENTATION('',(#5286),#5290);
#5286 = LINE('',#5287,#5288);
#5287 = CARTESIAN_POINT('',(7.4,0.));
#5288 = VECTOR('',#5289,1.);
#5289 = DIRECTION('',(0.,-1.));
#5290 = ( GEOMETRIC_REPRESENTATION_CONTEXT(2) 
PARAMETRIC_REPRESENTATION_CONTEXT() REPRESENTATION_CONTEXT('2D SPACE',''
  ) );
#5291 = PCURVE('',#4618,#5292);
#5292 = DEFINITIONAL_REPRESENTATION('',(#5293),#5297);
#5293 = LINE('',#5294,#5295);
#5294 = CARTESIAN_POINT('',(0.,0.));
#5295 = VECTOR('',#5296,1.);
#5296 = DIRECTION('',(0.,-1.));
#5297 = ( GEOMETRIC_REPRESENTATION_CONTEXT(2) 
PARAMETRIC_REPRESENTATION_CONTEXT() REPRESENTATION_CONTEXT('2D SPACE',''
  ) );
#5298 = ORIENTED_EDGE('',*,*,#4630,.F.);
#5299 = ADVANCED_FACE('',(#5300),#4618,.F.);
#5300 = FACE_BOUND('',#5301,.F.);
#5301 = EDGE_LOOP('',(#5302,#5303,#5324,#5325));
#5302 = ORIENTED_EDGE('',*,*,#5278,.T.);
#5303 = ORIENTED_EDGE('',*,*,#5304,.T.);
#5304 = EDGE_CURVE('',#5256,#5130,#5305,.T.);
#5305 = SURFACE_CURVE('',#5306,(#5310,#5317),.PCURVE_S1.);
#5306 = LINE('',#5307,#5308);
#5307 = CARTESIAN_POINT('',(-5.9,-2.1,-1.8));
#5308 = VECTOR('',#5309,1.);
#5309 = DIRECTION('',(0.,-1.,0.));
#5310 = PCURVE('',#4618,#5311);
#5311 = DEFINITIONAL_REPRESENTATION('',(#5312),#5316);
#5312 = LINE('',#5313,#5314);
#5313 = CARTESIAN_POINT('',(0.,-0.9));
#5314 = VECTOR('',#5315,1.);
#5315 = DIRECTION('',(1.,0.));
#5316 = ( GEOMETRIC_REPRESENTATION_CONTEXT(2) 
PARAMETRIC_REPRESENTATION_CONTEXT() REPRESENTATION_CONTEXT('2D SPACE',''
  ) );
#5317 = PCURVE('',#5168,#5318);
#5318 = DEFINITIONAL_REPRESENTATION('',(#5319),#5323);
#5319 = LINE('',#5320,#5321);
#5320 = CARTESIAN_POINT('',(-3.7,1.7));
#5321 = VECTOR('',#5322,1.);
#5322 = DIRECTION('',(0.,-1.));
#5323 = ( GEOMETRIC_REPRESENTATION_CONTEXT(2) 
PARAMETRIC_REPRESENTATION_CONTEXT() REPRESENTATION_CONTEXT('2D SPACE',''
  ) );
#5324 = ORIENTED_EDGE('',*,*,#5129,.F.);
#5325 = ORIENTED_EDGE('',*,*,#4602,.F.);
#5326 = ADVANCED_FACE('',(#5327),#4703,.T.);
#5327 = FACE_BOUND('',#5328,.F.);
#5328 = EDGE_LOOP('',(#5329,#5350,#5376,#5377));
#5329 = ORIENTED_EDGE('',*,*,#5330,.T.);
#5330 = EDGE_CURVE('',#4687,#5331,#5333,.T.);
#5331 = VERTEX_POINT('',#5332);
#5332 = CARTESIAN_POINT('',(-6.5,-0.2,-2.1));
#5333 = SEAM_CURVE('',#5334,(#5338,#5344),.PCURVE_S1.);
#5334 = LINE('',#5335,#5336);
#5335 = CARTESIAN_POINT('',(-6.5,-0.2,-2.7));
#5336 = VECTOR('',#5337,1.);
#5337 = DIRECTION('',(0.,0.,1.));
#5338 = PCURVE('',#4703,#5339);
#5339 = DEFINITIONAL_REPRESENTATION('',(#5340),#5343);
#5340 = B_SPLINE_CURVE_WITH_KNOTS('',1,(#5341,#5342),.UNSPECIFIED.,.F.,
  .F.,(2,2),(0.,0.6),.PIECEWISE_BEZIER_KNOTS.);
#5341 = CARTESIAN_POINT('',(0.,0.));
#5342 = CARTESIAN_POINT('',(0.,-0.6));
#5343 = ( GEOMETRIC_REPRESENTATION_CONTEXT(2) 
PARAMETRIC_REPRESENTATION_CONTEXT() REPRESENTATION_CONTEXT('2D SPACE',''
  ) );
#5344 = PCURVE('',#4703,#5345);
#5345 = DEFINITIONAL_REPRESENTATION('',(#5346),#5349);
#5346 = B_SPLINE_CURVE_WITH_KNOTS('',1,(#5347,#5348),.UNSPECIFIED.,.F.,
  .F.,(2,2),(0.,0.6),.PIECEWISE_BEZIER_KNOTS.);
#5347 = CARTESIAN_POINT('',(-6.28318530718,0.));
#5348 = CARTESIAN_POINT('',(-6.28318530718,-0.6));
#5349 = ( GEOMETRIC_REPRESENTATION_CONTEXT(2) 
PARAMETRIC_REPRESENTATION_CONTEXT() REPRESENTATION_CONTEXT('2D SPACE',''
  ) );
#5350 = ORIENTED_EDGE('',*,*,#5351,.T.);
#5351 = EDGE_CURVE('',#5331,#5331,#5352,.T.);
#5352 = SURFACE_CURVE('',#5353,(#5358,#5364),.PCURVE_S1.);
#5353 = CIRCLE('',#5354,0.3);
#5354 = AXIS2_PLACEMENT_3D('',#5355,#5356,#5357);
#5355 = CARTESIAN_POINT('',(-6.8,-0.2,-2.1));
#5356 = DIRECTION('',(0.,0.,1.));
#5357 = DIRECTION('',(1.,0.,0.));
#5358 = PCURVE('',#4703,#5359);
#5359 = DEFINITIONAL_REPRESENTATION('',(#5360),#5363);
#5360 = B_SPLINE_CURVE_WITH_KNOTS('',1,(#5361,#5362),.UNSPECIFIED.,.F.,
  .F.,(2,2),(0.,6.28318530718),.PIECEWISE_BEZIER_KNOTS.);
#5361 = CARTESIAN_POINT('',(0.,-0.6));
#5362 = CARTESIAN_POINT('',(-6.28318530718,-0.6));
#5363 = ( GEOMETRIC_REPRESENTATION_CONTEXT(2) 
PARAMETRIC_REPRESENTATION_CONTEXT() REPRESENTATION_CONTEXT('2D SPACE',''
  ) );
#5364 = PCURVE('',#5365,#5370);
#5365 = PLANE('',#5366);
#5366 = AXIS2_PLACEMENT_3D('',#5367,#5368,#5369);
#5367 = CARTESIAN_POINT('',(-6.8,-0.2,-2.1));
#5368 = DIRECTION('',(0.,0.,1.));
#5369 = DIRECTION('',(1.,0.,-0.));
#5370 = DEFINITIONAL_REPRESENTATION('',(#5371),#5375);
#5371 = CIRCLE('',#5372,0.3);
#5372 = AXIS2_PLACEMENT_2D('',#5373,#5374);
#5373 = CARTESIAN_POINT('',(0.,0.));
#5374 = DIRECTION('',(1.,0.));
#5375 = ( GEOMETRIC_REPRESENTATION_CONTEXT(2) 
PARAMETRIC_REPRESENTATION_CONTEXT() REPRESENTATION_CONTEXT('2D SPACE',''
  ) );
#5376 = ORIENTED_EDGE('',*,*,#5330,.F.);
#5377 = ORIENTED_EDGE('',*,*,#4686,.F.);
#5378 = ADVANCED_FACE('',(#5379),#4733,.T.);
#5379 = FACE_BOUND('',#5380,.F.);
#5380 = EDGE_LOOP('',(#5381,#5402,#5428,#5429));
#5381 = ORIENTED_EDGE('',*,*,#5382,.T.);
#5382 = EDGE_CURVE('',#4717,#5383,#5385,.T.);
#5383 = VERTEX_POINT('',#5384);
#5384 = CARTESIAN_POINT('',(-1.3,-0.2,-2.1));
#5385 = SEAM_CURVE('',#5386,(#5390,#5396),.PCURVE_S1.);
#5386 = LINE('',#5387,#5388);
#5387 = CARTESIAN_POINT('',(-1.3,-0.2,-2.7));
#5388 = VECTOR('',#5389,1.);
#5389 = DIRECTION('',(0.,0.,1.));
#5390 = PCURVE('',#4733,#5391);
#5391 = DEFINITIONAL_REPRESENTATION('',(#5392),#5395);
#5392 = B_SPLINE_CURVE_WITH_KNOTS('',1,(#5393,#5394),.UNSPECIFIED.,.F.,
  .F.,(2,2),(0.,0.6),.PIECEWISE_BEZIER_KNOTS.);
#5393 = CARTESIAN_POINT('',(0.,0.));
#5394 = CARTESIAN_POINT('',(0.,-0.6));
#5395 = ( GEOMETRIC_REPRESENTATION_CONTEXT(2) 
PARAMETRIC_REPRESENTATION_CONTEXT() REPRESENTATION_CONTEXT('2D SPACE',''
  ) );
#5396 = PCURVE('',#4733,#5397);
#5397 = DEFINITIONAL_REPRESENTATION('',(#5398),#5401);
#5398 = B_SPLINE_CURVE_WITH_KNOTS('',1,(#5399,#5400),.UNSPECIFIED.,.F.,
  .F.,(2,2),(0.,0.6),.PIECEWISE_BEZIER_KNOTS.);
#5399 = CARTESIAN_POINT('',(-6.28318530718,0.));
#5400 = CARTESIAN_POINT('',(-6.28318530718,-0.6));
#5401 = ( GEOMETRIC_REPRESENTATION_CONTEXT(2) 
PARAMETRIC_REPRESENTATION_CONTEXT() REPRESENTATION_CONTEXT('2D SPACE',''
  ) );
#5402 = ORIENTED_EDGE('',*,*,#5403,.T.);
#5403 = EDGE_CURVE('',#5383,#5383,#5404,.T.);
#5404 = SURFACE_CURVE('',#5405,(#5410,#5416),.PCURVE_S1.);
#5405 = CIRCLE('',#5406,0.3);
#5406 = AXIS2_PLACEMENT_3D('',#5407,#5408,#5409);
#5407 = CARTESIAN_POINT('',(-1.6,-0.2,-2.1));
#5408 = DIRECTION('',(0.,0.,1.));
#5409 = DIRECTION('',(1.,0.,0.));
#5410 = PCURVE('',#4733,#5411);
#5411 = DEFINITIONAL_REPRESENTATION('',(#5412),#5415);
#5412 = B_SPLINE_CURVE_WITH_KNOTS('',1,(#5413,#5414),.UNSPECIFIED.,.F.,
  .F.,(2,2),(0.,6.28318530718),.PIECEWISE_BEZIER_KNOTS.);
#5413 = CARTESIAN_POINT('',(0.,-0.6));
#5414 = CARTESIAN_POINT('',(-6.28318530718,-0.6));
#5415 = ( GEOMETRIC_REPRESENTATION_CONTEXT(2) 
PARAMETRIC_REPRESENTATION_CONTEXT() REPRESENTATION_CONTEXT('2D SPACE',''
  ) );
#5416 = PCURVE('',#5417,#5422);
#5417 = PLANE('',#5418);
#5418 = AXIS2_PLACEMENT_3D('',#5419,#5420,#5421);
#5419 = CARTESIAN_POINT('',(-1.6,-0.2,-2.1));
#5420 = DIRECTION('',(0.,0.,1.));
#5421 = DIRECTION('',(1.,0.,-0.));
#5422 = DEFINITIONAL_REPRESENTATION('',(#5423),#5427);
#5423 = CIRCLE('',#5424,0.3);
#5424 = AXIS2_PLACEMENT_2D('',#5425,#5426);
#5425 = CARTESIAN_POINT('',(0.,0.));
#5426 = DIRECTION('',(1.,0.));
#5427 = ( GEOMETRIC_REPRESENTATION_CONTEXT(2) 
PARAMETRIC_REPRESENTATION_CONTEXT() REPRESENTATION_CONTEXT('2D SPACE',''
  ) );
#5428 = ORIENTED_EDGE('',*,*,#5382,.F.);
#5429 = ORIENTED_EDGE('',*,*,#4716,.F.);
#5430 = ADVANCED_FACE('',(#5431),#4763,.T.);
#5431 = FACE_BOUND('',#5432,.F.);
#5432 = EDGE_LOOP('',(#5433,#5454,#5480,#5481));
#5433 = ORIENTED_EDGE('',*,*,#5434,.T.);
#5434 = EDGE_CURVE('',#4747,#5435,#5437,.T.);
#5435 = VERTEX_POINT('',#5436);
#5436 = CARTESIAN_POINT('',(6.9,-5.,3.));
#5437 = SEAM_CURVE('',#5438,(#5442,#5448),.PCURVE_S1.);
#5438 = LINE('',#5439,#5440);
#5439 = CARTESIAN_POINT('',(6.9,-5.,-2.7));
#5440 = VECTOR('',#5441,1.);
#5441 = DIRECTION('',(0.,0.,1.));
#5442 = PCURVE('',#4763,#5443);
#5443 = DEFINITIONAL_REPRESENTATION('',(#5444),#5447);
#5444 = B_SPLINE_CURVE_WITH_KNOTS('',1,(#5445,#5446),.UNSPECIFIED.,.F.,
  .F.,(2,2),(0.,5.7),.PIECEWISE_BEZIER_KNOTS.);
#5445 = CARTESIAN_POINT('',(0.,0.));
#5446 = CARTESIAN_POINT('',(0.,-5.7));
#5447 = ( GEOMETRIC_REPRESENTATION_CONTEXT(2) 
PARAMETRIC_REPRESENTATION_CONTEXT() REPRESENTATION_CONTEXT('2D SPACE',''
  ) );
#5448 = PCURVE('',#4763,#5449);
#5449 = DEFINITIONAL_REPRESENTATION('',(#5450),#5453);
#5450 = B_SPLINE_CURVE_WITH_KNOTS('',1,(#5451,#5452),.UNSPECIFIED.,.F.,
  .F.,(2,2),(0.,5.7),.PIECEWISE_BEZIER_KNOTS.);
#5451 = CARTESIAN_POINT('',(-6.28318530718,0.));
#5452 = CARTESIAN_POINT('',(-6.28318530718,-5.7));
#5453 = ( GEOMETRIC_REPRESENTATION_CONTEXT(2) 
PARAMETRIC_REPRESENTATION_CONTEXT() REPRESENTATION_CONTEXT('2D SPACE',''
  ) );
#5454 = ORIENTED_EDGE('',*,*,#5455,.T.);
#5455 = EDGE_CURVE('',#5435,#5435,#5456,.T.);
#5456 = SURFACE_CURVE('',#5457,(#5462,#5468),.PCURVE_S1.);
#5457 = CIRCLE('',#5458,0.4);
#5458 = AXIS2_PLACEMENT_3D('',#5459,#5460,#5461);
#5459 = CARTESIAN_POINT('',(6.5,-5.,3.));
#5460 = DIRECTION('',(0.,0.,1.));
#5461 = DIRECTION('',(1.,0.,0.));
#5462 = PCURVE('',#4763,#5463);
#5463 = DEFINITIONAL_REPRESENTATION('',(#5464),#5467);
#5464 = B_SPLINE_CURVE_WITH_KNOTS('',1,(#5465,#5466),.UNSPECIFIED.,.F.,
  .F.,(2,2),(0.,6.28318530718),.PIECEWISE_BEZIER_KNOTS.);
#5465 = CARTESIAN_POINT('',(0.,-5.7));
#5466 = CARTESIAN_POINT('',(-6.28318530718,-5.7));
#5467 = ( GEOMETRIC_REPRESENTATION_CONTEXT(2) 
PARAMETRIC_REPRESENTATION_CONTEXT() REPRESENTATION_CONTEXT('2D SPACE',''
  ) );
#5468 = PCURVE('',#5469,#5474);
#5469 = PLANE('',#5470);
#5470 = AXIS2_PLACEMENT_3D('',#5471,#5472,#5473);
#5471 = CARTESIAN_POINT('',(6.5,-5.,3.));
#5472 = DIRECTION('',(0.,0.,1.));
#5473 = DIRECTION('',(1.,0.,-0.));
#5474 = DEFINITIONAL_REPRESENTATION('',(#5475),#5479);
#5475 = CIRCLE('',#5476,0.4);
#5476 = AXIS2_PLACEMENT_2D('',#5477,#5478);
#5477 = CARTESIAN_POINT('',(0.,0.));
#5478 = DIRECTION('',(1.,0.));
#5479 = ( GEOMETRIC_REPRESENTATION_CONTEXT(2) 
PARAMETRIC_REPRESENTATION_CONTEXT() REPRESENTATION_CONTEXT('2D SPACE',''
  ) );
#5480 = ORIENTED_EDGE('',*,*,#5434,.F.);
#5481 = ORIENTED_EDGE('',*,*,#4746,.F.);
#5482 = ADVANCED_FACE('',(#5483),#4793,.T.);
#5483 = FACE_BOUND('',#5484,.F.);
#5484 = EDGE_LOOP('',(#5485,#5506,#5532,#5533));
#5485 = ORIENTED_EDGE('',*,*,#5486,.T.);
#5486 = EDGE_CURVE('',#4777,#5487,#5489,.T.);
#5487 = VERTEX_POINT('',#5488);
#5488 = CARTESIAN_POINT('',(-6.5,2.6,-2.1));
#5489 = SEAM_CURVE('',#5490,(#5494,#5500),.PCURVE_S1.);
#5490 = LINE('',#5491,#5492);
#5491 = CARTESIAN_POINT('',(-6.5,2.6,-2.7));
#5492 = VECTOR('',#5493,1.);
#5493 = DIRECTION('',(0.,0.,1.));
#5494 = PCURVE('',#4793,#5495);
#5495 = DEFINITIONAL_REPRESENTATION('',(#5496),#5499);
#5496 = B_SPLINE_CURVE_WITH_KNOTS('',1,(#5497,#5498),.UNSPECIFIED.,.F.,
  .F.,(2,2),(0.,0.6),.PIECEWISE_BEZIER_KNOTS.);
#5497 = CARTESIAN_POINT('',(0.,0.));
#5498 = CARTESIAN_POINT('',(0.,-0.6));
#5499 = ( GEOMETRIC_REPRESENTATION_CONTEXT(2) 
PARAMETRIC_REPRESENTATION_CONTEXT() REPRESENTATION_CONTEXT('2D SPACE',''
  ) );
#5500 = PCURVE('',#4793,#5501);
#5501 = DEFINITIONAL_REPRESENTATION('',(#5502),#5505);
#5502 = B_SPLINE_CURVE_WITH_KNOTS('',1,(#5503,#5504),.UNSPECIFIED.,.F.,
  .F.,(2,2),(0.,0.6),.PIECEWISE_BEZIER_KNOTS.);
#5503 = CARTESIAN_POINT('',(-6.28318530718,0.));
#5504 = CARTESIAN_POINT('',(-6.28318530718,-0.6));
#5505 = ( GEOMETRIC_REPRESENTATION_CONTEXT(2) 
PARAMETRIC_REPRESENTATION_CONTEXT() REPRESENTATION_CONTEXT('2D SPACE',''
  ) );
#5506 = ORIENTED_EDGE('',*,*,#5507,.T.);
#5507 = EDGE_CURVE('',#5487,#5487,#5508,.T.);
#5508 = SURFACE_CURVE('',#5509,(#5514,#5520),.PCURVE_S1.);
#5509 = CIRCLE('',#5510,0.3);
#5510 = AXIS2_PLACEMENT_3D('',#5511,#5512,#5513);
#5511 = CARTESIAN_POINT('',(-6.8,2.6,-2.1));
#5512 = DIRECTION('',(0.,0.,1.));
#5513 = DIRECTION('',(1.,0.,0.));
#5514 = PCURVE('',#4793,#5515);
#5515 = DEFINITIONAL_REPRESENTATION('',(#5516),#5519);
#5516 = B_SPLINE_CURVE_WITH_KNOTS('',1,(#5517,#5518),.UNSPECIFIED.,.F.,
  .F.,(2,2),(0.,6.28318530718),.PIECEWISE_BEZIER_KNOTS.);
#5517 = CARTESIAN_POINT('',(0.,-0.6));
#5518 = CARTESIAN_POINT('',(-6.28318530718,-0.6));
#5519 = ( GEOMETRIC_REPRESENTATION_CONTEXT(2) 
PARAMETRIC_REPRESENTATION_CONTEXT() REPRESENTATION_CONTEXT('2D SPACE',''
  ) );
#5520 = PCURVE('',#5521,#5526);
#5521 = PLANE('',#5522);
#5522 = AXIS2_PLACEMENT_3D('',#5523,#5524,#5525);
#5523 = CARTESIAN_POINT('',(-6.8,2.6,-2.1));
#5524 = DIRECTION('',(0.,0.,1.));
#5525 = DIRECTION('',(1.,0.,-0.));
#5526 = DEFINITIONAL_REPRESENTATION('',(#5527),#5531);
#5527 = CIRCLE('',#5528,0.3);
#5528 = AXIS2_PLACEMENT_2D('',#5529,#5530);
#5529 = CARTESIAN_POINT('',(0.,0.));
#5530 = DIRECTION('',(1.,0.));
#5531 = ( GEOMETRIC_REPRESENTATION_CONTEXT(2) 
PARAMETRIC_REPRESENTATION_CONTEXT() REPRESENTATION_CONTEXT('2D SPACE',''
  ) );
#5532 = ORIENTED_EDGE('',*,*,#5486,.F.);
#5533 = ORIENTED_EDGE('',*,*,#4776,.F.);
#5534 = ADVANCED_FACE('',(#5535),#4823,.T.);
#5535 = FACE_BOUND('',#5536,.F.);
#5536 = EDGE_LOOP('',(#5537,#5558,#5584,#5585));
#5537 = ORIENTED_EDGE('',*,*,#5538,.T.);
#5538 = EDGE_CURVE('',#4807,#5539,#5541,.T.);
#5539 = VERTEX_POINT('',#5540);
#5540 = CARTESIAN_POINT('',(-0.95,2.,-2.1));
#5541 = SEAM_CURVE('',#5542,(#5546,#5552),.PCURVE_S1.);
#5542 = LINE('',#5543,#5544);
#5543 = CARTESIAN_POINT('',(-0.95,2.,-2.7));
#5544 = VECTOR('',#5545,1.);
#5545 = DIRECTION('',(0.,0.,1.));
#5546 = PCURVE('',#4823,#5547);
#5547 = DEFINITIONAL_REPRESENTATION('',(#5548),#5551);
#5548 = B_SPLINE_CURVE_WITH_KNOTS('',1,(#5549,#5550),.UNSPECIFIED.,.F.,
  .F.,(2,2),(0.,0.6),.PIECEWISE_BEZIER_KNOTS.);
#5549 = CARTESIAN_POINT('',(0.,0.));
#5550 = CARTESIAN_POINT('',(0.,-0.6));
#5551 = ( GEOMETRIC_REPRESENTATION_CONTEXT(2) 
PARAMETRIC_REPRESENTATION_CONTEXT() REPRESENTATION_CONTEXT('2D SPACE',''
  ) );
#5552 = PCURVE('',#4823,#5553);
#5553 = DEFINITIONAL_REPRESENTATION('',(#5554),#5557);
#5554 = B_SPLINE_CURVE_WITH_KNOTS('',1,(#5555,#5556),.UNSPECIFIED.,.F.,
  .F.,(2,2),(0.,0.6),.PIECEWISE_BEZIER_KNOTS.);
#5555 = CARTESIAN_POINT('',(-6.28318530718,0.));
#5556 = CARTESIAN_POINT('',(-6.28318530718,-0.6));
#5557 = ( GEOMETRIC_REPRESENTATION_CONTEXT(2) 
PARAMETRIC_REPRESENTATION_CONTEXT() REPRESENTATION_CONTEXT('2D SPACE',''
  ) );
#5558 = ORIENTED_EDGE('',*,*,#5559,.T.);
#5559 = EDGE_CURVE('',#5539,#5539,#5560,.T.);
#5560 = SURFACE_CURVE('',#5561,(#5566,#5572),.PCURVE_S1.);
#5561 = CIRCLE('',#5562,0.25);
#5562 = AXIS2_PLACEMENT_3D('',#5563,#5564,#5565);
#5563 = CARTESIAN_POINT('',(-1.2,2.,-2.1));
#5564 = DIRECTION('',(0.,0.,1.));
#5565 = DIRECTION('',(1.,0.,0.));
#5566 = PCURVE('',#4823,#5567);
#5567 = DEFINITIONAL_REPRESENTATION('',(#5568),#5571);
#5568 = B_SPLINE_CURVE_WITH_KNOTS('',1,(#5569,#5570),.UNSPECIFIED.,.F.,
  .F.,(2,2),(0.,6.28318530718),.PIECEWISE_BEZIER_KNOTS.);
#5569 = CARTESIAN_POINT('',(0.,-0.6));
#5570 = CARTESIAN_POINT('',(-6.28318530718,-0.6));
#5571 = ( GEOMETRIC_REPRESENTATION_CONTEXT(2) 
PARAMETRIC_REPRESENTATION_CONTEXT() REPRESENTATION_CONTEXT('2D SPACE',''
  ) );
#5572 = PCURVE('',#5573,#5578);
#5573 = PLANE('',#5574);
#5574 = AXIS2_PLACEMENT_3D('',#5575,#5576,#5577);
#5575 = CARTESIAN_POINT('',(-1.2,2.,-2.1));
#5576 = DIRECTION('',(0.,0.,1.));
#5577 = DIRECTION('',(1.,0.,-0.));
#5578 = DEFINITIONAL_REPRESENTATION('',(#5579),#5583);
#5579 = CIRCLE('',#5580,0.25);
#5580 = AXIS2_PLACEMENT_2D('',#5581,#5582);
#5581 = CARTESIAN_POINT('',(0.,0.));
#5582 = DIRECTION('',(1.,0.));
#5583 = ( GEOMETRIC_REPRESENTATION_CONTEXT(2) 
PARAMETRIC_REPRESENTATION_CONTEXT() REPRESENTATION_CONTEXT('2D SPACE',''
  ) );
#5584 = ORIENTED_EDGE('',*,*,#5538,.F.);
#5585 = ORIENTED_EDGE('',*,*,#4806,.F.);
#5586 = ADVANCED_FACE('',(#5587),#4853,.T.);
#5587 = FACE_BOUND('',#5588,.F.);
#5588 = EDGE_LOOP('',(#5589,#5610,#5636,#5637));
#5589 = ORIENTED_EDGE('',*,*,#5590,.T.);
#5590 = EDGE_CURVE('',#4837,#5591,#5593,.T.);
#5591 = VERTEX_POINT('',#5592);
#5592 = CARTESIAN_POINT('',(-1.3,2.6,-2.1));
#5593 = SEAM_CURVE('',#5594,(#5598,#5604),.PCURVE_S1.);
#5594 = LINE('',#5595,#5596);
#5595 = CARTESIAN_POINT('',(-1.3,2.6,-2.7));
#5596 = VECTOR('',#5597,1.);
#5597 = DIRECTION('',(0.,0.,1.));
#5598 = PCURVE('',#4853,#5599);
#5599 = DEFINITIONAL_REPRESENTATION('',(#5600),#5603);
#5600 = B_SPLINE_CURVE_WITH_KNOTS('',1,(#5601,#5602),.UNSPECIFIED.,.F.,
  .F.,(2,2),(0.,0.6),.PIECEWISE_BEZIER_KNOTS.);
#5601 = CARTESIAN_POINT('',(0.,0.));
#5602 = CARTESIAN_POINT('',(0.,-0.6));
#5603 = ( GEOMETRIC_REPRESENTATION_CONTEXT(2) 
PARAMETRIC_REPRESENTATION_CONTEXT() REPRESENTATION_CONTEXT('2D SPACE',''
  ) );
#5604 = PCURVE('',#4853,#5605);
#5605 = DEFINITIONAL_REPRESENTATION('',(#5606),#5609);
#5606 = B_SPLINE_CURVE_WITH_KNOTS('',1,(#5607,#5608),.UNSPECIFIED.,.F.,
  .F.,(2,2),(0.,0.6),.PIECEWISE_BEZIER_KNOTS.);
#5607 = CARTESIAN_POINT('',(-6.28318530718,0.));
#5608 = CARTESIAN_POINT('',(-6.28318530718,-0.6));
#5609 = ( GEOMETRIC_REPRESENTATION_CONTEXT(2) 
PARAMETRIC_REPRESENTATION_CONTEXT() REPRESENTATION_CONTEXT('2D SPACE',''
  ) );
#5610 = ORIENTED_EDGE('',*,*,#5611,.T.);
#5611 = EDGE_CURVE('',#5591,#5591,#5612,.T.);
#5612 = SURFACE_CURVE('',#5613,(#5618,#5624),.PCURVE_S1.);
#5613 = CIRCLE('',#5614,0.3);
#5614 = AXIS2_PLACEMENT_3D('',#5615,#5616,#5617);
#5615 = CARTESIAN_POINT('',(-1.6,2.6,-2.1));
#5616 = DIRECTION('',(0.,0.,1.));
#5617 = DIRECTION('',(1.,0.,0.));
#5618 = PCURVE('',#4853,#5619);
#5619 = DEFINITIONAL_REPRESENTATION('',(#5620),#5623);
#5620 = B_SPLINE_CURVE_WITH_KNOTS('',1,(#5621,#5622),.UNSPECIFIED.,.F.,
  .F.,(2,2),(0.,6.28318530718),.PIECEWISE_BEZIER_KNOTS.);
#5621 = CARTESIAN_POINT('',(0.,-0.6));
#5622 = CARTESIAN_POINT('',(-6.28318530718,-0.6));
#5623 = ( GEOMETRIC_REPRESENTATION_CONTEXT(2) 
PARAMETRIC_REPRESENTATION_CONTEXT() REPRESENTATION_CONTEXT('2D SPACE',''
  ) );
#5624 = PCURVE('',#5625,#5630);
#5625 = PLANE('',#5626);
#5626 = AXIS2_PLACEMENT_3D('',#5627,#5628,#5629);
#5627 = CARTESIAN_POINT('',(-1.6,2.6,-2.1));
#5628 = DIRECTION('',(0.,0.,1.));
#5629 = DIRECTION('',(1.,0.,-0.));
#5630 = DEFINITIONAL_REPRESENTATION('',(#5631),#5635);
#5631 = CIRCLE('',#5632,0.3);
#5632 = AXIS2_PLACEMENT_2D('',#5633,#5634);
#5633 = CARTESIAN_POINT('',(0.,0.));
#5634 = DIRECTION('',(1.,0.));
#5635 = ( GEOMETRIC_REPRESENTATION_CONTEXT(2) 
PARAMETRIC_REPRESENTATION_CONTEXT() REPRESENTATION_CONTEXT('2D SPACE',''
  ) );
#5636 = ORIENTED_EDGE('',*,*,#5590,.F.);
#5637 = ORIENTED_EDGE('',*,*,#4836,.F.);
#5638 = ADVANCED_FACE('',(#5639),#4883,.T.);
#5639 = FACE_BOUND('',#5640,.F.);
#5640 = EDGE_LOOP('',(#5641,#5662,#5688,#5689));
#5641 = ORIENTED_EDGE('',*,*,#5642,.T.);
#5642 = EDGE_CURVE('',#4867,#5643,#5645,.T.);
#5643 = VERTEX_POINT('',#5644);
#5644 = CARTESIAN_POINT('',(-6.1,5.,3.));
#5645 = SEAM_CURVE('',#5646,(#5650,#5656),.PCURVE_S1.);
#5646 = LINE('',#5647,#5648);
#5647 = CARTESIAN_POINT('',(-6.1,5.,-2.7));
#5648 = VECTOR('',#5649,1.);
#5649 = DIRECTION('',(0.,0.,1.));
#5650 = PCURVE('',#4883,#5651);
#5651 = DEFINITIONAL_REPRESENTATION('',(#5652),#5655);
#5652 = B_SPLINE_CURVE_WITH_KNOTS('',1,(#5653,#5654),.UNSPECIFIED.,.F.,
  .F.,(2,2),(0.,5.7),.PIECEWISE_BEZIER_KNOTS.);
#5653 = CARTESIAN_POINT('',(0.,0.));
#5654 = CARTESIAN_POINT('',(0.,-5.7));
#5655 = ( GEOMETRIC_REPRESENTATION_CONTEXT(2) 
PARAMETRIC_REPRESENTATION_CONTEXT() REPRESENTATION_CONTEXT('2D SPACE',''
  ) );
#5656 = PCURVE('',#4883,#5657);
#5657 = DEFINITIONAL_REPRESENTATION('',(#5658),#5661);
#5658 = B_SPLINE_CURVE_WITH_KNOTS('',1,(#5659,#5660),.UNSPECIFIED.,.F.,
  .F.,(2,2),(0.,5.7),.PIECEWISE_BEZIER_KNOTS.);
#5659 = CARTESIAN_POINT('',(-6.28318530718,0.));
#5660 = CARTESIAN_POINT('',(-6.28318530718,-5.7));
#5661 = ( GEOMETRIC_REPRESENTATION_CONTEXT(2) 
PARAMETRIC_REPRESENTATION_CONTEXT() REPRESENTATION_CONTEXT('2D SPACE',''
  ) );
#5662 = ORIENTED_EDGE('',*,*,#5663,.T.);
#5663 = EDGE_CURVE('',#5643,#5643,#5664,.T.);
#5664 = SURFACE_CURVE('',#5665,(#5670,#5676),.PCURVE_S1.);
#5665 = CIRCLE('',#5666,0.4);
#5666 = AXIS2_PLACEMENT_3D('',#5667,#5668,#5669);
#5667 = CARTESIAN_POINT('',(-6.5,5.,3.));
#5668 = DIRECTION('',(0.,0.,1.));
#5669 = DIRECTION('',(1.,0.,0.));
#5670 = PCURVE('',#4883,#5671);
#5671 = DEFINITIONAL_REPRESENTATION('',(#5672),#5675);
#5672 = B_SPLINE_CURVE_WITH_KNOTS('',1,(#5673,#5674),.UNSPECIFIED.,.F.,
  .F.,(2,2),(0.,6.28318530718),.PIECEWISE_BEZIER_KNOTS.);
#5673 = CARTESIAN_POINT('',(0.,-5.7));
#5674 = CARTESIAN_POINT('',(-6.28318530718,-5.7));
#5675 = ( GEOMETRIC_REPRESENTATION_CONTEXT(2) 
PARAMETRIC_REPRESENTATION_CONTEXT() REPRESENTATION_CONTEXT('2D SPACE',''
  ) );
#5676 = PCURVE('',#5677,#5682);
#5677 = PLANE('',#5678);
#5678 = AXIS2_PLACEMENT_3D('',#5679,#5680,#5681);
#5679 = CARTESIAN_POINT('',(-6.5,5.,3.));
#5680 = DIRECTION('',(0.,0.,1.));
#5681 = DIRECTION('',(1.,0.,-0.));
#5682 = DEFINITIONAL_REPRESENTATION('',(#5683),#5687);
#5683 = CIRCLE('',#5684,0.4);
#5684 = AXIS2_PLACEMENT_2D('',#5685,#5686);
#5685 = CARTESIAN_POINT('',(0.,-8.881784197001E-16));
#5686 = DIRECTION('',(1.,0.));
#5687 = ( GEOMETRIC_REPRESENTATION_CONTEXT(2) 
PARAMETRIC_REPRESENTATION_CONTEXT() REPRESENTATION_CONTEXT('2D SPACE',''
  ) );
#5688 = ORIENTED_EDGE('',*,*,#5642,.F.);
#5689 = ORIENTED_EDGE('',*,*,#4866,.F.);
#5690 = ADVANCED_FACE('',(#5691),#4913,.T.);
#5691 = FACE_BOUND('',#5692,.F.);
#5692 = EDGE_LOOP('',(#5693,#5714,#5740,#5741));
#5693 = ORIENTED_EDGE('',*,*,#5694,.T.);
#5694 = EDGE_CURVE('',#4897,#5695,#5697,.T.);
#5695 = VERTEX_POINT('',#5696);
#5696 = CARTESIAN_POINT('',(1.5,0.,-2.1));
#5697 = SEAM_CURVE('',#5698,(#5702,#5708),.PCURVE_S1.);
#5698 = LINE('',#5699,#5700);
#5699 = CARTESIAN_POINT('',(1.5,0.,-2.7));
#5700 = VECTOR('',#5701,1.);
#5701 = DIRECTION('',(0.,0.,1.));
#5702 = PCURVE('',#4913,#5703);
#5703 = DEFINITIONAL_REPRESENTATION('',(#5704),#5707);
#5704 = B_SPLINE_CURVE_WITH_KNOTS('',1,(#5705,#5706),.UNSPECIFIED.,.F.,
  .F.,(2,2),(0.,0.6),.PIECEWISE_BEZIER_KNOTS.);
#5705 = CARTESIAN_POINT('',(0.,0.));
#5706 = CARTESIAN_POINT('',(0.,-0.6));
#5707 = ( GEOMETRIC_REPRESENTATION_CONTEXT(2) 
PARAMETRIC_REPRESENTATION_CONTEXT() REPRESENTATION_CONTEXT('2D SPACE',''
  ) );
#5708 = PCURVE('',#4913,#5709);
#5709 = DEFINITIONAL_REPRESENTATION('',(#5710),#5713);
#5710 = B_SPLINE_CURVE_WITH_KNOTS('',1,(#5711,#5712),.UNSPECIFIED.,.F.,
  .F.,(2,2),(0.,0.6),.PIECEWISE_BEZIER_KNOTS.);
#5711 = CARTESIAN_POINT('',(-6.28318530718,0.));
#5712 = CARTESIAN_POINT('',(-6.28318530718,-0.6));
#5713 = ( GEOMETRIC_REPRESENTATION_CONTEXT(2) 
PARAMETRIC_REPRESENTATION_CONTEXT() REPRESENTATION_CONTEXT('2D SPACE',''
  ) );
#5714 = ORIENTED_EDGE('',*,*,#5715,.T.);
#5715 = EDGE_CURVE('',#5695,#5695,#5716,.T.);
#5716 = SURFACE_CURVE('',#5717,(#5722,#5728),.PCURVE_S1.);
#5717 = CIRCLE('',#5718,0.3);
#5718 = AXIS2_PLACEMENT_3D('',#5719,#5720,#5721);
#5719 = CARTESIAN_POINT('',(1.2,0.,-2.1));
#5720 = DIRECTION('',(0.,0.,1.));
#5721 = DIRECTION('',(1.,0.,0.));
#5722 = PCURVE('',#4913,#5723);
#5723 = DEFINITIONAL_REPRESENTATION('',(#5724),#5727);
#5724 = B_SPLINE_CURVE_WITH_KNOTS('',1,(#5725,#5726),.UNSPECIFIED.,.F.,
  .F.,(2,2),(0.,6.28318530718),.PIECEWISE_BEZIER_KNOTS.);
#5725 = CARTESIAN_POINT('',(0.,-0.6));
#5726 = CARTESIAN_POINT('',(-6.28318530718,-0.6));
#5727 = ( GEOMETRIC_REPRESENTATION_CONTEXT(2) 
PARAMETRIC_REPRESENTATION_CONTEXT() REPRESENTATION_CONTEXT('2D SPACE',''
  ) );
#5728 = PCURVE('',#5729,#5734);
#5729 = PLANE('',#5730);
#5730 = AXIS2_PLACEMENT_3D('',#5731,#5732,#5733);
#5731 = CARTESIAN_POINT('',(1.2,-8.51133553645E-19,-2.1));
#5732 = DIRECTION('',(0.,0.,1.));
#5733 = DIRECTION('',(1.,0.,-0.));
#5734 = DEFINITIONAL_REPRESENTATION('',(#5735),#5739);
#5735 = CIRCLE('',#5736,0.3);
#5736 = AXIS2_PLACEMENT_2D('',#5737,#5738);
#5737 = CARTESIAN_POINT('',(0.,8.51133553645E-19));
#5738 = DIRECTION('',(1.,0.));
#5739 = ( GEOMETRIC_REPRESENTATION_CONTEXT(2) 
PARAMETRIC_REPRESENTATION_CONTEXT() REPRESENTATION_CONTEXT('2D SPACE',''
  ) );
#5740 = ORIENTED_EDGE('',*,*,#5694,.F.);
#5741 = ORIENTED_EDGE('',*,*,#4896,.F.);
#5742 = ADVANCED_FACE('',(#5743),#4943,.T.);
#5743 = FACE_BOUND('',#5744,.F.);
#5744 = EDGE_LOOP('',(#5745,#5766,#5792,#5793));
#5745 = ORIENTED_EDGE('',*,*,#5746,.T.);
#5746 = EDGE_CURVE('',#4927,#5747,#5749,.T.);
#5747 = VERTEX_POINT('',#5748);
#5748 = CARTESIAN_POINT('',(0.85,2.,-2.1));
#5749 = SEAM_CURVE('',#5750,(#5754,#5760),.PCURVE_S1.);
#5750 = LINE('',#5751,#5752);
#5751 = CARTESIAN_POINT('',(0.85,2.,-2.7));
#5752 = VECTOR('',#5753,1.);
#5753 = DIRECTION('',(0.,0.,1.));
#5754 = PCURVE('',#4943,#5755);
#5755 = DEFINITIONAL_REPRESENTATION('',(#5756),#5759);
#5756 = B_SPLINE_CURVE_WITH_KNOTS('',1,(#5757,#5758),.UNSPECIFIED.,.F.,
  .F.,(2,2),(0.,0.6),.PIECEWISE_BEZIER_KNOTS.);
#5757 = CARTESIAN_POINT('',(0.,0.));
#5758 = CARTESIAN_POINT('',(0.,-0.6));
#5759 = ( GEOMETRIC_REPRESENTATION_CONTEXT(2) 
PARAMETRIC_REPRESENTATION_CONTEXT() REPRESENTATION_CONTEXT('2D SPACE',''
  ) );
#5760 = PCURVE('',#4943,#5761);
#5761 = DEFINITIONAL_REPRESENTATION('',(#5762),#5765);
#5762 = B_SPLINE_CURVE_WITH_KNOTS('',1,(#5763,#5764),.UNSPECIFIED.,.F.,
  .F.,(2,2),(0.,0.6),.PIECEWISE_BEZIER_KNOTS.);
#5763 = CARTESIAN_POINT('',(-6.28318530718,0.));
#5764 = CARTESIAN_POINT('',(-6.28318530718,-0.6));
#5765 = ( GEOMETRIC_REPRESENTATION_CONTEXT(2) 
PARAMETRIC_REPRESENTATION_CONTEXT() REPRESENTATION_CONTEXT('2D SPACE',''
  ) );
#5766 = ORIENTED_EDGE('',*,*,#5767,.T.);
#5767 = EDGE_CURVE('',#5747,#5747,#5768,.T.);
#5768 = SURFACE_CURVE('',#5769,(#5774,#5780),.PCURVE_S1.);
#5769 = CIRCLE('',#5770,0.25);
#5770 = AXIS2_PLACEMENT_3D('',#5771,#5772,#5773);
#5771 = CARTESIAN_POINT('',(0.6,2.,-2.1));
#5772 = DIRECTION('',(0.,0.,1.));
#5773 = DIRECTION('',(1.,0.,0.));
#5774 = PCURVE('',#4943,#5775);
#5775 = DEFINITIONAL_REPRESENTATION('',(#5776),#5779);
#5776 = B_SPLINE_CURVE_WITH_KNOTS('',1,(#5777,#5778),.UNSPECIFIED.,.F.,
  .F.,(2,2),(0.,6.28318530718),.PIECEWISE_BEZIER_KNOTS.);
#5777 = CARTESIAN_POINT('',(0.,-0.6));
#5778 = CARTESIAN_POINT('',(-6.28318530718,-0.6));
#5779 = ( GEOMETRIC_REPRESENTATION_CONTEXT(2) 
PARAMETRIC_REPRESENTATION_CONTEXT() REPRESENTATION_CONTEXT('2D SPACE',''
  ) );
#5780 = PCURVE('',#5781,#5786);
#5781 = PLANE('',#5782);
#5782 = AXIS2_PLACEMENT_3D('',#5783,#5784,#5785);
#5783 = CARTESIAN_POINT('',(0.6,2.,-2.1));
#5784 = DIRECTION('',(0.,0.,1.));
#5785 = DIRECTION('',(1.,0.,-0.));
#5786 = DEFINITIONAL_REPRESENTATION('',(#5787),#5791);
#5787 = CIRCLE('',#5788,0.25);
#5788 = AXIS2_PLACEMENT_2D('',#5789,#5790);
#5789 = CARTESIAN_POINT('',(0.,0.));
#5790 = DIRECTION('',(1.,0.));
#5791 = ( GEOMETRIC_REPRESENTATION_CONTEXT(2) 
PARAMETRIC_REPRESENTATION_CONTEXT() REPRESENTATION_CONTEXT('2D SPACE',''
  ) );
#5792 = ORIENTED_EDGE('',*,*,#5746,.F.);
#5793 = ORIENTED_EDGE('',*,*,#4926,.F.);
#5794 = ADVANCED_FACE('',(#5795),#4973,.T.);
#5795 = FACE_BOUND('',#5796,.F.);
#5796 = EDGE_LOOP('',(#5797,#5818,#5844,#5845));
#5797 = ORIENTED_EDGE('',*,*,#5798,.T.);
#5798 = EDGE_CURVE('',#4957,#5799,#5801,.T.);
#5799 = VERTEX_POINT('',#5800);
#5800 = CARTESIAN_POINT('',(1.5,2.4,-2.1));
#5801 = SEAM_CURVE('',#5802,(#5806,#5812),.PCURVE_S1.);
#5802 = LINE('',#5803,#5804);
#5803 = CARTESIAN_POINT('',(1.5,2.4,-2.7));
#5804 = VECTOR('',#5805,1.);
#5805 = DIRECTION('',(0.,0.,1.));
#5806 = PCURVE('',#4973,#5807);
#5807 = DEFINITIONAL_REPRESENTATION('',(#5808),#5811);
#5808 = B_SPLINE_CURVE_WITH_KNOTS('',1,(#5809,#5810),.UNSPECIFIED.,.F.,
  .F.,(2,2),(0.,0.6),.PIECEWISE_BEZIER_KNOTS.);
#5809 = CARTESIAN_POINT('',(0.,0.));
#5810 = CARTESIAN_POINT('',(0.,-0.6));
#5811 = ( GEOMETRIC_REPRESENTATION_CONTEXT(2) 
PARAMETRIC_REPRESENTATION_CONTEXT() REPRESENTATION_CONTEXT('2D SPACE',''
  ) );
#5812 = PCURVE('',#4973,#5813);
#5813 = DEFINITIONAL_REPRESENTATION('',(#5814),#5817);
#5814 = B_SPLINE_CURVE_WITH_KNOTS('',1,(#5815,#5816),.UNSPECIFIED.,.F.,
  .F.,(2,2),(0.,0.6),.PIECEWISE_BEZIER_KNOTS.);
#5815 = CARTESIAN_POINT('',(-6.28318530718,0.));
#5816 = CARTESIAN_POINT('',(-6.28318530718,-0.6));
#5817 = ( GEOMETRIC_REPRESENTATION_CONTEXT(2) 
PARAMETRIC_REPRESENTATION_CONTEXT() REPRESENTATION_CONTEXT('2D SPACE',''
  ) );
#5818 = ORIENTED_EDGE('',*,*,#5819,.T.);
#5819 = EDGE_CURVE('',#5799,#5799,#5820,.T.);
#5820 = SURFACE_CURVE('',#5821,(#5826,#5832),.PCURVE_S1.);
#5821 = CIRCLE('',#5822,0.3);
#5822 = AXIS2_PLACEMENT_3D('',#5823,#5824,#5825);
#5823 = CARTESIAN_POINT('',(1.2,2.4,-2.1));
#5824 = DIRECTION('',(0.,0.,1.));
#5825 = DIRECTION('',(1.,0.,0.));
#5826 = PCURVE('',#4973,#5827);
#5827 = DEFINITIONAL_REPRESENTATION('',(#5828),#5831);
#5828 = B_SPLINE_CURVE_WITH_KNOTS('',1,(#5829,#5830),.UNSPECIFIED.,.F.,
  .F.,(2,2),(0.,6.28318530718),.PIECEWISE_BEZIER_KNOTS.);
#5829 = CARTESIAN_POINT('',(0.,-0.6));
#5830 = CARTESIAN_POINT('',(-6.28318530718,-0.6));
#5831 = ( GEOMETRIC_REPRESENTATION_CONTEXT(2) 
PARAMETRIC_REPRESENTATION_CONTEXT() REPRESENTATION_CONTEXT('2D SPACE',''
  ) );
#5832 = PCURVE('',#5833,#5838);
#5833 = PLANE('',#5834);
#5834 = AXIS2_PLACEMENT_3D('',#5835,#5836,#5837);
#5835 = CARTESIAN_POINT('',(1.2,2.4,-2.1));
#5836 = DIRECTION('',(0.,0.,1.));
#5837 = DIRECTION('',(1.,0.,-0.));
#5838 = DEFINITIONAL_REPRESENTATION('',(#5839),#5843);
#5839 = CIRCLE('',#5840,0.3);
#5840 = AXIS2_PLACEMENT_2D('',#5841,#5842);
#5841 = CARTESIAN_POINT('',(0.,0.));
#5842 = DIRECTION('',(1.,0.));
#5843 = ( GEOMETRIC_REPRESENTATION_CONTEXT(2) 
PARAMETRIC_REPRESENTATION_CONTEXT() REPRESENTATION_CONTEXT('2D SPACE',''
  ) );
#5844 = ORIENTED_EDGE('',*,*,#5798,.F.);
#5845 = ORIENTED_EDGE('',*,*,#4956,.F.);
#5846 = ADVANCED_FACE('',(#5847),#5003,.T.);
#5847 = FACE_BOUND('',#5848,.F.);
#5848 = EDGE_LOOP('',(#5849,#5870,#5896,#5897));
#5849 = ORIENTED_EDGE('',*,*,#5850,.T.);
#5850 = EDGE_CURVE('',#4987,#5851,#5853,.T.);
#5851 = VERTEX_POINT('',#5852);
#5852 = CARTESIAN_POINT('',(7.1,0.,-2.1));
#5853 = SEAM_CURVE('',#5854,(#5858,#5864),.PCURVE_S1.);
#5854 = LINE('',#5855,#5856);
#5855 = CARTESIAN_POINT('',(7.1,0.,-2.7));
#5856 = VECTOR('',#5857,1.);
#5857 = DIRECTION('',(0.,0.,1.));
#5858 = PCURVE('',#5003,#5859);
#5859 = DEFINITIONAL_REPRESENTATION('',(#5860),#5863);
#5860 = B_SPLINE_CURVE_WITH_KNOTS('',1,(#5861,#5862),.UNSPECIFIED.,.F.,
  .F.,(2,2),(0.,0.6),.PIECEWISE_BEZIER_KNOTS.);
#5861 = CARTESIAN_POINT('',(0.,0.));
#5862 = CARTESIAN_POINT('',(0.,-0.6));
#5863 = ( GEOMETRIC_REPRESENTATION_CONTEXT(2) 
PARAMETRIC_REPRESENTATION_CONTEXT() REPRESENTATION_CONTEXT('2D SPACE',''
  ) );
#5864 = PCURVE('',#5003,#5865);
#5865 = DEFINITIONAL_REPRESENTATION('',(#5866),#5869);
#5866 = B_SPLINE_CURVE_WITH_KNOTS('',1,(#5867,#5868),.UNSPECIFIED.,.F.,
  .F.,(2,2),(0.,0.6),.PIECEWISE_BEZIER_KNOTS.);
#5867 = CARTESIAN_POINT('',(-6.28318530718,0.));
#5868 = CARTESIAN_POINT('',(-6.28318530718,-0.6));
#5869 = ( GEOMETRIC_REPRESENTATION_CONTEXT(2) 
PARAMETRIC_REPRESENTATION_CONTEXT() REPRESENTATION_CONTEXT('2D SPACE',''
  ) );
#5870 = ORIENTED_EDGE('',*,*,#5871,.T.);
#5871 = EDGE_CURVE('',#5851,#5851,#5872,.T.);
#5872 = SURFACE_CURVE('',#5873,(#5878,#5884),.PCURVE_S1.);
#5873 = CIRCLE('',#5874,0.3);
#5874 = AXIS2_PLACEMENT_3D('',#5875,#5876,#5877);
#5875 = CARTESIAN_POINT('',(6.8,0.,-2.1));
#5876 = DIRECTION('',(0.,0.,1.));
#5877 = DIRECTION('',(1.,0.,0.));
#5878 = PCURVE('',#5003,#5879);
#5879 = DEFINITIONAL_REPRESENTATION('',(#5880),#5883);
#5880 = B_SPLINE_CURVE_WITH_KNOTS('',1,(#5881,#5882),.UNSPECIFIED.,.F.,
  .F.,(2,2),(0.,6.28318530718),.PIECEWISE_BEZIER_KNOTS.);
#5881 = CARTESIAN_POINT('',(0.,-0.6));
#5882 = CARTESIAN_POINT('',(-6.28318530718,-0.6));
#5883 = ( GEOMETRIC_REPRESENTATION_CONTEXT(2) 
PARAMETRIC_REPRESENTATION_CONTEXT() REPRESENTATION_CONTEXT('2D SPACE',''
  ) );
#5884 = PCURVE('',#5885,#5890);
#5885 = PLANE('',#5886);
#5886 = AXIS2_PLACEMENT_3D('',#5887,#5888,#5889);
#5887 = CARTESIAN_POINT('',(6.8,-8.51133553645E-19,-2.1));
#5888 = DIRECTION('',(0.,0.,1.));
#5889 = DIRECTION('',(1.,0.,-0.));
#5890 = DEFINITIONAL_REPRESENTATION('',(#5891),#5895);
#5891 = CIRCLE('',#5892,0.3);
#5892 = AXIS2_PLACEMENT_2D('',#5893,#5894);
#5893 = CARTESIAN_POINT('',(0.,8.51133553645E-19));
#5894 = DIRECTION('',(1.,0.));
#5895 = ( GEOMETRIC_REPRESENTATION_CONTEXT(2) 
PARAMETRIC_REPRESENTATION_CONTEXT() REPRESENTATION_CONTEXT('2D SPACE',''
  ) );
#5896 = ORIENTED_EDGE('',*,*,#5850,.F.);
#5897 = ORIENTED_EDGE('',*,*,#4986,.F.);
#5898 = ADVANCED_FACE('',(#5899),#5033,.T.);
#5899 = FACE_BOUND('',#5900,.F.);
#5900 = EDGE_LOOP('',(#5901,#5922,#5948,#5949));
#5901 = ORIENTED_EDGE('',*,*,#5902,.T.);
#5902 = EDGE_CURVE('',#5017,#5903,#5905,.T.);
#5903 = VERTEX_POINT('',#5904);
#5904 = CARTESIAN_POINT('',(7.1,2.4,-2.1));
#5905 = SEAM_CURVE('',#5906,(#5910,#5916),.PCURVE_S1.);
#5906 = LINE('',#5907,#5908);
#5907 = CARTESIAN_POINT('',(7.1,2.4,-2.7));
#5908 = VECTOR('',#5909,1.);
#5909 = DIRECTION('',(0.,0.,1.));
#5910 = PCURVE('',#5033,#5911);
#5911 = DEFINITIONAL_REPRESENTATION('',(#5912),#5915);
#5912 = B_SPLINE_CURVE_WITH_KNOTS('',1,(#5913,#5914),.UNSPECIFIED.,.F.,
  .F.,(2,2),(0.,0.6),.PIECEWISE_BEZIER_KNOTS.);
#5913 = CARTESIAN_POINT('',(0.,0.));
#5914 = CARTESIAN_POINT('',(0.,-0.6));
#5915 = ( GEOMETRIC_REPRESENTATION_CONTEXT(2) 
PARAMETRIC_REPRESENTATION_CONTEXT() REPRESENTATION_CONTEXT('2D SPACE',''
  ) );
#5916 = PCURVE('',#5033,#5917);
#5917 = DEFINITIONAL_REPRESENTATION('',(#5918),#5921);
#5918 = B_SPLINE_CURVE_WITH_KNOTS('',1,(#5919,#5920),.UNSPECIFIED.,.F.,
  .F.,(2,2),(0.,0.6),.PIECEWISE_BEZIER_KNOTS.);
#5919 = CARTESIAN_POINT('',(-6.28318530718,0.));
#5920 = CARTESIAN_POINT('',(-6.28318530718,-0.6));
#5921 = ( GEOMETRIC_REPRESENTATION_CONTEXT(2) 
PARAMETRIC_REPRESENTATION_CONTEXT() REPRESENTATION_CONTEXT('2D SPACE',''
  ) );
#5922 = ORIENTED_EDGE('',*,*,#5923,.T.);
#5923 = EDGE_CURVE('',#5903,#5903,#5924,.T.);
#5924 = SURFACE_CURVE('',#5925,(#5930,#5936),.PCURVE_S1.);
#5925 = CIRCLE('',#5926,0.3);
#5926 = AXIS2_PLACEMENT_3D('',#5927,#5928,#5929);
#5927 = CARTESIAN_POINT('',(6.8,2.4,-2.1));
#5928 = DIRECTION('',(0.,0.,1.));
#5929 = DIRECTION('',(1.,0.,0.));
#5930 = PCURVE('',#5033,#5931);
#5931 = DEFINITIONAL_REPRESENTATION('',(#5932),#5935);
#5932 = B_SPLINE_CURVE_WITH_KNOTS('',1,(#5933,#5934),.UNSPECIFIED.,.F.,
  .F.,(2,2),(0.,6.28318530718),.PIECEWISE_BEZIER_KNOTS.);
#5933 = CARTESIAN_POINT('',(0.,-0.6));
#5934 = CARTESIAN_POINT('',(-6.28318530718,-0.6));
#5935 = ( GEOMETRIC_REPRESENTATION_CONTEXT(2) 
PARAMETRIC_REPRESENTATION_CONTEXT() REPRESENTATION_CONTEXT('2D SPACE',''
  ) );
#5936 = PCURVE('',#5937,#5942);
#5937 = PLANE('',#5938);
#5938 = AXIS2_PLACEMENT_3D('',#5939,#5940,#5941);
#5939 = CARTESIAN_POINT('',(6.8,2.4,-2.1));
#5940 = DIRECTION('',(0.,0.,1.));
#5941 = DIRECTION('',(1.,0.,-0.));
#5942 = DEFINITIONAL_REPRESENTATION('',(#5943),#5947);
#5943 = CIRCLE('',#5944,0.3);
#5944 = AXIS2_PLACEMENT_2D('',#5945,#5946);
#5945 = CARTESIAN_POINT('',(0.,0.));
#5946 = DIRECTION('',(1.,0.));
#5947 = ( GEOMETRIC_REPRESENTATION_CONTEXT(2) 
PARAMETRIC_REPRESENTATION_CONTEXT() REPRESENTATION_CONTEXT('2D SPACE',''
  ) );
#5948 = ORIENTED_EDGE('',*,*,#5902,.F.);
#5949 = ORIENTED_EDGE('',*,*,#5016,.F.);
#5950 = ADVANCED_FACE('',(#5951),#5063,.T.);
#5951 = FACE_BOUND('',#5952,.F.);
#5952 = EDGE_LOOP('',(#5953,#5974,#6000,#6001));
#5953 = ORIENTED_EDGE('',*,*,#5954,.T.);
#5954 = EDGE_CURVE('',#5047,#5955,#5957,.T.);
#5955 = VERTEX_POINT('',#5956);
#5956 = CARTESIAN_POINT('',(6.9,5.,3.));
#5957 = SEAM_CURVE('',#5958,(#5962,#5968),.PCURVE_S1.);
#5958 = LINE('',#5959,#5960);
#5959 = CARTESIAN_POINT('',(6.9,5.,-2.7));
#5960 = VECTOR('',#5961,1.);
#5961 = DIRECTION('',(0.,0.,1.));
#5962 = PCURVE('',#5063,#5963);
#5963 = DEFINITIONAL_REPRESENTATION('',(#5964),#5967);
#5964 = B_SPLINE_CURVE_WITH_KNOTS('',1,(#5965,#5966),.UNSPECIFIED.,.F.,
  .F.,(2,2),(0.,5.7),.PIECEWISE_BEZIER_KNOTS.);
#5965 = CARTESIAN_POINT('',(0.,0.));
#5966 = CARTESIAN_POINT('',(0.,-5.7));
#5967 = ( GEOMETRIC_REPRESENTATION_CONTEXT(2) 
PARAMETRIC_REPRESENTATION_CONTEXT() REPRESENTATION_CONTEXT('2D SPACE',''
  ) );
#5968 = PCURVE('',#5063,#5969);
#5969 = DEFINITIONAL_REPRESENTATION('',(#5970),#5973);
#5970 = B_SPLINE_CURVE_WITH_KNOTS('',1,(#5971,#5972),.UNSPECIFIED.,.F.,
  .F.,(2,2),(0.,5.7),.PIECEWISE_BEZIER_KNOTS.);
#5971 = CARTESIAN_POINT('',(-6.28318530718,0.));
#5972 = CARTESIAN_POINT('',(-6.28318530718,-5.7));
#5973 = ( GEOMETRIC_REPRESENTATION_CONTEXT(2) 
PARAMETRIC_REPRESENTATION_CONTEXT() REPRESENTATION_CONTEXT('2D SPACE',''
  ) );
#5974 = ORIENTED_EDGE('',*,*,#5975,.T.);
#5975 = EDGE_CURVE('',#5955,#5955,#5976,.T.);
#5976 = SURFACE_CURVE('',#5977,(#5982,#5988),.PCURVE_S1.);
#5977 = CIRCLE('',#5978,0.4);
#5978 = AXIS2_PLACEMENT_3D('',#5979,#5980,#5981);
#5979 = CARTESIAN_POINT('',(6.5,5.,3.));
#5980 = DIRECTION('',(0.,0.,1.));
#5981 = DIRECTION('',(1.,0.,0.));
#5982 = PCURVE('',#5063,#5983);
#5983 = DEFINITIONAL_REPRESENTATION('',(#5984),#5987);
#5984 = B_SPLINE_CURVE_WITH_KNOTS('',1,(#5985,#5986),.UNSPECIFIED.,.F.,
  .F.,(2,2),(0.,6.28318530718),.PIECEWISE_BEZIER_KNOTS.);
#5985 = CARTESIAN_POINT('',(0.,-5.7));
#5986 = CARTESIAN_POINT('',(-6.28318530718,-5.7));
#5987 = ( GEOMETRIC_REPRESENTATION_CONTEXT(2) 
PARAMETRIC_REPRESENTATION_CONTEXT() REPRESENTATION_CONTEXT('2D SPACE',''
  ) );
#5988 = PCURVE('',#5989,#5994);
#5989 = PLANE('',#5990);
#5990 = AXIS2_PLACEMENT_3D('',#5991,#5992,#5993);
#5991 = CARTESIAN_POINT('',(6.5,5.,3.));
#5992 = DIRECTION('',(0.,0.,1.));
#5993 = DIRECTION('',(1.,0.,-0.));
#5994 = DEFINITIONAL_REPRESENTATION('',(#5995),#5999);
#5995 = CIRCLE('',#5996,0.4);
#5996 = AXIS2_PLACEMENT_2D('',#5997,#5998);
#5997 = CARTESIAN_POINT('',(0.,-8.881784197001E-16));
#5998 = DIRECTION('',(1.,0.));
#5999 = ( GEOMETRIC_REPRESENTATION_CONTEXT(2) 
PARAMETRIC_REPRESENTATION_CONTEXT() REPRESENTATION_CONTEXT('2D SPACE',''
  ) );
#6000 = ORIENTED_EDGE('',*,*,#5954,.F.);
#6001 = ORIENTED_EDGE('',*,*,#5046,.F.);
#6002 = ADVANCED_FACE('',(#6003,#6006),#5112,.T.);
#6003 = FACE_BOUND('',#6004,.T.);
#6004 = EDGE_LOOP('',(#6005));
#6005 = ORIENTED_EDGE('',*,*,#5098,.T.);
#6006 = FACE_BOUND('',#6007,.T.);
#6007 = EDGE_LOOP('',(#6008));
#6008 = ORIENTED_EDGE('',*,*,#6009,.F.);
#6009 = EDGE_CURVE('',#6010,#6010,#6012,.T.);
#6010 = VERTEX_POINT('',#6011);
#6011 = CARTESIAN_POINT('',(-6.37,-5.,3.));
#6012 = SURFACE_CURVE('',#6013,(#6018,#6025),.PCURVE_S1.);
#6013 = CIRCLE('',#6014,0.13);
#6014 = AXIS2_PLACEMENT_3D('',#6015,#6016,#6017);
#6015 = CARTESIAN_POINT('',(-6.5,-5.,3.));
#6016 = DIRECTION('',(0.,0.,1.));
#6017 = DIRECTION('',(1.,0.,0.));
#6018 = PCURVE('',#5112,#6019);
#6019 = DEFINITIONAL_REPRESENTATION('',(#6020),#6024);
#6020 = CIRCLE('',#6021,0.13);
#6021 = AXIS2_PLACEMENT_2D('',#6022,#6023);
#6022 = CARTESIAN_POINT('',(0.,0.));
#6023 = DIRECTION('',(1.,0.));
#6024 = ( GEOMETRIC_REPRESENTATION_CONTEXT(2) 
PARAMETRIC_REPRESENTATION_CONTEXT() REPRESENTATION_CONTEXT('2D SPACE',''
  ) );
#6025 = PCURVE('',#6026,#6031);
#6026 = CYLINDRICAL_SURFACE('',#6027,0.13);
#6027 = AXIS2_PLACEMENT_3D('',#6028,#6029,#6030);
#6028 = CARTESIAN_POINT('',(-6.5,-5.,3.));
#6029 = DIRECTION('',(0.,0.,1.));
#6030 = DIRECTION('',(1.,0.,0.));
#6031 = DEFINITIONAL_REPRESENTATION('',(#6032),#6035);
#6032 = B_SPLINE_CURVE_WITH_KNOTS('',1,(#6033,#6034),.UNSPECIFIED.,.F.,
  .F.,(2,2),(0.,6.28318530718),.PIECEWISE_BEZIER_KNOTS.);
#6033 = CARTESIAN_POINT('',(0.,0.));
#6034 = CARTESIAN_POINT('',(6.28318530718,0.));
#6035 = ( GEOMETRIC_REPRESENTATION_CONTEXT(2) 
PARAMETRIC_REPRESENTATION_CONTEXT() REPRESENTATION_CONTEXT('2D SPACE',''
  ) );
#6036 = ADVANCED_FACE('',(#6037),#5168,.T.);
#6037 = FACE_BOUND('',#6038,.T.);
#6038 = EDGE_LOOP('',(#6039,#6040,#6041,#6042));
#6039 = ORIENTED_EDGE('',*,*,#5152,.T.);
#6040 = ORIENTED_EDGE('',*,*,#5206,.T.);
#6041 = ORIENTED_EDGE('',*,*,#5255,.T.);
#6042 = ORIENTED_EDGE('',*,*,#5304,.T.);
#6043 = ADVANCED_FACE('',(#6044,#6047),#5365,.T.);
#6044 = FACE_BOUND('',#6045,.T.);
#6045 = EDGE_LOOP('',(#6046));
#6046 = ORIENTED_EDGE('',*,*,#5351,.T.);
#6047 = FACE_BOUND('',#6048,.T.);
#6048 = EDGE_LOOP('',(#6049));
#6049 = ORIENTED_EDGE('',*,*,#6050,.F.);
#6050 = EDGE_CURVE('',#6051,#6051,#6053,.T.);
#6051 = VERTEX_POINT('',#6052);
#6052 = CARTESIAN_POINT('',(-6.67,-0.2,-2.1));
#6053 = SURFACE_CURVE('',#6054,(#6059,#6066),.PCURVE_S1.);
#6054 = CIRCLE('',#6055,0.13);
#6055 = AXIS2_PLACEMENT_3D('',#6056,#6057,#6058);
#6056 = CARTESIAN_POINT('',(-6.8,-0.2,-2.1));
#6057 = DIRECTION('',(0.,0.,1.));
#6058 = DIRECTION('',(1.,0.,0.));
#6059 = PCURVE('',#5365,#6060);
#6060 = DEFINITIONAL_REPRESENTATION('',(#6061),#6065);
#6061 = CIRCLE('',#6062,0.13);
#6062 = AXIS2_PLACEMENT_2D('',#6063,#6064);
#6063 = CARTESIAN_POINT('',(0.,0.));
#6064 = DIRECTION('',(1.,0.));
#6065 = ( GEOMETRIC_REPRESENTATION_CONTEXT(2) 
PARAMETRIC_REPRESENTATION_CONTEXT() REPRESENTATION_CONTEXT('2D SPACE',''
  ) );
#6066 = PCURVE('',#6067,#6072);
#6067 = CYLINDRICAL_SURFACE('',#6068,0.13);
#6068 = AXIS2_PLACEMENT_3D('',#6069,#6070,#6071);
#6069 = CARTESIAN_POINT('',(-6.8,-0.2,-2.1));
#6070 = DIRECTION('',(0.,0.,1.));
#6071 = DIRECTION('',(1.,0.,0.));
#6072 = DEFINITIONAL_REPRESENTATION('',(#6073),#6076);
#6073 = B_SPLINE_CURVE_WITH_KNOTS('',1,(#6074,#6075),.UNSPECIFIED.,.F.,
  .F.,(2,2),(0.,6.28318530718),.PIECEWISE_BEZIER_KNOTS.);
#6074 = CARTESIAN_POINT('',(0.,0.));
#6075 = CARTESIAN_POINT('',(6.28318530718,0.));
#6076 = ( GEOMETRIC_REPRESENTATION_CONTEXT(2) 
PARAMETRIC_REPRESENTATION_CONTEXT() REPRESENTATION_CONTEXT('2D SPACE',''
  ) );
#6077 = ADVANCED_FACE('',(#6078,#6081),#5417,.T.);
#6078 = FACE_BOUND('',#6079,.T.);
#6079 = EDGE_LOOP('',(#6080));
#6080 = ORIENTED_EDGE('',*,*,#5403,.T.);
#6081 = FACE_BOUND('',#6082,.T.);
#6082 = EDGE_LOOP('',(#6083));
#6083 = ORIENTED_EDGE('',*,*,#6084,.F.);
#6084 = EDGE_CURVE('',#6085,#6085,#6087,.T.);
#6085 = VERTEX_POINT('',#6086);
#6086 = CARTESIAN_POINT('',(-1.47,-0.2,-2.1));
#6087 = SURFACE_CURVE('',#6088,(#6093,#6100),.PCURVE_S1.);
#6088 = CIRCLE('',#6089,0.13);
#6089 = AXIS2_PLACEMENT_3D('',#6090,#6091,#6092);
#6090 = CARTESIAN_POINT('',(-1.6,-0.2,-2.1));
#6091 = DIRECTION('',(0.,0.,1.));
#6092 = DIRECTION('',(1.,0.,0.));
#6093 = PCURVE('',#5417,#6094);
#6094 = DEFINITIONAL_REPRESENTATION('',(#6095),#6099);
#6095 = CIRCLE('',#6096,0.13);
#6096 = AXIS2_PLACEMENT_2D('',#6097,#6098);
#6097 = CARTESIAN_POINT('',(0.,0.));
#6098 = DIRECTION('',(1.,0.));
#6099 = ( GEOMETRIC_REPRESENTATION_CONTEXT(2) 
PARAMETRIC_REPRESENTATION_CONTEXT() REPRESENTATION_CONTEXT('2D SPACE',''
  ) );
#6100 = PCURVE('',#6101,#6106);
#6101 = CYLINDRICAL_SURFACE('',#6102,0.13);
#6102 = AXIS2_PLACEMENT_3D('',#6103,#6104,#6105);
#6103 = CARTESIAN_POINT('',(-1.6,-0.2,-2.1));
#6104 = DIRECTION('',(0.,0.,1.));
#6105 = DIRECTION('',(1.,0.,0.));
#6106 = DEFINITIONAL_REPRESENTATION('',(#6107),#6110);
#6107 = B_SPLINE_CURVE_WITH_KNOTS('',1,(#6108,#6109),.UNSPECIFIED.,.F.,
  .F.,(2,2),(0.,6.28318530718),.PIECEWISE_BEZIER_KNOTS.);
#6108 = CARTESIAN_POINT('',(0.,0.));
#6109 = CARTESIAN_POINT('',(6.28318530718,0.));
#6110 = ( GEOMETRIC_REPRESENTATION_CONTEXT(2) 
PARAMETRIC_REPRESENTATION_CONTEXT() REPRESENTATION_CONTEXT('2D SPACE',''
  ) );
#6111 = ADVANCED_FACE('',(#6112,#6115),#5469,.T.);
#6112 = FACE_BOUND('',#6113,.T.);
#6113 = EDGE_LOOP('',(#6114));
#6114 = ORIENTED_EDGE('',*,*,#5455,.T.);
#6115 = FACE_BOUND('',#6116,.T.);
#6116 = EDGE_LOOP('',(#6117));
#6117 = ORIENTED_EDGE('',*,*,#6118,.F.);
#6118 = EDGE_CURVE('',#6119,#6119,#6121,.T.);
#6119 = VERTEX_POINT('',#6120);
#6120 = CARTESIAN_POINT('',(6.63,-5.,3.));
#6121 = SURFACE_CURVE('',#6122,(#6127,#6134),.PCURVE_S1.);
#6122 = CIRCLE('',#6123,0.13);
#6123 = AXIS2_PLACEMENT_3D('',#6124,#6125,#6126);
#6124 = CARTESIAN_POINT('',(6.5,-5.,3.));
#6125 = DIRECTION('',(0.,0.,1.));
#6126 = DIRECTION('',(1.,0.,0.));
#6127 = PCURVE('',#5469,#6128);
#6128 = DEFINITIONAL_REPRESENTATION('',(#6129),#6133);
#6129 = CIRCLE('',#6130,0.13);
#6130 = AXIS2_PLACEMENT_2D('',#6131,#6132);
#6131 = CARTESIAN_POINT('',(0.,0.));
#6132 = DIRECTION('',(1.,0.));
#6133 = ( GEOMETRIC_REPRESENTATION_CONTEXT(2) 
PARAMETRIC_REPRESENTATION_CONTEXT() REPRESENTATION_CONTEXT('2D SPACE',''
  ) );
#6134 = PCURVE('',#6135,#6140);
#6135 = CYLINDRICAL_SURFACE('',#6136,0.13);
#6136 = AXIS2_PLACEMENT_3D('',#6137,#6138,#6139);
#6137 = CARTESIAN_POINT('',(6.5,-5.,3.));
#6138 = DIRECTION('',(0.,0.,1.));
#6139 = DIRECTION('',(1.,0.,0.));
#6140 = DEFINITIONAL_REPRESENTATION('',(#6141),#6144);
#6141 = B_SPLINE_CURVE_WITH_KNOTS('',1,(#6142,#6143),.UNSPECIFIED.,.F.,
  .F.,(2,2),(0.,6.28318530718),.PIECEWISE_BEZIER_KNOTS.);
#6142 = CARTESIAN_POINT('',(0.,0.));
#6143 = CARTESIAN_POINT('',(6.28318530718,0.));
#6144 = ( GEOMETRIC_REPRESENTATION_CONTEXT(2) 
PARAMETRIC_REPRESENTATION_CONTEXT() REPRESENTATION_CONTEXT('2D SPACE',''
  ) );
#6145 = ADVANCED_FACE('',(#6146,#6149),#5521,.T.);
#6146 = FACE_BOUND('',#6147,.T.);
#6147 = EDGE_LOOP('',(#6148));
#6148 = ORIENTED_EDGE('',*,*,#5507,.T.);
#6149 = FACE_BOUND('',#6150,.T.);
#6150 = EDGE_LOOP('',(#6151));
#6151 = ORIENTED_EDGE('',*,*,#6152,.F.);
#6152 = EDGE_CURVE('',#6153,#6153,#6155,.T.);
#6153 = VERTEX_POINT('',#6154);
#6154 = CARTESIAN_POINT('',(-6.67,2.6,-2.1));
#6155 = SURFACE_CURVE('',#6156,(#6161,#6168),.PCURVE_S1.);
#6156 = CIRCLE('',#6157,0.13);
#6157 = AXIS2_PLACEMENT_3D('',#6158,#6159,#6160);
#6158 = CARTESIAN_POINT('',(-6.8,2.6,-2.1));
#6159 = DIRECTION('',(0.,0.,1.));
#6160 = DIRECTION('',(1.,0.,0.));
#6161 = PCURVE('',#5521,#6162);
#6162 = DEFINITIONAL_REPRESENTATION('',(#6163),#6167);
#6163 = CIRCLE('',#6164,0.13);
#6164 = AXIS2_PLACEMENT_2D('',#6165,#6166);
#6165 = CARTESIAN_POINT('',(0.,0.));
#6166 = DIRECTION('',(1.,0.));
#6167 = ( GEOMETRIC_REPRESENTATION_CONTEXT(2) 
PARAMETRIC_REPRESENTATION_CONTEXT() REPRESENTATION_CONTEXT('2D SPACE',''
  ) );
#6168 = PCURVE('',#6169,#6174);
#6169 = CYLINDRICAL_SURFACE('',#6170,0.13);
#6170 = AXIS2_PLACEMENT_3D('',#6171,#6172,#6173);
#6171 = CARTESIAN_POINT('',(-6.8,2.6,-2.1));
#6172 = DIRECTION('',(0.,0.,1.));
#6173 = DIRECTION('',(1.,0.,0.));
#6174 = DEFINITIONAL_REPRESENTATION('',(#6175),#6178);
#6175 = B_SPLINE_CURVE_WITH_KNOTS('',1,(#6176,#6177),.UNSPECIFIED.,.F.,
  .F.,(2,2),(0.,6.28318530718),.PIECEWISE_BEZIER_KNOTS.);
#6176 = CARTESIAN_POINT('',(0.,0.));
#6177 = CARTESIAN_POINT('',(6.28318530718,0.));
#6178 = ( GEOMETRIC_REPRESENTATION_CONTEXT(2) 
PARAMETRIC_REPRESENTATION_CONTEXT() REPRESENTATION_CONTEXT('2D SPACE',''
  ) );
#6179 = ADVANCED_FACE('',(#6180,#6183),#5573,.T.);
#6180 = FACE_BOUND('',#6181,.T.);
#6181 = EDGE_LOOP('',(#6182));
#6182 = ORIENTED_EDGE('',*,*,#5559,.T.);
#6183 = FACE_BOUND('',#6184,.T.);
#6184 = EDGE_LOOP('',(#6185));
#6185 = ORIENTED_EDGE('',*,*,#6186,.F.);
#6186 = EDGE_CURVE('',#6187,#6187,#6189,.T.);
#6187 = VERTEX_POINT('',#6188);
#6188 = CARTESIAN_POINT('',(-1.09,2.,-2.1));
#6189 = SURFACE_CURVE('',#6190,(#6195,#6202),.PCURVE_S1.);
#6190 = CIRCLE('',#6191,0.11);
#6191 = AXIS2_PLACEMENT_3D('',#6192,#6193,#6194);
#6192 = CARTESIAN_POINT('',(-1.2,2.,-2.1));
#6193 = DIRECTION('',(0.,0.,1.));
#6194 = DIRECTION('',(1.,0.,0.));
#6195 = PCURVE('',#5573,#6196);
#6196 = DEFINITIONAL_REPRESENTATION('',(#6197),#6201);
#6197 = CIRCLE('',#6198,0.11);
#6198 = AXIS2_PLACEMENT_2D('',#6199,#6200);
#6199 = CARTESIAN_POINT('',(0.,0.));
#6200 = DIRECTION('',(1.,0.));
#6201 = ( GEOMETRIC_REPRESENTATION_CONTEXT(2) 
PARAMETRIC_REPRESENTATION_CONTEXT() REPRESENTATION_CONTEXT('2D SPACE',''
  ) );
#6202 = PCURVE('',#6203,#6208);
#6203 = CYLINDRICAL_SURFACE('',#6204,0.11);
#6204 = AXIS2_PLACEMENT_3D('',#6205,#6206,#6207);
#6205 = CARTESIAN_POINT('',(-1.2,2.,-2.1));
#6206 = DIRECTION('',(0.,0.,1.));
#6207 = DIRECTION('',(1.,0.,0.));
#6208 = DEFINITIONAL_REPRESENTATION('',(#6209),#6212);
#6209 = B_SPLINE_CURVE_WITH_KNOTS('',1,(#6210,#6211),.UNSPECIFIED.,.F.,
  .F.,(2,2),(0.,6.28318530718),.PIECEWISE_BEZIER_KNOTS.);
#6210 = CARTESIAN_POINT('',(0.,0.));
#6211 = CARTESIAN_POINT('',(6.28318530718,0.));
#6212 = ( GEOMETRIC_REPRESENTATION_CONTEXT(2) 
PARAMETRIC_REPRESENTATION_CONTEXT() REPRESENTATION_CONTEXT('2D SPACE',''
  ) );
#6213 = ADVANCED_FACE('',(#6214,#6217),#5625,.T.);
#6214 = FACE_BOUND('',#6215,.T.);
#6215 = EDGE_LOOP('',(#6216));
#6216 = ORIENTED_EDGE('',*,*,#5611,.T.);
#6217 = FACE_BOUND('',#6218,.T.);
#6218 = EDGE_LOOP('',(#6219));
#6219 = ORIENTED_EDGE('',*,*,#6220,.F.);
#6220 = EDGE_CURVE('',#6221,#6221,#6223,.T.);
#6221 = VERTEX_POINT('',#6222);
#6222 = CARTESIAN_POINT('',(-1.47,2.6,-2.1));
#6223 = SURFACE_CURVE('',#6224,(#6229,#6236),.PCURVE_S1.);
#6224 = CIRCLE('',#6225,0.13);
#6225 = AXIS2_PLACEMENT_3D('',#6226,#6227,#6228);
#6226 = CARTESIAN_POINT('',(-1.6,2.6,-2.1));
#6227 = DIRECTION('',(0.,0.,1.));
#6228 = DIRECTION('',(1.,0.,0.));
#6229 = PCURVE('',#5625,#6230);
#6230 = DEFINITIONAL_REPRESENTATION('',(#6231),#6235);
#6231 = CIRCLE('',#6232,0.13);
#6232 = AXIS2_PLACEMENT_2D('',#6233,#6234);
#6233 = CARTESIAN_POINT('',(0.,0.));
#6234 = DIRECTION('',(1.,0.));
#6235 = ( GEOMETRIC_REPRESENTATION_CONTEXT(2) 
PARAMETRIC_REPRESENTATION_CONTEXT() REPRESENTATION_CONTEXT('2D SPACE',''
  ) );
#6236 = PCURVE('',#6237,#6242);
#6237 = CYLINDRICAL_SURFACE('',#6238,0.13);
#6238 = AXIS2_PLACEMENT_3D('',#6239,#6240,#6241);
#6239 = CARTESIAN_POINT('',(-1.6,2.6,-2.1));
#6240 = DIRECTION('',(0.,0.,1.));
#6241 = DIRECTION('',(1.,0.,0.));
#6242 = DEFINITIONAL_REPRESENTATION('',(#6243),#6246);
#6243 = B_SPLINE_CURVE_WITH_KNOTS('',1,(#6244,#6245),.UNSPECIFIED.,.F.,
  .F.,(2,2),(0.,6.28318530718),.PIECEWISE_BEZIER_KNOTS.);
#6244 = CARTESIAN_POINT('',(0.,0.));
#6245 = CARTESIAN_POINT('',(6.28318530718,0.));
#6246 = ( GEOMETRIC_REPRESENTATION_CONTEXT(2) 
PARAMETRIC_REPRESENTATION_CONTEXT() REPRESENTATION_CONTEXT('2D SPACE',''
  ) );
#6247 = ADVANCED_FACE('',(#6248,#6251),#5677,.T.);
#6248 = FACE_BOUND('',#6249,.T.);
#6249 = EDGE_LOOP('',(#6250));
#6250 = ORIENTED_EDGE('',*,*,#5663,.T.);
#6251 = FACE_BOUND('',#6252,.T.);
#6252 = EDGE_LOOP('',(#6253));
#6253 = ORIENTED_EDGE('',*,*,#6254,.F.);
#6254 = EDGE_CURVE('',#6255,#6255,#6257,.T.);
#6255 = VERTEX_POINT('',#6256);
#6256 = CARTESIAN_POINT('',(-6.37,5.,3.));
#6257 = SURFACE_CURVE('',#6258,(#6263,#6270),.PCURVE_S1.);
#6258 = CIRCLE('',#6259,0.13);
#6259 = AXIS2_PLACEMENT_3D('',#6260,#6261,#6262);
#6260 = CARTESIAN_POINT('',(-6.5,5.,3.));
#6261 = DIRECTION('',(0.,0.,1.));
#6262 = DIRECTION('',(1.,0.,0.));
#6263 = PCURVE('',#5677,#6264);
#6264 = DEFINITIONAL_REPRESENTATION('',(#6265),#6269);
#6265 = CIRCLE('',#6266,0.13);
#6266 = AXIS2_PLACEMENT_2D('',#6267,#6268);
#6267 = CARTESIAN_POINT('',(0.,-8.881784197001E-16));
#6268 = DIRECTION('',(1.,0.));
#6269 = ( GEOMETRIC_REPRESENTATION_CONTEXT(2) 
PARAMETRIC_REPRESENTATION_CONTEXT() REPRESENTATION_CONTEXT('2D SPACE',''
  ) );
#6270 = PCURVE('',#6271,#6276);
#6271 = CYLINDRICAL_SURFACE('',#6272,0.13);
#6272 = AXIS2_PLACEMENT_3D('',#6273,#6274,#6275);
#6273 = CARTESIAN_POINT('',(-6.5,5.,3.));
#6274 = DIRECTION('',(0.,0.,1.));
#6275 = DIRECTION('',(1.,0.,0.));
#6276 = DEFINITIONAL_REPRESENTATION('',(#6277),#6280);
#6277 = B_SPLINE_CURVE_WITH_KNOTS('',1,(#6278,#6279),.UNSPECIFIED.,.F.,
  .F.,(2,2),(0.,6.28318530718),.PIECEWISE_BEZIER_KNOTS.);
#6278 = CARTESIAN_POINT('',(0.,0.));
#6279 = CARTESIAN_POINT('',(6.28318530718,0.));
#6280 = ( GEOMETRIC_REPRESENTATION_CONTEXT(2) 
PARAMETRIC_REPRESENTATION_CONTEXT() REPRESENTATION_CONTEXT('2D SPACE',''
  ) );
#6281 = ADVANCED_FACE('',(#6282,#6285),#5729,.T.);
#6282 = FACE_BOUND('',#6283,.T.);
#6283 = EDGE_LOOP('',(#6284));
#6284 = ORIENTED_EDGE('',*,*,#5715,.T.);
#6285 = FACE_BOUND('',#6286,.T.);
#6286 = EDGE_LOOP('',(#6287));
#6287 = ORIENTED_EDGE('',*,*,#6288,.F.);
#6288 = EDGE_CURVE('',#6289,#6289,#6291,.T.);
#6289 = VERTEX_POINT('',#6290);
#6290 = CARTESIAN_POINT('',(1.33,0.,-2.1));
#6291 = SURFACE_CURVE('',#6292,(#6297,#6304),.PCURVE_S1.);
#6292 = CIRCLE('',#6293,0.13);
#6293 = AXIS2_PLACEMENT_3D('',#6294,#6295,#6296);
#6294 = CARTESIAN_POINT('',(1.2,0.,-2.1));
#6295 = DIRECTION('',(0.,0.,1.));
#6296 = DIRECTION('',(1.,0.,0.));
#6297 = PCURVE('',#5729,#6298);
#6298 = DEFINITIONAL_REPRESENTATION('',(#6299),#6303);
#6299 = CIRCLE('',#6300,0.13);
#6300 = AXIS2_PLACEMENT_2D('',#6301,#6302);
#6301 = CARTESIAN_POINT('',(0.,8.51133553645E-19));
#6302 = DIRECTION('',(1.,0.));
#6303 = ( GEOMETRIC_REPRESENTATION_CONTEXT(2) 
PARAMETRIC_REPRESENTATION_CONTEXT() REPRESENTATION_CONTEXT('2D SPACE',''
  ) );
#6304 = PCURVE('',#6305,#6310);
#6305 = CYLINDRICAL_SURFACE('',#6306,0.13);
#6306 = AXIS2_PLACEMENT_3D('',#6307,#6308,#6309);
#6307 = CARTESIAN_POINT('',(1.2,0.,-2.1));
#6308 = DIRECTION('',(0.,0.,1.));
#6309 = DIRECTION('',(1.,0.,0.));
#6310 = DEFINITIONAL_REPRESENTATION('',(#6311),#6314);
#6311 = B_SPLINE_CURVE_WITH_KNOTS('',1,(#6312,#6313),.UNSPECIFIED.,.F.,
  .F.,(2,2),(0.,6.28318530718),.PIECEWISE_BEZIER_KNOTS.);
#6312 = CARTESIAN_POINT('',(0.,0.));
#6313 = CARTESIAN_POINT('',(6.28318530718,0.));
#6314 = ( GEOMETRIC_REPRESENTATION_CONTEXT(2) 
PARAMETRIC_REPRESENTATION_CONTEXT() REPRESENTATION_CONTEXT('2D SPACE',''
  ) );
#6315 = ADVANCED_FACE('',(#6316,#6319),#5781,.T.);
#6316 = FACE_BOUND('',#6317,.T.);
#6317 = EDGE_LOOP('',(#6318));
#6318 = ORIENTED_EDGE('',*,*,#5767,.T.);
#6319 = FACE_BOUND('',#6320,.T.);
#6320 = EDGE_LOOP('',(#6321));
#6321 = ORIENTED_EDGE('',*,*,#6322,.F.);
#6322 = EDGE_CURVE('',#6323,#6323,#6325,.T.);
#6323 = VERTEX_POINT('',#6324);
#6324 = CARTESIAN_POINT('',(0.71,2.,-2.1));
#6325 = SURFACE_CURVE('',#6326,(#6331,#6338),.PCURVE_S1.);
#6326 = CIRCLE('',#6327,0.11);
#6327 = AXIS2_PLACEMENT_3D('',#6328,#6329,#6330);
#6328 = CARTESIAN_POINT('',(0.6,2.,-2.1));
#6329 = DIRECTION('',(0.,0.,1.));
#6330 = DIRECTION('',(1.,0.,0.));
#6331 = PCURVE('',#5781,#6332);
#6332 = DEFINITIONAL_REPRESENTATION('',(#6333),#6337);
#6333 = CIRCLE('',#6334,0.11);
#6334 = AXIS2_PLACEMENT_2D('',#6335,#6336);
#6335 = CARTESIAN_POINT('',(0.,0.));
#6336 = DIRECTION('',(1.,0.));
#6337 = ( GEOMETRIC_REPRESENTATION_CONTEXT(2) 
PARAMETRIC_REPRESENTATION_CONTEXT() REPRESENTATION_CONTEXT('2D SPACE',''
  ) );
#6338 = PCURVE('',#6339,#6344);
#6339 = CYLINDRICAL_SURFACE('',#6340,0.11);
#6340 = AXIS2_PLACEMENT_3D('',#6341,#6342,#6343);
#6341 = CARTESIAN_POINT('',(0.6,2.,-2.1));
#6342 = DIRECTION('',(0.,0.,1.));
#6343 = DIRECTION('',(1.,0.,0.));
#6344 = DEFINITIONAL_REPRESENTATION('',(#6345),#6348);
#6345 = B_SPLINE_CURVE_WITH_KNOTS('',1,(#6346,#6347),.UNSPECIFIED.,.F.,
  .F.,(2,2),(0.,6.28318530718),.PIECEWISE_BEZIER_KNOTS.);
#6346 = CARTESIAN_POINT('',(0.,0.));
#6347 = CARTESIAN_POINT('',(6.28318530718,0.));
#6348 = ( GEOMETRIC_REPRESENTATION_CONTEXT(2) 
PARAMETRIC_REPRESENTATION_CONTEXT() REPRESENTATION_CONTEXT('2D SPACE',''
  ) );
#6349 = ADVANCED_FACE('',(#6350,#6353),#5833,.T.);
#6350 = FACE_BOUND('',#6351,.T.);
#6351 = EDGE_LOOP('',(#6352));
#6352 = ORIENTED_EDGE('',*,*,#5819,.T.);
#6353 = FACE_BOUND('',#6354,.T.);
#6354 = EDGE_LOOP('',(#6355));
#6355 = ORIENTED_EDGE('',*,*,#6356,.F.);
#6356 = EDGE_CURVE('',#6357,#6357,#6359,.T.);
#6357 = VERTEX_POINT('',#6358);
#6358 = CARTESIAN_POINT('',(1.33,2.4,-2.1));
#6359 = SURFACE_CURVE('',#6360,(#6365,#6372),.PCURVE_S1.);
#6360 = CIRCLE('',#6361,0.13);
#6361 = AXIS2_PLACEMENT_3D('',#6362,#6363,#6364);
#6362 = CARTESIAN_POINT('',(1.2,2.4,-2.1));
#6363 = DIRECTION('',(0.,0.,1.));
#6364 = DIRECTION('',(1.,0.,0.));
#6365 = PCURVE('',#5833,#6366);
#6366 = DEFINITIONAL_REPRESENTATION('',(#6367),#6371);
#6367 = CIRCLE('',#6368,0.13);
#6368 = AXIS2_PLACEMENT_2D('',#6369,#6370);
#6369 = CARTESIAN_POINT('',(0.,0.));
#6370 = DIRECTION('',(1.,0.));
#6371 = ( GEOMETRIC_REPRESENTATION_CONTEXT(2) 
PARAMETRIC_REPRESENTATION_CONTEXT() REPRESENTATION_CONTEXT('2D SPACE',''
  ) );
#6372 = PCURVE('',#6373,#6378);
#6373 = CYLINDRICAL_SURFACE('',#6374,0.13);
#6374 = AXIS2_PLACEMENT_3D('',#6375,#6376,#6377);
#6375 = CARTESIAN_POINT('',(1.2,2.4,-2.1));
#6376 = DIRECTION('',(0.,0.,1.));
#6377 = DIRECTION('',(1.,0.,0.));
#6378 = DEFINITIONAL_REPRESENTATION('',(#6379),#6382);
#6379 = B_SPLINE_CURVE_WITH_KNOTS('',1,(#6380,#6381),.UNSPECIFIED.,.F.,
  .F.,(2,2),(0.,6.28318530718),.PIECEWISE_BEZIER_KNOTS.);
#6380 = CARTESIAN_POINT('',(0.,0.));
#6381 = CARTESIAN_POINT('',(6.28318530718,0.));
#6382 = ( GEOMETRIC_REPRESENTATION_CONTEXT(2) 
PARAMETRIC_REPRESENTATION_CONTEXT() REPRESENTATION_CONTEXT('2D SPACE',''
  ) );
#6383 = ADVANCED_FACE('',(#6384,#6387),#5885,.T.);
#6384 = FACE_BOUND('',#6385,.T.);
#6385 = EDGE_LOOP('',(#6386));
#6386 = ORIENTED_EDGE('',*,*,#5871,.T.);
#6387 = FACE_BOUND('',#6388,.T.);
#6388 = EDGE_LOOP('',(#6389));
#6389 = ORIENTED_EDGE('',*,*,#6390,.F.);
#6390 = EDGE_CURVE('',#6391,#6391,#6393,.T.);
#6391 = VERTEX_POINT('',#6392);
#6392 = CARTESIAN_POINT('',(6.93,0.,-2.1));
#6393 = SURFACE_CURVE('',#6394,(#6399,#6406),.PCURVE_S1.);
#6394 = CIRCLE('',#6395,0.13);
#6395 = AXIS2_PLACEMENT_3D('',#6396,#6397,#6398);
#6396 = CARTESIAN_POINT('',(6.8,0.,-2.1));
#6397 = DIRECTION('',(0.,0.,1.));
#6398 = DIRECTION('',(1.,0.,0.));
#6399 = PCURVE('',#5885,#6400);
#6400 = DEFINITIONAL_REPRESENTATION('',(#6401),#6405);
#6401 = CIRCLE('',#6402,0.13);
#6402 = AXIS2_PLACEMENT_2D('',#6403,#6404);
#6403 = CARTESIAN_POINT('',(0.,8.51133553645E-19));
#6404 = DIRECTION('',(1.,0.));
#6405 = ( GEOMETRIC_REPRESENTATION_CONTEXT(2) 
PARAMETRIC_REPRESENTATION_CONTEXT() REPRESENTATION_CONTEXT('2D SPACE',''
  ) );
#6406 = PCURVE('',#6407,#6412);
#6407 = CYLINDRICAL_SURFACE('',#6408,0.13);
#6408 = AXIS2_PLACEMENT_3D('',#6409,#6410,#6411);
#6409 = CARTESIAN_POINT('',(6.8,0.,-2.1));
#6410 = DIRECTION('',(0.,0.,1.));
#6411 = DIRECTION('',(1.,0.,0.));
#6412 = DEFINITIONAL_REPRESENTATION('',(#6413),#6416);
#6413 = B_SPLINE_CURVE_WITH_KNOTS('',1,(#6414,#6415),.UNSPECIFIED.,.F.,
  .F.,(2,2),(0.,6.28318530718),.PIECEWISE_BEZIER_KNOTS.);
#6414 = CARTESIAN_POINT('',(0.,0.));
#6415 = CARTESIAN_POINT('',(6.28318530718,0.));
#6416 = ( GEOMETRIC_REPRESENTATION_CONTEXT(2) 
PARAMETRIC_REPRESENTATION_CONTEXT() REPRESENTATION_CONTEXT('2D SPACE',''
  ) );
#6417 = ADVANCED_FACE('',(#6418,#6421),#5937,.T.);
#6418 = FACE_BOUND('',#6419,.T.);
#6419 = EDGE_LOOP('',(#6420));
#6420 = ORIENTED_EDGE('',*,*,#5923,.T.);
#6421 = FACE_BOUND('',#6422,.T.);
#6422 = EDGE_LOOP('',(#6423));
#6423 = ORIENTED_EDGE('',*,*,#6424,.F.);
#6424 = EDGE_CURVE('',#6425,#6425,#6427,.T.);
#6425 = VERTEX_POINT('',#6426);
#6426 = CARTESIAN_POINT('',(6.93,2.4,-2.1));
#6427 = SURFACE_CURVE('',#6428,(#6433,#6440),.PCURVE_S1.);
#6428 = CIRCLE('',#6429,0.13);
#6429 = AXIS2_PLACEMENT_3D('',#6430,#6431,#6432);
#6430 = CARTESIAN_POINT('',(6.8,2.4,-2.1));
#6431 = DIRECTION('',(0.,0.,1.));
#6432 = DIRECTION('',(1.,0.,0.));
#6433 = PCURVE('',#5937,#6434);
#6434 = DEFINITIONAL_REPRESENTATION('',(#6435),#6439);
#6435 = CIRCLE('',#6436,0.13);
#6436 = AXIS2_PLACEMENT_2D('',#6437,#6438);
#6437 = CARTESIAN_POINT('',(0.,0.));
#6438 = DIRECTION('',(1.,0.));
#6439 = ( GEOMETRIC_REPRESENTATION_CONTEXT(2) 
PARAMETRIC_REPRESENTATION_CONTEXT() REPRESENTATION_CONTEXT('2D SPACE',''
  ) );
#6440 = PCURVE('',#6441,#6446);
#6441 = CYLINDRICAL_SURFACE('',#6442,0.13);
#6442 = AXIS2_PLACEMENT_3D('',#6443,#6444,#6445);
#6443 = CARTESIAN_POINT('',(6.8,2.4,-2.1));
#6444 = DIRECTION('',(0.,0.,1.));
#6445 = DIRECTION('',(1.,0.,0.));
#6446 = DEFINITIONAL_REPRESENTATION('',(#6447),#6450);
#6447 = B_SPLINE_CURVE_WITH_KNOTS('',1,(#6448,#6449),.UNSPECIFIED.,.F.,
  .F.,(2,2),(0.,6.28318530718),.PIECEWISE_BEZIER_KNOTS.);
#6448 = CARTESIAN_POINT('',(0.,0.));
#6449 = CARTESIAN_POINT('',(6.28318530718,0.));
#6450 = ( GEOMETRIC_REPRESENTATION_CONTEXT(2) 
PARAMETRIC_REPRESENTATION_CONTEXT() REPRESENTATION_CONTEXT('2D SPACE',''
  ) );
#6451 = ADVANCED_FACE('',(#6452,#6455),#5989,.T.);
#6452 = FACE_BOUND('',#6453,.T.);
#6453 = EDGE_LOOP('',(#6454));
#6454 = ORIENTED_EDGE('',*,*,#5975,.T.);
#6455 = FACE_BOUND('',#6456,.T.);
#6456 = EDGE_LOOP('',(#6457));
#6457 = ORIENTED_EDGE('',*,*,#6458,.F.);
#6458 = EDGE_CURVE('',#6459,#6459,#6461,.T.);
#6459 = VERTEX_POINT('',#6460);
#6460 = CARTESIAN_POINT('',(6.63,5.,3.));
#6461 = SURFACE_CURVE('',#6462,(#6467,#6474),.PCURVE_S1.);
#6462 = CIRCLE('',#6463,0.13);
#6463 = AXIS2_PLACEMENT_3D('',#6464,#6465,#6466);
#6464 = CARTESIAN_POINT('',(6.5,5.,3.));
#6465 = DIRECTION('',(0.,0.,1.));
#6466 = DIRECTION('',(1.,0.,0.));
#6467 = PCURVE('',#5989,#6468);
#6468 = DEFINITIONAL_REPRESENTATION('',(#6469),#6473);
#6469 = CIRCLE('',#6470,0.13);
#6470 = AXIS2_PLACEMENT_2D('',#6471,#6472);
#6471 = CARTESIAN_POINT('',(0.,-8.881784197001E-16));
#6472 = DIRECTION('',(1.,0.));
#6473 = ( GEOMETRIC_REPRESENTATION_CONTEXT(2) 
PARAMETRIC_REPRESENTATION_CONTEXT() REPRESENTATION_CONTEXT('2D SPACE',''
  ) );
#6474 = PCURVE('',#6475,#6480);
#6475 = CYLINDRICAL_SURFACE('',#6476,0.13);
#6476 = AXIS2_PLACEMENT_3D('',#6477,#6478,#6479);
#6477 = CARTESIAN_POINT('',(6.5,5.,3.));
#6478 = DIRECTION('',(0.,0.,1.));
#6479 = DIRECTION('',(1.,0.,0.));
#6480 = DEFINITIONAL_REPRESENTATION('',(#6481),#6484);
#6481 = B_SPLINE_CURVE_WITH_KNOTS('',1,(#6482,#6483),.UNSPECIFIED.,.F.,
  .F.,(2,2),(0.,6.28318530718),.PIECEWISE_BEZIER_KNOTS.);
#6482 = CARTESIAN_POINT('',(0.,0.));
#6483 = CARTESIAN_POINT('',(6.28318530718,0.));
#6484 = ( GEOMETRIC_REPRESENTATION_CONTEXT(2) 
PARAMETRIC_REPRESENTATION_CONTEXT() REPRESENTATION_CONTEXT('2D SPACE',''
  ) );
#6485 = ADVANCED_FACE('',(#6486),#6026,.F.);
#6486 = FACE_BOUND('',#6487,.F.);
#6487 = EDGE_LOOP('',(#6488,#6509,#6535,#6536));
#6488 = ORIENTED_EDGE('',*,*,#6489,.T.);
#6489 = EDGE_CURVE('',#6010,#6490,#6492,.T.);
#6490 = VERTEX_POINT('',#6491);
#6491 = CARTESIAN_POINT('',(-6.37,-5.,1.6));
#6492 = SEAM_CURVE('',#6493,(#6497,#6503),.PCURVE_S1.);
#6493 = LINE('',#6494,#6495);
#6494 = CARTESIAN_POINT('',(-6.37,-5.,3.));
#6495 = VECTOR('',#6496,1.);
#6496 = DIRECTION('',(-0.,-0.,-1.));
#6497 = PCURVE('',#6026,#6498);
#6498 = DEFINITIONAL_REPRESENTATION('',(#6499),#6502);
#6499 = B_SPLINE_CURVE_WITH_KNOTS('',1,(#6500,#6501),.UNSPECIFIED.,.F.,
  .F.,(2,2),(0.,1.4),.PIECEWISE_BEZIER_KNOTS.);
#6500 = CARTESIAN_POINT('',(0.,0.));
#6501 = CARTESIAN_POINT('',(0.,-1.4));
#6502 = ( GEOMETRIC_REPRESENTATION_CONTEXT(2) 
PARAMETRIC_REPRESENTATION_CONTEXT() REPRESENTATION_CONTEXT('2D SPACE',''
  ) );
#6503 = PCURVE('',#6026,#6504);
#6504 = DEFINITIONAL_REPRESENTATION('',(#6505),#6508);
#6505 = B_SPLINE_CURVE_WITH_KNOTS('',1,(#6506,#6507),.UNSPECIFIED.,.F.,
  .F.,(2,2),(0.,1.4),.PIECEWISE_BEZIER_KNOTS.);
#6506 = CARTESIAN_POINT('',(6.28318530718,0.));
#6507 = CARTESIAN_POINT('',(6.28318530718,-1.4));
#6508 = ( GEOMETRIC_REPRESENTATION_CONTEXT(2) 
PARAMETRIC_REPRESENTATION_CONTEXT() REPRESENTATION_CONTEXT('2D SPACE',''
  ) );
#6509 = ORIENTED_EDGE('',*,*,#6510,.T.);
#6510 = EDGE_CURVE('',#6490,#6490,#6511,.T.);
#6511 = SURFACE_CURVE('',#6512,(#6517,#6523),.PCURVE_S1.);
#6512 = CIRCLE('',#6513,0.13);
#6513 = AXIS2_PLACEMENT_3D('',#6514,#6515,#6516);
#6514 = CARTESIAN_POINT('',(-6.5,-5.,1.6));
#6515 = DIRECTION('',(0.,0.,1.));
#6516 = DIRECTION('',(1.,0.,0.));
#6517 = PCURVE('',#6026,#6518);
#6518 = DEFINITIONAL_REPRESENTATION('',(#6519),#6522);
#6519 = B_SPLINE_CURVE_WITH_KNOTS('',1,(#6520,#6521),.UNSPECIFIED.,.F.,
  .F.,(2,2),(0.,6.28318530718),.PIECEWISE_BEZIER_KNOTS.);
#6520 = CARTESIAN_POINT('',(0.,-1.4));
#6521 = CARTESIAN_POINT('',(6.28318530718,-1.4));
#6522 = ( GEOMETRIC_REPRESENTATION_CONTEXT(2) 
PARAMETRIC_REPRESENTATION_CONTEXT() REPRESENTATION_CONTEXT('2D SPACE',''
  ) );
#6523 = PCURVE('',#6524,#6529);
#6524 = PLANE('',#6525);
#6525 = AXIS2_PLACEMENT_3D('',#6526,#6527,#6528);
#6526 = CARTESIAN_POINT('',(-6.5,-5.,1.6));
#6527 = DIRECTION('',(0.,0.,1.));
#6528 = DIRECTION('',(1.,0.,-0.));
#6529 = DEFINITIONAL_REPRESENTATION('',(#6530),#6534);
#6530 = CIRCLE('',#6531,0.13);
#6531 = AXIS2_PLACEMENT_2D('',#6532,#6533);
#6532 = CARTESIAN_POINT('',(0.,8.881784197001E-16));
#6533 = DIRECTION('',(1.,0.));
#6534 = ( GEOMETRIC_REPRESENTATION_CONTEXT(2) 
PARAMETRIC_REPRESENTATION_CONTEXT() REPRESENTATION_CONTEXT('2D SPACE',''
  ) );
#6535 = ORIENTED_EDGE('',*,*,#6489,.F.);
#6536 = ORIENTED_EDGE('',*,*,#6009,.F.);
#6537 = ADVANCED_FACE('',(#6538),#6067,.F.);
#6538 = FACE_BOUND('',#6539,.F.);
#6539 = EDGE_LOOP('',(#6540,#6561,#6587,#6588));
#6540 = ORIENTED_EDGE('',*,*,#6541,.T.);
#6541 = EDGE_CURVE('',#6051,#6542,#6544,.T.);
#6542 = VERTEX_POINT('',#6543);
#6543 = CARTESIAN_POINT('',(-6.67,-0.2,-2.6));
#6544 = SEAM_CURVE('',#6545,(#6549,#6555),.PCURVE_S1.);
#6545 = LINE('',#6546,#6547);
#6546 = CARTESIAN_POINT('',(-6.67,-0.2,-2.1));
#6547 = VECTOR('',#6548,1.);
#6548 = DIRECTION('',(-0.,-0.,-1.));
#6549 = PCURVE('',#6067,#6550);
#6550 = DEFINITIONAL_REPRESENTATION('',(#6551),#6554);
#6551 = B_SPLINE_CURVE_WITH_KNOTS('',1,(#6552,#6553),.UNSPECIFIED.,.F.,
  .F.,(2,2),(0.,0.5),.PIECEWISE_BEZIER_KNOTS.);
#6552 = CARTESIAN_POINT('',(0.,0.));
#6553 = CARTESIAN_POINT('',(0.,-0.5));
#6554 = ( GEOMETRIC_REPRESENTATION_CONTEXT(2) 
PARAMETRIC_REPRESENTATION_CONTEXT() REPRESENTATION_CONTEXT('2D SPACE',''
  ) );
#6555 = PCURVE('',#6067,#6556);
#6556 = DEFINITIONAL_REPRESENTATION('',(#6557),#6560);
#6557 = B_SPLINE_CURVE_WITH_KNOTS('',1,(#6558,#6559),.UNSPECIFIED.,.F.,
  .F.,(2,2),(0.,0.5),.PIECEWISE_BEZIER_KNOTS.);
#6558 = CARTESIAN_POINT('',(6.28318530718,0.));
#6559 = CARTESIAN_POINT('',(6.28318530718,-0.5));
#6560 = ( GEOMETRIC_REPRESENTATION_CONTEXT(2) 
PARAMETRIC_REPRESENTATION_CONTEXT() REPRESENTATION_CONTEXT('2D SPACE',''
  ) );
#6561 = ORIENTED_EDGE('',*,*,#6562,.T.);
#6562 = EDGE_CURVE('',#6542,#6542,#6563,.T.);
#6563 = SURFACE_CURVE('',#6564,(#6569,#6575),.PCURVE_S1.);
#6564 = CIRCLE('',#6565,0.13);
#6565 = AXIS2_PLACEMENT_3D('',#6566,#6567,#6568);
#6566 = CARTESIAN_POINT('',(-6.8,-0.2,-2.6));
#6567 = DIRECTION('',(0.,0.,1.));
#6568 = DIRECTION('',(1.,0.,0.));
#6569 = PCURVE('',#6067,#6570);
#6570 = DEFINITIONAL_REPRESENTATION('',(#6571),#6574);
#6571 = B_SPLINE_CURVE_WITH_KNOTS('',1,(#6572,#6573),.UNSPECIFIED.,.F.,
  .F.,(2,2),(0.,6.28318530718),.PIECEWISE_BEZIER_KNOTS.);
#6572 = CARTESIAN_POINT('',(0.,-0.5));
#6573 = CARTESIAN_POINT('',(6.28318530718,-0.5));
#6574 = ( GEOMETRIC_REPRESENTATION_CONTEXT(2) 
PARAMETRIC_REPRESENTATION_CONTEXT() REPRESENTATION_CONTEXT('2D SPACE',''
  ) );
#6575 = PCURVE('',#6576,#6581);
#6576 = PLANE('',#6577);
#6577 = AXIS2_PLACEMENT_3D('',#6578,#6579,#6580);
#6578 = CARTESIAN_POINT('',(-6.8,-0.2,-2.6));
#6579 = DIRECTION('',(0.,0.,1.));
#6580 = DIRECTION('',(1.,0.,-0.));
#6581 = DEFINITIONAL_REPRESENTATION('',(#6582),#6586);
#6582 = CIRCLE('',#6583,0.13);
#6583 = AXIS2_PLACEMENT_2D('',#6584,#6585);
#6584 = CARTESIAN_POINT('',(8.881784197001E-16,0.));
#6585 = DIRECTION('',(1.,0.));
#6586 = ( GEOMETRIC_REPRESENTATION_CONTEXT(2) 
PARAMETRIC_REPRESENTATION_CONTEXT() REPRESENTATION_CONTEXT('2D SPACE',''
  ) );
#6587 = ORIENTED_EDGE('',*,*,#6541,.F.);
#6588 = ORIENTED_EDGE('',*,*,#6050,.F.);
#6589 = ADVANCED_FACE('',(#6590),#6101,.F.);
#6590 = FACE_BOUND('',#6591,.F.);
#6591 = EDGE_LOOP('',(#6592,#6613,#6639,#6640));
#6592 = ORIENTED_EDGE('',*,*,#6593,.T.);
#6593 = EDGE_CURVE('',#6085,#6594,#6596,.T.);
#6594 = VERTEX_POINT('',#6595);
#6595 = CARTESIAN_POINT('',(-1.47,-0.2,-2.6));
#6596 = SEAM_CURVE('',#6597,(#6601,#6607),.PCURVE_S1.);
#6597 = LINE('',#6598,#6599);
#6598 = CARTESIAN_POINT('',(-1.47,-0.2,-2.1));
#6599 = VECTOR('',#6600,1.);
#6600 = DIRECTION('',(-0.,-0.,-1.));
#6601 = PCURVE('',#6101,#6602);
#6602 = DEFINITIONAL_REPRESENTATION('',(#6603),#6606);
#6603 = B_SPLINE_CURVE_WITH_KNOTS('',1,(#6604,#6605),.UNSPECIFIED.,.F.,
  .F.,(2,2),(0.,0.5),.PIECEWISE_BEZIER_KNOTS.);
#6604 = CARTESIAN_POINT('',(0.,0.));
#6605 = CARTESIAN_POINT('',(0.,-0.5));
#6606 = ( GEOMETRIC_REPRESENTATION_CONTEXT(2) 
PARAMETRIC_REPRESENTATION_CONTEXT() REPRESENTATION_CONTEXT('2D SPACE',''
  ) );
#6607 = PCURVE('',#6101,#6608);
#6608 = DEFINITIONAL_REPRESENTATION('',(#6609),#6612);
#6609 = B_SPLINE_CURVE_WITH_KNOTS('',1,(#6610,#6611),.UNSPECIFIED.,.F.,
  .F.,(2,2),(0.,0.5),.PIECEWISE_BEZIER_KNOTS.);
#6610 = CARTESIAN_POINT('',(6.28318530718,0.));
#6611 = CARTESIAN_POINT('',(6.28318530718,-0.5));
#6612 = ( GEOMETRIC_REPRESENTATION_CONTEXT(2) 
PARAMETRIC_REPRESENTATION_CONTEXT() REPRESENTATION_CONTEXT('2D SPACE',''
  ) );
#6613 = ORIENTED_EDGE('',*,*,#6614,.T.);
#6614 = EDGE_CURVE('',#6594,#6594,#6615,.T.);
#6615 = SURFACE_CURVE('',#6616,(#6621,#6627),.PCURVE_S1.);
#6616 = CIRCLE('',#6617,0.13);
#6617 = AXIS2_PLACEMENT_3D('',#6618,#6619,#6620);
#6618 = CARTESIAN_POINT('',(-1.6,-0.2,-2.6));
#6619 = DIRECTION('',(0.,0.,1.));
#6620 = DIRECTION('',(1.,0.,0.));
#6621 = PCURVE('',#6101,#6622);
#6622 = DEFINITIONAL_REPRESENTATION('',(#6623),#6626);
#6623 = B_SPLINE_CURVE_WITH_KNOTS('',1,(#6624,#6625),.UNSPECIFIED.,.F.,
  .F.,(2,2),(0.,6.28318530718),.PIECEWISE_BEZIER_KNOTS.);
#6624 = CARTESIAN_POINT('',(0.,-0.5));
#6625 = CARTESIAN_POINT('',(6.28318530718,-0.5));
#6626 = ( GEOMETRIC_REPRESENTATION_CONTEXT(2) 
PARAMETRIC_REPRESENTATION_CONTEXT() REPRESENTATION_CONTEXT('2D SPACE',''
  ) );
#6627 = PCURVE('',#6628,#6633);
#6628 = PLANE('',#6629);
#6629 = AXIS2_PLACEMENT_3D('',#6630,#6631,#6632);
#6630 = CARTESIAN_POINT('',(-1.6,-0.2,-2.6));
#6631 = DIRECTION('',(0.,0.,1.));
#6632 = DIRECTION('',(1.,0.,-0.));
#6633 = DEFINITIONAL_REPRESENTATION('',(#6634),#6638);
#6634 = CIRCLE('',#6635,0.13);
#6635 = AXIS2_PLACEMENT_2D('',#6636,#6637);
#6636 = CARTESIAN_POINT('',(4.440892098501E-16,5.551115123126E-17));
#6637 = DIRECTION('',(1.,0.));
#6638 = ( GEOMETRIC_REPRESENTATION_CONTEXT(2) 
PARAMETRIC_REPRESENTATION_CONTEXT() REPRESENTATION_CONTEXT('2D SPACE',''
  ) );
#6639 = ORIENTED_EDGE('',*,*,#6593,.F.);
#6640 = ORIENTED_EDGE('',*,*,#6084,.F.);
#6641 = ADVANCED_FACE('',(#6642),#6135,.F.);
#6642 = FACE_BOUND('',#6643,.F.);
#6643 = EDGE_LOOP('',(#6644,#6665,#6691,#6692));
#6644 = ORIENTED_EDGE('',*,*,#6645,.T.);
#6645 = EDGE_CURVE('',#6119,#6646,#6648,.T.);
#6646 = VERTEX_POINT('',#6647);
#6647 = CARTESIAN_POINT('',(6.63,-5.,1.6));
#6648 = SEAM_CURVE('',#6649,(#6653,#6659),.PCURVE_S1.);
#6649 = LINE('',#6650,#6651);
#6650 = CARTESIAN_POINT('',(6.63,-5.,3.));
#6651 = VECTOR('',#6652,1.);
#6652 = DIRECTION('',(-0.,-0.,-1.));
#6653 = PCURVE('',#6135,#6654);
#6654 = DEFINITIONAL_REPRESENTATION('',(#6655),#6658);
#6655 = B_SPLINE_CURVE_WITH_KNOTS('',1,(#6656,#6657),.UNSPECIFIED.,.F.,
  .F.,(2,2),(0.,1.4),.PIECEWISE_BEZIER_KNOTS.);
#6656 = CARTESIAN_POINT('',(0.,0.));
#6657 = CARTESIAN_POINT('',(0.,-1.4));
#6658 = ( GEOMETRIC_REPRESENTATION_CONTEXT(2) 
PARAMETRIC_REPRESENTATION_CONTEXT() REPRESENTATION_CONTEXT('2D SPACE',''
  ) );
#6659 = PCURVE('',#6135,#6660);
#6660 = DEFINITIONAL_REPRESENTATION('',(#6661),#6664);
#6661 = B_SPLINE_CURVE_WITH_KNOTS('',1,(#6662,#6663),.UNSPECIFIED.,.F.,
  .F.,(2,2),(0.,1.4),.PIECEWISE_BEZIER_KNOTS.);
#6662 = CARTESIAN_POINT('',(6.28318530718,0.));
#6663 = CARTESIAN_POINT('',(6.28318530718,-1.4));
#6664 = ( GEOMETRIC_REPRESENTATION_CONTEXT(2) 
PARAMETRIC_REPRESENTATION_CONTEXT() REPRESENTATION_CONTEXT('2D SPACE',''
  ) );
#6665 = ORIENTED_EDGE('',*,*,#6666,.T.);
#6666 = EDGE_CURVE('',#6646,#6646,#6667,.T.);
#6667 = SURFACE_CURVE('',#6668,(#6673,#6679),.PCURVE_S1.);
#6668 = CIRCLE('',#6669,0.13);
#6669 = AXIS2_PLACEMENT_3D('',#6670,#6671,#6672);
#6670 = CARTESIAN_POINT('',(6.5,-5.,1.6));
#6671 = DIRECTION('',(0.,0.,1.));
#6672 = DIRECTION('',(1.,0.,0.));
#6673 = PCURVE('',#6135,#6674);
#6674 = DEFINITIONAL_REPRESENTATION('',(#6675),#6678);
#6675 = B_SPLINE_CURVE_WITH_KNOTS('',1,(#6676,#6677),.UNSPECIFIED.,.F.,
  .F.,(2,2),(0.,6.28318530718),.PIECEWISE_BEZIER_KNOTS.);
#6676 = CARTESIAN_POINT('',(0.,-1.4));
#6677 = CARTESIAN_POINT('',(6.28318530718,-1.4));
#6678 = ( GEOMETRIC_REPRESENTATION_CONTEXT(2) 
PARAMETRIC_REPRESENTATION_CONTEXT() REPRESENTATION_CONTEXT('2D SPACE',''
  ) );
#6679 = PCURVE('',#6680,#6685);
#6680 = PLANE('',#6681);
#6681 = AXIS2_PLACEMENT_3D('',#6682,#6683,#6684);
#6682 = CARTESIAN_POINT('',(6.5,-5.,1.6));
#6683 = DIRECTION('',(0.,0.,1.));
#6684 = DIRECTION('',(1.,0.,-0.));
#6685 = DEFINITIONAL_REPRESENTATION('',(#6686),#6690);
#6686 = CIRCLE('',#6687,0.13);
#6687 = AXIS2_PLACEMENT_2D('',#6688,#6689);
#6688 = CARTESIAN_POINT('',(8.881784197001E-16,8.881784197001E-16));
#6689 = DIRECTION('',(1.,0.));
#6690 = ( GEOMETRIC_REPRESENTATION_CONTEXT(2) 
PARAMETRIC_REPRESENTATION_CONTEXT() REPRESENTATION_CONTEXT('2D SPACE',''
  ) );
#6691 = ORIENTED_EDGE('',*,*,#6645,.F.);
#6692 = ORIENTED_EDGE('',*,*,#6118,.F.);
#6693 = ADVANCED_FACE('',(#6694),#6169,.F.);
#6694 = FACE_BOUND('',#6695,.F.);
#6695 = EDGE_LOOP('',(#6696,#6717,#6743,#6744));
#6696 = ORIENTED_EDGE('',*,*,#6697,.T.);
#6697 = EDGE_CURVE('',#6153,#6698,#6700,.T.);
#6698 = VERTEX_POINT('',#6699);
#6699 = CARTESIAN_POINT('',(-6.67,2.6,-2.6));
#6700 = SEAM_CURVE('',#6701,(#6705,#6711),.PCURVE_S1.);
#6701 = LINE('',#6702,#6703);
#6702 = CARTESIAN_POINT('',(-6.67,2.6,-2.1));
#6703 = VECTOR('',#6704,1.);
#6704 = DIRECTION('',(-0.,-0.,-1.));
#6705 = PCURVE('',#6169,#6706);
#6706 = DEFINITIONAL_REPRESENTATION('',(#6707),#6710);
#6707 = B_SPLINE_CURVE_WITH_KNOTS('',1,(#6708,#6709),.UNSPECIFIED.,.F.,
  .F.,(2,2),(0.,0.5),.PIECEWISE_BEZIER_KNOTS.);
#6708 = CARTESIAN_POINT('',(0.,0.));
#6709 = CARTESIAN_POINT('',(0.,-0.5));
#6710 = ( GEOMETRIC_REPRESENTATION_CONTEXT(2) 
PARAMETRIC_REPRESENTATION_CONTEXT() REPRESENTATION_CONTEXT('2D SPACE',''
  ) );
#6711 = PCURVE('',#6169,#6712);
#6712 = DEFINITIONAL_REPRESENTATION('',(#6713),#6716);
#6713 = B_SPLINE_CURVE_WITH_KNOTS('',1,(#6714,#6715),.UNSPECIFIED.,.F.,
  .F.,(2,2),(0.,0.5),.PIECEWISE_BEZIER_KNOTS.);
#6714 = CARTESIAN_POINT('',(6.28318530718,0.));
#6715 = CARTESIAN_POINT('',(6.28318530718,-0.5));
#6716 = ( GEOMETRIC_REPRESENTATION_CONTEXT(2) 
PARAMETRIC_REPRESENTATION_CONTEXT() REPRESENTATION_CONTEXT('2D SPACE',''
  ) );
#6717 = ORIENTED_EDGE('',*,*,#6718,.T.);
#6718 = EDGE_CURVE('',#6698,#6698,#6719,.T.);
#6719 = SURFACE_CURVE('',#6720,(#6725,#6731),.PCURVE_S1.);
#6720 = CIRCLE('',#6721,0.13);
#6721 = AXIS2_PLACEMENT_3D('',#6722,#6723,#6724);
#6722 = CARTESIAN_POINT('',(-6.8,2.6,-2.6));
#6723 = DIRECTION('',(0.,0.,1.));
#6724 = DIRECTION('',(1.,0.,0.));
#6725 = PCURVE('',#6169,#6726);
#6726 = DEFINITIONAL_REPRESENTATION('',(#6727),#6730);
#6727 = B_SPLINE_CURVE_WITH_KNOTS('',1,(#6728,#6729),.UNSPECIFIED.,.F.,
  .F.,(2,2),(0.,6.28318530718),.PIECEWISE_BEZIER_KNOTS.);
#6728 = CARTESIAN_POINT('',(0.,-0.5));
#6729 = CARTESIAN_POINT('',(6.28318530718,-0.5));
#6730 = ( GEOMETRIC_REPRESENTATION_CONTEXT(2) 
PARAMETRIC_REPRESENTATION_CONTEXT() REPRESENTATION_CONTEXT('2D SPACE',''
  ) );
#6731 = PCURVE('',#6732,#6737);
#6732 = PLANE('',#6733);
#6733 = AXIS2_PLACEMENT_3D('',#6734,#6735,#6736);
#6734 = CARTESIAN_POINT('',(-6.8,2.6,-2.6));
#6735 = DIRECTION('',(0.,0.,1.));
#6736 = DIRECTION('',(1.,0.,-0.));
#6737 = DEFINITIONAL_REPRESENTATION('',(#6738),#6742);
#6738 = CIRCLE('',#6739,0.13);
#6739 = AXIS2_PLACEMENT_2D('',#6740,#6741);
#6740 = CARTESIAN_POINT('',(0.,4.440892098501E-16));
#6741 = DIRECTION('',(1.,0.));
#6742 = ( GEOMETRIC_REPRESENTATION_CONTEXT(2) 
PARAMETRIC_REPRESENTATION_CONTEXT() REPRESENTATION_CONTEXT('2D SPACE',''
  ) );
#6743 = ORIENTED_EDGE('',*,*,#6697,.F.);
#6744 = ORIENTED_EDGE('',*,*,#6152,.F.);
#6745 = ADVANCED_FACE('',(#6746),#6203,.F.);
#6746 = FACE_BOUND('',#6747,.F.);
#6747 = EDGE_LOOP('',(#6748,#6769,#6795,#6796));
#6748 = ORIENTED_EDGE('',*,*,#6749,.T.);
#6749 = EDGE_CURVE('',#6187,#6750,#6752,.T.);
#6750 = VERTEX_POINT('',#6751);
#6751 = CARTESIAN_POINT('',(-1.09,2.,-2.6));
#6752 = SEAM_CURVE('',#6753,(#6757,#6763),.PCURVE_S1.);
#6753 = LINE('',#6754,#6755);
#6754 = CARTESIAN_POINT('',(-1.09,2.,-2.1));
#6755 = VECTOR('',#6756,1.);
#6756 = DIRECTION('',(-0.,-0.,-1.));
#6757 = PCURVE('',#6203,#6758);
#6758 = DEFINITIONAL_REPRESENTATION('',(#6759),#6762);
#6759 = B_SPLINE_CURVE_WITH_KNOTS('',1,(#6760,#6761),.UNSPECIFIED.,.F.,
  .F.,(2,2),(0.,0.5),.PIECEWISE_BEZIER_KNOTS.);
#6760 = CARTESIAN_POINT('',(0.,0.));
#6761 = CARTESIAN_POINT('',(0.,-0.5));
#6762 = ( GEOMETRIC_REPRESENTATION_CONTEXT(2) 
PARAMETRIC_REPRESENTATION_CONTEXT() REPRESENTATION_CONTEXT('2D SPACE',''
  ) );
#6763 = PCURVE('',#6203,#6764);
#6764 = DEFINITIONAL_REPRESENTATION('',(#6765),#6768);
#6765 = B_SPLINE_CURVE_WITH_KNOTS('',1,(#6766,#6767),.UNSPECIFIED.,.F.,
  .F.,(2,2),(0.,0.5),.PIECEWISE_BEZIER_KNOTS.);
#6766 = CARTESIAN_POINT('',(6.28318530718,0.));
#6767 = CARTESIAN_POINT('',(6.28318530718,-0.5));
#6768 = ( GEOMETRIC_REPRESENTATION_CONTEXT(2) 
PARAMETRIC_REPRESENTATION_CONTEXT() REPRESENTATION_CONTEXT('2D SPACE',''
  ) );
#6769 = ORIENTED_EDGE('',*,*,#6770,.T.);
#6770 = EDGE_CURVE('',#6750,#6750,#6771,.T.);
#6771 = SURFACE_CURVE('',#6772,(#6777,#6783),.PCURVE_S1.);
#6772 = CIRCLE('',#6773,0.11);
#6773 = AXIS2_PLACEMENT_3D('',#6774,#6775,#6776);
#6774 = CARTESIAN_POINT('',(-1.2,2.,-2.6));
#6775 = DIRECTION('',(0.,0.,1.));
#6776 = DIRECTION('',(1.,0.,0.));
#6777 = PCURVE('',#6203,#6778);
#6778 = DEFINITIONAL_REPRESENTATION('',(#6779),#6782);
#6779 = B_SPLINE_CURVE_WITH_KNOTS('',1,(#6780,#6781),.UNSPECIFIED.,.F.,
  .F.,(2,2),(0.,6.28318530718),.PIECEWISE_BEZIER_KNOTS.);
#6780 = CARTESIAN_POINT('',(0.,-0.5));
#6781 = CARTESIAN_POINT('',(6.28318530718,-0.5));
#6782 = ( GEOMETRIC_REPRESENTATION_CONTEXT(2) 
PARAMETRIC_REPRESENTATION_CONTEXT() REPRESENTATION_CONTEXT('2D SPACE',''
  ) );
#6783 = PCURVE('',#6784,#6789);
#6784 = PLANE('',#6785);
#6785 = AXIS2_PLACEMENT_3D('',#6786,#6787,#6788);
#6786 = CARTESIAN_POINT('',(-1.2,2.,-2.6));
#6787 = DIRECTION('',(0.,0.,1.));
#6788 = DIRECTION('',(1.,0.,-0.));
#6789 = DEFINITIONAL_REPRESENTATION('',(#6790),#6794);
#6790 = CIRCLE('',#6791,0.11);
#6791 = AXIS2_PLACEMENT_2D('',#6792,#6793);
#6792 = CARTESIAN_POINT('',(0.,0.));
#6793 = DIRECTION('',(1.,0.));
#6794 = ( GEOMETRIC_REPRESENTATION_CONTEXT(2) 
PARAMETRIC_REPRESENTATION_CONTEXT() REPRESENTATION_CONTEXT('2D SPACE',''
  ) );
#6795 = ORIENTED_EDGE('',*,*,#6749,.F.);
#6796 = ORIENTED_EDGE('',*,*,#6186,.F.);
#6797 = ADVANCED_FACE('',(#6798),#6237,.F.);
#6798 = FACE_BOUND('',#6799,.F.);
#6799 = EDGE_LOOP('',(#6800,#6821,#6847,#6848));
#6800 = ORIENTED_EDGE('',*,*,#6801,.T.);
#6801 = EDGE_CURVE('',#6221,#6802,#6804,.T.);
#6802 = VERTEX_POINT('',#6803);
#6803 = CARTESIAN_POINT('',(-1.47,2.6,-2.6));
#6804 = SEAM_CURVE('',#6805,(#6809,#6815),.PCURVE_S1.);
#6805 = LINE('',#6806,#6807);
#6806 = CARTESIAN_POINT('',(-1.47,2.6,-2.1));
#6807 = VECTOR('',#6808,1.);
#6808 = DIRECTION('',(-0.,-0.,-1.));
#6809 = PCURVE('',#6237,#6810);
#6810 = DEFINITIONAL_REPRESENTATION('',(#6811),#6814);
#6811 = B_SPLINE_CURVE_WITH_KNOTS('',1,(#6812,#6813),.UNSPECIFIED.,.F.,
  .F.,(2,2),(0.,0.5),.PIECEWISE_BEZIER_KNOTS.);
#6812 = CARTESIAN_POINT('',(0.,0.));
#6813 = CARTESIAN_POINT('',(0.,-0.5));
#6814 = ( GEOMETRIC_REPRESENTATION_CONTEXT(2) 
PARAMETRIC_REPRESENTATION_CONTEXT() REPRESENTATION_CONTEXT('2D SPACE',''
  ) );
#6815 = PCURVE('',#6237,#6816);
#6816 = DEFINITIONAL_REPRESENTATION('',(#6817),#6820);
#6817 = B_SPLINE_CURVE_WITH_KNOTS('',1,(#6818,#6819),.UNSPECIFIED.,.F.,
  .F.,(2,2),(0.,0.5),.PIECEWISE_BEZIER_KNOTS.);
#6818 = CARTESIAN_POINT('',(6.28318530718,0.));
#6819 = CARTESIAN_POINT('',(6.28318530718,-0.5));
#6820 = ( GEOMETRIC_REPRESENTATION_CONTEXT(2) 
PARAMETRIC_REPRESENTATION_CONTEXT() REPRESENTATION_CONTEXT('2D SPACE',''
  ) );
#6821 = ORIENTED_EDGE('',*,*,#6822,.T.);
#6822 = EDGE_CURVE('',#6802,#6802,#6823,.T.);
#6823 = SURFACE_CURVE('',#6824,(#6829,#6835),.PCURVE_S1.);
#6824 = CIRCLE('',#6825,0.13);
#6825 = AXIS2_PLACEMENT_3D('',#6826,#6827,#6828);
#6826 = CARTESIAN_POINT('',(-1.6,2.6,-2.6));
#6827 = DIRECTION('',(0.,0.,1.));
#6828 = DIRECTION('',(1.,0.,0.));
#6829 = PCURVE('',#6237,#6830);
#6830 = DEFINITIONAL_REPRESENTATION('',(#6831),#6834);
#6831 = B_SPLINE_CURVE_WITH_KNOTS('',1,(#6832,#6833),.UNSPECIFIED.,.F.,
  .F.,(2,2),(0.,6.28318530718),.PIECEWISE_BEZIER_KNOTS.);
#6832 = CARTESIAN_POINT('',(0.,-0.5));
#6833 = CARTESIAN_POINT('',(6.28318530718,-0.5));
#6834 = ( GEOMETRIC_REPRESENTATION_CONTEXT(2) 
PARAMETRIC_REPRESENTATION_CONTEXT() REPRESENTATION_CONTEXT('2D SPACE',''
  ) );
#6835 = PCURVE('',#6836,#6841);
#6836 = PLANE('',#6837);
#6837 = AXIS2_PLACEMENT_3D('',#6838,#6839,#6840);
#6838 = CARTESIAN_POINT('',(-1.6,2.6,-2.6));
#6839 = DIRECTION('',(0.,0.,1.));
#6840 = DIRECTION('',(1.,0.,-0.));
#6841 = DEFINITIONAL_REPRESENTATION('',(#6842),#6846);
#6842 = CIRCLE('',#6843,0.13);
#6843 = AXIS2_PLACEMENT_2D('',#6844,#6845);
#6844 = CARTESIAN_POINT('',(0.,-4.440892098501E-16));
#6845 = DIRECTION('',(1.,0.));
#6846 = ( GEOMETRIC_REPRESENTATION_CONTEXT(2) 
PARAMETRIC_REPRESENTATION_CONTEXT() REPRESENTATION_CONTEXT('2D SPACE',''
  ) );
#6847 = ORIENTED_EDGE('',*,*,#6801,.F.);
#6848 = ORIENTED_EDGE('',*,*,#6220,.F.);
#6849 = ADVANCED_FACE('',(#6850),#6271,.F.);
#6850 = FACE_BOUND('',#6851,.F.);
#6851 = EDGE_LOOP('',(#6852,#6873,#6899,#6900));
#6852 = ORIENTED_EDGE('',*,*,#6853,.T.);
#6853 = EDGE_CURVE('',#6255,#6854,#6856,.T.);
#6854 = VERTEX_POINT('',#6855);
#6855 = CARTESIAN_POINT('',(-6.37,5.,1.6));
#6856 = SEAM_CURVE('',#6857,(#6861,#6867),.PCURVE_S1.);
#6857 = LINE('',#6858,#6859);
#6858 = CARTESIAN_POINT('',(-6.37,5.,3.));
#6859 = VECTOR('',#6860,1.);
#6860 = DIRECTION('',(-0.,-0.,-1.));
#6861 = PCURVE('',#6271,#6862);
#6862 = DEFINITIONAL_REPRESENTATION('',(#6863),#6866);
#6863 = B_SPLINE_CURVE_WITH_KNOTS('',1,(#6864,#6865),.UNSPECIFIED.,.F.,
  .F.,(2,2),(0.,1.4),.PIECEWISE_BEZIER_KNOTS.);
#6864 = CARTESIAN_POINT('',(0.,0.));
#6865 = CARTESIAN_POINT('',(0.,-1.4));
#6866 = ( GEOMETRIC_REPRESENTATION_CONTEXT(2) 
PARAMETRIC_REPRESENTATION_CONTEXT() REPRESENTATION_CONTEXT('2D SPACE',''
  ) );
#6867 = PCURVE('',#6271,#6868);
#6868 = DEFINITIONAL_REPRESENTATION('',(#6869),#6872);
#6869 = B_SPLINE_CURVE_WITH_KNOTS('',1,(#6870,#6871),.UNSPECIFIED.,.F.,
  .F.,(2,2),(0.,1.4),.PIECEWISE_BEZIER_KNOTS.);
#6870 = CARTESIAN_POINT('',(6.28318530718,0.));
#6871 = CARTESIAN_POINT('',(6.28318530718,-1.4));
#6872 = ( GEOMETRIC_REPRESENTATION_CONTEXT(2) 
PARAMETRIC_REPRESENTATION_CONTEXT() REPRESENTATION_CONTEXT('2D SPACE',''
  ) );
#6873 = ORIENTED_EDGE('',*,*,#6874,.T.);
#6874 = EDGE_CURVE('',#6854,#6854,#6875,.T.);
#6875 = SURFACE_CURVE('',#6876,(#6881,#6887),.PCURVE_S1.);
#6876 = CIRCLE('',#6877,0.13);
#6877 = AXIS2_PLACEMENT_3D('',#6878,#6879,#6880);
#6878 = CARTESIAN_POINT('',(-6.5,5.,1.6));
#6879 = DIRECTION('',(0.,0.,1.));
#6880 = DIRECTION('',(1.,0.,0.));
#6881 = PCURVE('',#6271,#6882);
#6882 = DEFINITIONAL_REPRESENTATION('',(#6883),#6886);
#6883 = B_SPLINE_CURVE_WITH_KNOTS('',1,(#6884,#6885),.UNSPECIFIED.,.F.,
  .F.,(2,2),(0.,6.28318530718),.PIECEWISE_BEZIER_KNOTS.);
#6884 = CARTESIAN_POINT('',(0.,-1.4));
#6885 = CARTESIAN_POINT('',(6.28318530718,-1.4));
#6886 = ( GEOMETRIC_REPRESENTATION_CONTEXT(2) 
PARAMETRIC_REPRESENTATION_CONTEXT() REPRESENTATION_CONTEXT('2D SPACE',''
  ) );
#6887 = PCURVE('',#6888,#6893);
#6888 = PLANE('',#6889);
#6889 = AXIS2_PLACEMENT_3D('',#6890,#6891,#6892);
#6890 = CARTESIAN_POINT('',(-6.5,5.,1.6));
#6891 = DIRECTION('',(0.,0.,1.));
#6892 = DIRECTION('',(1.,0.,-0.));
#6893 = DEFINITIONAL_REPRESENTATION('',(#6894),#6898);
#6894 = CIRCLE('',#6895,0.13);
#6895 = AXIS2_PLACEMENT_2D('',#6896,#6897);
#6896 = CARTESIAN_POINT('',(0.,-8.881784197001E-16));
#6897 = DIRECTION('',(1.,0.));
#6898 = ( GEOMETRIC_REPRESENTATION_CONTEXT(2) 
PARAMETRIC_REPRESENTATION_CONTEXT() REPRESENTATION_CONTEXT('2D SPACE',''
  ) );
#6899 = ORIENTED_EDGE('',*,*,#6853,.F.);
#6900 = ORIENTED_EDGE('',*,*,#6254,.F.);
#6901 = ADVANCED_FACE('',(#6902),#6305,.F.);
#6902 = FACE_BOUND('',#6903,.F.);
#6903 = EDGE_LOOP('',(#6904,#6925,#6951,#6952));
#6904 = ORIENTED_EDGE('',*,*,#6905,.T.);
#6905 = EDGE_CURVE('',#6289,#6906,#6908,.T.);
#6906 = VERTEX_POINT('',#6907);
#6907 = CARTESIAN_POINT('',(1.33,0.,-2.6));
#6908 = SEAM_CURVE('',#6909,(#6913,#6919),.PCURVE_S1.);
#6909 = LINE('',#6910,#6911);
#6910 = CARTESIAN_POINT('',(1.33,0.,-2.1));
#6911 = VECTOR('',#6912,1.);
#6912 = DIRECTION('',(-0.,-0.,-1.));
#6913 = PCURVE('',#6305,#6914);
#6914 = DEFINITIONAL_REPRESENTATION('',(#6915),#6918);
#6915 = B_SPLINE_CURVE_WITH_KNOTS('',1,(#6916,#6917),.UNSPECIFIED.,.F.,
  .F.,(2,2),(0.,0.5),.PIECEWISE_BEZIER_KNOTS.);
#6916 = CARTESIAN_POINT('',(0.,0.));
#6917 = CARTESIAN_POINT('',(0.,-0.5));
#6918 = ( GEOMETRIC_REPRESENTATION_CONTEXT(2) 
PARAMETRIC_REPRESENTATION_CONTEXT() REPRESENTATION_CONTEXT('2D SPACE',''
  ) );
#6919 = PCURVE('',#6305,#6920);
#6920 = DEFINITIONAL_REPRESENTATION('',(#6921),#6924);
#6921 = B_SPLINE_CURVE_WITH_KNOTS('',1,(#6922,#6923),.UNSPECIFIED.,.F.,
  .F.,(2,2),(0.,0.5),.PIECEWISE_BEZIER_KNOTS.);
#6922 = CARTESIAN_POINT('',(6.28318530718,0.));
#6923 = CARTESIAN_POINT('',(6.28318530718,-0.5));
#6924 = ( GEOMETRIC_REPRESENTATION_CONTEXT(2) 
PARAMETRIC_REPRESENTATION_CONTEXT() REPRESENTATION_CONTEXT('2D SPACE',''
  ) );
#6925 = ORIENTED_EDGE('',*,*,#6926,.T.);
#6926 = EDGE_CURVE('',#6906,#6906,#6927,.T.);
#6927 = SURFACE_CURVE('',#6928,(#6933,#6939),.PCURVE_S1.);
#6928 = CIRCLE('',#6929,0.13);
#6929 = AXIS2_PLACEMENT_3D('',#6930,#6931,#6932);
#6930 = CARTESIAN_POINT('',(1.2,0.,-2.6));
#6931 = DIRECTION('',(0.,0.,1.));
#6932 = DIRECTION('',(1.,0.,0.));
#6933 = PCURVE('',#6305,#6934);
#6934 = DEFINITIONAL_REPRESENTATION('',(#6935),#6938);
#6935 = B_SPLINE_CURVE_WITH_KNOTS('',1,(#6936,#6937),.UNSPECIFIED.,.F.,
  .F.,(2,2),(0.,6.28318530718),.PIECEWISE_BEZIER_KNOTS.);
#6936 = CARTESIAN_POINT('',(0.,-0.5));
#6937 = CARTESIAN_POINT('',(6.28318530718,-0.5));
#6938 = ( GEOMETRIC_REPRESENTATION_CONTEXT(2) 
PARAMETRIC_REPRESENTATION_CONTEXT() REPRESENTATION_CONTEXT('2D SPACE',''
  ) );
#6939 = PCURVE('',#6940,#6945);
#6940 = PLANE('',#6941);
#6941 = AXIS2_PLACEMENT_3D('',#6942,#6943,#6944);
#6942 = CARTESIAN_POINT('',(1.2,1.267428610134E-18,-2.6));
#6943 = DIRECTION('',(0.,0.,1.));
#6944 = DIRECTION('',(1.,0.,-0.));
#6945 = DEFINITIONAL_REPRESENTATION('',(#6946),#6950);
#6946 = CIRCLE('',#6947,0.13);
#6947 = AXIS2_PLACEMENT_2D('',#6948,#6949);
#6948 = CARTESIAN_POINT('',(0.,-1.267428610134E-18));
#6949 = DIRECTION('',(1.,0.));
#6950 = ( GEOMETRIC_REPRESENTATION_CONTEXT(2) 
PARAMETRIC_REPRESENTATION_CONTEXT() REPRESENTATION_CONTEXT('2D SPACE',''
  ) );
#6951 = ORIENTED_EDGE('',*,*,#6905,.F.);
#6952 = ORIENTED_EDGE('',*,*,#6288,.F.);
#6953 = ADVANCED_FACE('',(#6954),#6339,.F.);
#6954 = FACE_BOUND('',#6955,.F.);
#6955 = EDGE_LOOP('',(#6956,#6977,#7003,#7004));
#6956 = ORIENTED_EDGE('',*,*,#6957,.T.);
#6957 = EDGE_CURVE('',#6323,#6958,#6960,.T.);
#6958 = VERTEX_POINT('',#6959);
#6959 = CARTESIAN_POINT('',(0.71,2.,-2.6));
#6960 = SEAM_CURVE('',#6961,(#6965,#6971),.PCURVE_S1.);
#6961 = LINE('',#6962,#6963);
#6962 = CARTESIAN_POINT('',(0.71,2.,-2.1));
#6963 = VECTOR('',#6964,1.);
#6964 = DIRECTION('',(-0.,-0.,-1.));
#6965 = PCURVE('',#6339,#6966);
#6966 = DEFINITIONAL_REPRESENTATION('',(#6967),#6970);
#6967 = B_SPLINE_CURVE_WITH_KNOTS('',1,(#6968,#6969),.UNSPECIFIED.,.F.,
  .F.,(2,2),(0.,0.5),.PIECEWISE_BEZIER_KNOTS.);
#6968 = CARTESIAN_POINT('',(0.,0.));
#6969 = CARTESIAN_POINT('',(0.,-0.5));
#6970 = ( GEOMETRIC_REPRESENTATION_CONTEXT(2) 
PARAMETRIC_REPRESENTATION_CONTEXT() REPRESENTATION_CONTEXT('2D SPACE',''
  ) );
#6971 = PCURVE('',#6339,#6972);
#6972 = DEFINITIONAL_REPRESENTATION('',(#6973),#6976);
#6973 = B_SPLINE_CURVE_WITH_KNOTS('',1,(#6974,#6975),.UNSPECIFIED.,.F.,
  .F.,(2,2),(0.,0.5),.PIECEWISE_BEZIER_KNOTS.);
#6974 = CARTESIAN_POINT('',(6.28318530718,0.));
#6975 = CARTESIAN_POINT('',(6.28318530718,-0.5));
#6976 = ( GEOMETRIC_REPRESENTATION_CONTEXT(2) 
PARAMETRIC_REPRESENTATION_CONTEXT() REPRESENTATION_CONTEXT('2D SPACE',''
  ) );
#6977 = ORIENTED_EDGE('',*,*,#6978,.T.);
#6978 = EDGE_CURVE('',#6958,#6958,#6979,.T.);
#6979 = SURFACE_CURVE('',#6980,(#6985,#6991),.PCURVE_S1.);
#6980 = CIRCLE('',#6981,0.11);
#6981 = AXIS2_PLACEMENT_3D('',#6982,#6983,#6984);
#6982 = CARTESIAN_POINT('',(0.6,2.,-2.6));
#6983 = DIRECTION('',(0.,0.,1.));
#6984 = DIRECTION('',(1.,0.,0.));
#6985 = PCURVE('',#6339,#6986);
#6986 = DEFINITIONAL_REPRESENTATION('',(#6987),#6990);
#6987 = B_SPLINE_CURVE_WITH_KNOTS('',1,(#6988,#6989),.UNSPECIFIED.,.F.,
  .F.,(2,2),(0.,6.28318530718),.PIECEWISE_BEZIER_KNOTS.);
#6988 = CARTESIAN_POINT('',(0.,-0.5));
#6989 = CARTESIAN_POINT('',(6.28318530718,-0.5));
#6990 = ( GEOMETRIC_REPRESENTATION_CONTEXT(2) 
PARAMETRIC_REPRESENTATION_CONTEXT() REPRESENTATION_CONTEXT('2D SPACE',''
  ) );
#6991 = PCURVE('',#6992,#6997);
#6992 = PLANE('',#6993);
#6993 = AXIS2_PLACEMENT_3D('',#6994,#6995,#6996);
#6994 = CARTESIAN_POINT('',(0.6,2.,-2.6));
#6995 = DIRECTION('',(0.,0.,1.));
#6996 = DIRECTION('',(1.,0.,-0.));
#6997 = DEFINITIONAL_REPRESENTATION('',(#6998),#7002);
#6998 = CIRCLE('',#6999,0.11);
#6999 = AXIS2_PLACEMENT_2D('',#7000,#7001);
#7000 = CARTESIAN_POINT('',(1.110223024625E-16,0.));
#7001 = DIRECTION('',(1.,0.));
#7002 = ( GEOMETRIC_REPRESENTATION_CONTEXT(2) 
PARAMETRIC_REPRESENTATION_CONTEXT() REPRESENTATION_CONTEXT('2D SPACE',''
  ) );
#7003 = ORIENTED_EDGE('',*,*,#6957,.F.);
#7004 = ORIENTED_EDGE('',*,*,#6322,.F.);
#7005 = ADVANCED_FACE('',(#7006),#6373,.F.);
#7006 = FACE_BOUND('',#7007,.F.);
#7007 = EDGE_LOOP('',(#7008,#7029,#7055,#7056));
#7008 = ORIENTED_EDGE('',*,*,#7009,.T.);
#7009 = EDGE_CURVE('',#6357,#7010,#7012,.T.);
#7010 = VERTEX_POINT('',#7011);
#7011 = CARTESIAN_POINT('',(1.33,2.4,-2.6));
#7012 = SEAM_CURVE('',#7013,(#7017,#7023),.PCURVE_S1.);
#7013 = LINE('',#7014,#7015);
#7014 = CARTESIAN_POINT('',(1.33,2.4,-2.1));
#7015 = VECTOR('',#7016,1.);
#7016 = DIRECTION('',(-0.,-0.,-1.));
#7017 = PCURVE('',#6373,#7018);
#7018 = DEFINITIONAL_REPRESENTATION('',(#7019),#7022);
#7019 = B_SPLINE_CURVE_WITH_KNOTS('',1,(#7020,#7021),.UNSPECIFIED.,.F.,
  .F.,(2,2),(0.,0.5),.PIECEWISE_BEZIER_KNOTS.);
#7020 = CARTESIAN_POINT('',(0.,0.));
#7021 = CARTESIAN_POINT('',(0.,-0.5));
#7022 = ( GEOMETRIC_REPRESENTATION_CONTEXT(2) 
PARAMETRIC_REPRESENTATION_CONTEXT() REPRESENTATION_CONTEXT('2D SPACE',''
  ) );
#7023 = PCURVE('',#6373,#7024);
#7024 = DEFINITIONAL_REPRESENTATION('',(#7025),#7028);
#7025 = B_SPLINE_CURVE_WITH_KNOTS('',1,(#7026,#7027),.UNSPECIFIED.,.F.,
  .F.,(2,2),(0.,0.5),.PIECEWISE_BEZIER_KNOTS.);
#7026 = CARTESIAN_POINT('',(6.28318530718,0.));
#7027 = CARTESIAN_POINT('',(6.28318530718,-0.5));
#7028 = ( GEOMETRIC_REPRESENTATION_CONTEXT(2) 
PARAMETRIC_REPRESENTATION_CONTEXT() REPRESENTATION_CONTEXT('2D SPACE',''
  ) );
#7029 = ORIENTED_EDGE('',*,*,#7030,.T.);
#7030 = EDGE_CURVE('',#7010,#7010,#7031,.T.);
#7031 = SURFACE_CURVE('',#7032,(#7037,#7043),.PCURVE_S1.);
#7032 = CIRCLE('',#7033,0.13);
#7033 = AXIS2_PLACEMENT_3D('',#7034,#7035,#7036);
#7034 = CARTESIAN_POINT('',(1.2,2.4,-2.6));
#7035 = DIRECTION('',(0.,0.,1.));
#7036 = DIRECTION('',(1.,0.,0.));
#7037 = PCURVE('',#6373,#7038);
#7038 = DEFINITIONAL_REPRESENTATION('',(#7039),#7042);
#7039 = B_SPLINE_CURVE_WITH_KNOTS('',1,(#7040,#7041),.UNSPECIFIED.,.F.,
  .F.,(2,2),(0.,6.28318530718),.PIECEWISE_BEZIER_KNOTS.);
#7040 = CARTESIAN_POINT('',(0.,-0.5));
#7041 = CARTESIAN_POINT('',(6.28318530718,-0.5));
#7042 = ( GEOMETRIC_REPRESENTATION_CONTEXT(2) 
PARAMETRIC_REPRESENTATION_CONTEXT() REPRESENTATION_CONTEXT('2D SPACE',''
  ) );
#7043 = PCURVE('',#7044,#7049);
#7044 = PLANE('',#7045);
#7045 = AXIS2_PLACEMENT_3D('',#7046,#7047,#7048);
#7046 = CARTESIAN_POINT('',(1.2,2.4,-2.6));
#7047 = DIRECTION('',(0.,0.,1.));
#7048 = DIRECTION('',(1.,0.,-0.));
#7049 = DEFINITIONAL_REPRESENTATION('',(#7050),#7054);
#7050 = CIRCLE('',#7051,0.13);
#7051 = AXIS2_PLACEMENT_2D('',#7052,#7053);
#7052 = CARTESIAN_POINT('',(0.,0.));
#7053 = DIRECTION('',(1.,0.));
#7054 = ( GEOMETRIC_REPRESENTATION_CONTEXT(2) 
PARAMETRIC_REPRESENTATION_CONTEXT() REPRESENTATION_CONTEXT('2D SPACE',''
  ) );
#7055 = ORIENTED_EDGE('',*,*,#7009,.F.);
#7056 = ORIENTED_EDGE('',*,*,#6356,.F.);
#7057 = ADVANCED_FACE('',(#7058),#6407,.F.);
#7058 = FACE_BOUND('',#7059,.F.);
#7059 = EDGE_LOOP('',(#7060,#7081,#7107,#7108));
#7060 = ORIENTED_EDGE('',*,*,#7061,.T.);
#7061 = EDGE_CURVE('',#6391,#7062,#7064,.T.);
#7062 = VERTEX_POINT('',#7063);
#7063 = CARTESIAN_POINT('',(6.93,0.,-2.6));
#7064 = SEAM_CURVE('',#7065,(#7069,#7075),.PCURVE_S1.);
#7065 = LINE('',#7066,#7067);
#7066 = CARTESIAN_POINT('',(6.93,0.,-2.1));
#7067 = VECTOR('',#7068,1.);
#7068 = DIRECTION('',(-0.,-0.,-1.));
#7069 = PCURVE('',#6407,#7070);
#7070 = DEFINITIONAL_REPRESENTATION('',(#7071),#7074);
#7071 = B_SPLINE_CURVE_WITH_KNOTS('',1,(#7072,#7073),.UNSPECIFIED.,.F.,
  .F.,(2,2),(0.,0.5),.PIECEWISE_BEZIER_KNOTS.);
#7072 = CARTESIAN_POINT('',(0.,0.));
#7073 = CARTESIAN_POINT('',(0.,-0.5));
#7074 = ( GEOMETRIC_REPRESENTATION_CONTEXT(2) 
PARAMETRIC_REPRESENTATION_CONTEXT() REPRESENTATION_CONTEXT('2D SPACE',''
  ) );
#7075 = PCURVE('',#6407,#7076);
#7076 = DEFINITIONAL_REPRESENTATION('',(#7077),#7080);
#7077 = B_SPLINE_CURVE_WITH_KNOTS('',1,(#7078,#7079),.UNSPECIFIED.,.F.,
  .F.,(2,2),(0.,0.5),.PIECEWISE_BEZIER_KNOTS.);
#7078 = CARTESIAN_POINT('',(6.28318530718,0.));
#7079 = CARTESIAN_POINT('',(6.28318530718,-0.5));
#7080 = ( GEOMETRIC_REPRESENTATION_CONTEXT(2) 
PARAMETRIC_REPRESENTATION_CONTEXT() REPRESENTATION_CONTEXT('2D SPACE',''
  ) );
#7081 = ORIENTED_EDGE('',*,*,#7082,.T.);
#7082 = EDGE_CURVE('',#7062,#7062,#7083,.T.);
#7083 = SURFACE_CURVE('',#7084,(#7089,#7095),.PCURVE_S1.);
#7084 = CIRCLE('',#7085,0.13);
#7085 = AXIS2_PLACEMENT_3D('',#7086,#7087,#7088);
#7086 = CARTESIAN_POINT('',(6.8,0.,-2.6));
#7087 = DIRECTION('',(0.,0.,1.));
#7088 = DIRECTION('',(1.,0.,0.));
#7089 = PCURVE('',#6407,#7090);
#7090 = DEFINITIONAL_REPRESENTATION('',(#7091),#7094);
#7091 = B_SPLINE_CURVE_WITH_KNOTS('',1,(#7092,#7093),.UNSPECIFIED.,.F.,
  .F.,(2,2),(0.,6.28318530718),.PIECEWISE_BEZIER_KNOTS.);
#7092 = CARTESIAN_POINT('',(0.,-0.5));
#7093 = CARTESIAN_POINT('',(6.28318530718,-0.5));
#7094 = ( GEOMETRIC_REPRESENTATION_CONTEXT(2) 
PARAMETRIC_REPRESENTATION_CONTEXT() REPRESENTATION_CONTEXT('2D SPACE',''
  ) );
#7095 = PCURVE('',#7096,#7101);
#7096 = PLANE('',#7097);
#7097 = AXIS2_PLACEMENT_3D('',#7098,#7099,#7100);
#7098 = CARTESIAN_POINT('',(6.8,1.267428610134E-18,-2.6));
#7099 = DIRECTION('',(0.,0.,1.));
#7100 = DIRECTION('',(1.,0.,-0.));
#7101 = DEFINITIONAL_REPRESENTATION('',(#7102),#7106);
#7102 = CIRCLE('',#7103,0.13);
#7103 = AXIS2_PLACEMENT_2D('',#7104,#7105);
#7104 = CARTESIAN_POINT('',(0.,-1.267428610134E-18));
#7105 = DIRECTION('',(1.,0.));
#7106 = ( GEOMETRIC_REPRESENTATION_CONTEXT(2) 
PARAMETRIC_REPRESENTATION_CONTEXT() REPRESENTATION_CONTEXT('2D SPACE',''
  ) );
#7107 = ORIENTED_EDGE('',*,*,#7061,.F.);
#7108 = ORIENTED_EDGE('',*,*,#6390,.F.);
#7109 = ADVANCED_FACE('',(#7110),#6441,.F.);
#7110 = FACE_BOUND('',#7111,.F.);
#7111 = EDGE_LOOP('',(#7112,#7133,#7159,#7160));
#7112 = ORIENTED_EDGE('',*,*,#7113,.T.);
#7113 = EDGE_CURVE('',#6425,#7114,#7116,.T.);
#7114 = VERTEX_POINT('',#7115);
#7115 = CARTESIAN_POINT('',(6.93,2.4,-2.6));
#7116 = SEAM_CURVE('',#7117,(#7121,#7127),.PCURVE_S1.);
#7117 = LINE('',#7118,#7119);
#7118 = CARTESIAN_POINT('',(6.93,2.4,-2.1));
#7119 = VECTOR('',#7120,1.);
#7120 = DIRECTION('',(-0.,-0.,-1.));
#7121 = PCURVE('',#6441,#7122);
#7122 = DEFINITIONAL_REPRESENTATION('',(#7123),#7126);
#7123 = B_SPLINE_CURVE_WITH_KNOTS('',1,(#7124,#7125),.UNSPECIFIED.,.F.,
  .F.,(2,2),(0.,0.5),.PIECEWISE_BEZIER_KNOTS.);
#7124 = CARTESIAN_POINT('',(0.,0.));
#7125 = CARTESIAN_POINT('',(0.,-0.5));
#7126 = ( GEOMETRIC_REPRESENTATION_CONTEXT(2) 
PARAMETRIC_REPRESENTATION_CONTEXT() REPRESENTATION_CONTEXT('2D SPACE',''
  ) );
#7127 = PCURVE('',#6441,#7128);
#7128 = DEFINITIONAL_REPRESENTATION('',(#7129),#7132);
#7129 = B_SPLINE_CURVE_WITH_KNOTS('',1,(#7130,#7131),.UNSPECIFIED.,.F.,
  .F.,(2,2),(0.,0.5),.PIECEWISE_BEZIER_KNOTS.);
#7130 = CARTESIAN_POINT('',(6.28318530718,0.));
#7131 = CARTESIAN_POINT('',(6.28318530718,-0.5));
#7132 = ( GEOMETRIC_REPRESENTATION_CONTEXT(2) 
PARAMETRIC_REPRESENTATION_CONTEXT() REPRESENTATION_CONTEXT('2D SPACE',''
  ) );
#7133 = ORIENTED_EDGE('',*,*,#7134,.T.);
#7134 = EDGE_CURVE('',#7114,#7114,#7135,.T.);
#7135 = SURFACE_CURVE('',#7136,(#7141,#7147),.PCURVE_S1.);
#7136 = CIRCLE('',#7137,0.13);
#7137 = AXIS2_PLACEMENT_3D('',#7138,#7139,#7140);
#7138 = CARTESIAN_POINT('',(6.8,2.4,-2.6));
#7139 = DIRECTION('',(0.,0.,1.));
#7140 = DIRECTION('',(1.,0.,0.));
#7141 = PCURVE('',#6441,#7142);
#7142 = DEFINITIONAL_REPRESENTATION('',(#7143),#7146);
#7143 = B_SPLINE_CURVE_WITH_KNOTS('',1,(#7144,#7145),.UNSPECIFIED.,.F.,
  .F.,(2,2),(0.,6.28318530718),.PIECEWISE_BEZIER_KNOTS.);
#7144 = CARTESIAN_POINT('',(0.,-0.5));
#7145 = CARTESIAN_POINT('',(6.28318530718,-0.5));
#7146 = ( GEOMETRIC_REPRESENTATION_CONTEXT(2) 
PARAMETRIC_REPRESENTATION_CONTEXT() REPRESENTATION_CONTEXT('2D SPACE',''
  ) );
#7147 = PCURVE('',#7148,#7153);
#7148 = PLANE('',#7149);
#7149 = AXIS2_PLACEMENT_3D('',#7150,#7151,#7152);
#7150 = CARTESIAN_POINT('',(6.8,2.4,-2.6));
#7151 = DIRECTION('',(0.,0.,1.));
#7152 = DIRECTION('',(1.,0.,-0.));
#7153 = DEFINITIONAL_REPRESENTATION('',(#7154),#7158);
#7154 = CIRCLE('',#7155,0.13);
#7155 = AXIS2_PLACEMENT_2D('',#7156,#7157);
#7156 = CARTESIAN_POINT('',(1.7763568394E-15,4.440892098501E-16));
#7157 = DIRECTION('',(1.,0.));
#7158 = ( GEOMETRIC_REPRESENTATION_CONTEXT(2) 
PARAMETRIC_REPRESENTATION_CONTEXT() REPRESENTATION_CONTEXT('2D SPACE',''
  ) );
#7159 = ORIENTED_EDGE('',*,*,#7113,.F.);
#7160 = ORIENTED_EDGE('',*,*,#6424,.F.);
#7161 = ADVANCED_FACE('',(#7162),#6475,.F.);
#7162 = FACE_BOUND('',#7163,.F.);
#7163 = EDGE_LOOP('',(#7164,#7185,#7211,#7212));
#7164 = ORIENTED_EDGE('',*,*,#7165,.T.);
#7165 = EDGE_CURVE('',#6459,#7166,#7168,.T.);
#7166 = VERTEX_POINT('',#7167);
#7167 = CARTESIAN_POINT('',(6.63,5.,1.6));
#7168 = SEAM_CURVE('',#7169,(#7173,#7179),.PCURVE_S1.);
#7169 = LINE('',#7170,#7171);
#7170 = CARTESIAN_POINT('',(6.63,5.,3.));
#7171 = VECTOR('',#7172,1.);
#7172 = DIRECTION('',(-0.,-0.,-1.));
#7173 = PCURVE('',#6475,#7174);
#7174 = DEFINITIONAL_REPRESENTATION('',(#7175),#7178);
#7175 = B_SPLINE_CURVE_WITH_KNOTS('',1,(#7176,#7177),.UNSPECIFIED.,.F.,
  .F.,(2,2),(0.,1.4),.PIECEWISE_BEZIER_KNOTS.);
#7176 = CARTESIAN_POINT('',(0.,0.));
#7177 = CARTESIAN_POINT('',(0.,-1.4));
#7178 = ( GEOMETRIC_REPRESENTATION_CONTEXT(2) 
PARAMETRIC_REPRESENTATION_CONTEXT() REPRESENTATION_CONTEXT('2D SPACE',''
  ) );
#7179 = PCURVE('',#6475,#7180);
#7180 = DEFINITIONAL_REPRESENTATION('',(#7181),#7184);
#7181 = B_SPLINE_CURVE_WITH_KNOTS('',1,(#7182,#7183),.UNSPECIFIED.,.F.,
  .F.,(2,2),(0.,1.4),.PIECEWISE_BEZIER_KNOTS.);
#7182 = CARTESIAN_POINT('',(6.28318530718,0.));
#7183 = CARTESIAN_POINT('',(6.28318530718,-1.4));
#7184 = ( GEOMETRIC_REPRESENTATION_CONTEXT(2) 
PARAMETRIC_REPRESENTATION_CONTEXT() REPRESENTATION_CONTEXT('2D SPACE',''
  ) );
#7185 = ORIENTED_EDGE('',*,*,#7186,.T.);
#7186 = EDGE_CURVE('',#7166,#7166,#7187,.T.);
#7187 = SURFACE_CURVE('',#7188,(#7193,#7199),.PCURVE_S1.);
#7188 = CIRCLE('',#7189,0.13);
#7189 = AXIS2_PLACEMENT_3D('',#7190,#7191,#7192);
#7190 = CARTESIAN_POINT('',(6.5,5.,1.6));
#7191 = DIRECTION('',(0.,0.,1.));
#7192 = DIRECTION('',(1.,0.,0.));
#7193 = PCURVE('',#6475,#7194);
#7194 = DEFINITIONAL_REPRESENTATION('',(#7195),#7198);
#7195 = B_SPLINE_CURVE_WITH_KNOTS('',1,(#7196,#7197),.UNSPECIFIED.,.F.,
  .F.,(2,2),(0.,6.28318530718),.PIECEWISE_BEZIER_KNOTS.);
#7196 = CARTESIAN_POINT('',(0.,-1.4));
#7197 = CARTESIAN_POINT('',(6.28318530718,-1.4));
#7198 = ( GEOMETRIC_REPRESENTATION_CONTEXT(2) 
PARAMETRIC_REPRESENTATION_CONTEXT() REPRESENTATION_CONTEXT('2D SPACE',''
  ) );
#7199 = PCURVE('',#7200,#7205);
#7200 = PLANE('',#7201);
#7201 = AXIS2_PLACEMENT_3D('',#7202,#7203,#7204);
#7202 = CARTESIAN_POINT('',(6.5,5.,1.6));
#7203 = DIRECTION('',(0.,0.,1.));
#7204 = DIRECTION('',(1.,0.,-0.));
#7205 = DEFINITIONAL_REPRESENTATION('',(#7206),#7210);
#7206 = CIRCLE('',#7207,0.13);
#7207 = AXIS2_PLACEMENT_2D('',#7208,#7209);
#7208 = CARTESIAN_POINT('',(8.881784197001E-16,-8.881784197001E-16));
#7209 = DIRECTION('',(1.,0.));
#7210 = ( GEOMETRIC_REPRESENTATION_CONTEXT(2) 
PARAMETRIC_REPRESENTATION_CONTEXT() REPRESENTATION_CONTEXT('2D SPACE',''
  ) );
#7211 = ORIENTED_EDGE('',*,*,#7165,.F.);
#7212 = ORIENTED_EDGE('',*,*,#6458,.F.);
#7213 = ADVANCED_FACE('',(#7214),#6524,.T.);
#7214 = FACE_BOUND('',#7215,.T.);
#7215 = EDGE_LOOP('',(#7216));
#7216 = ORIENTED_EDGE('',*,*,#6510,.T.);
#7217 = ADVANCED_FACE('',(#7218),#6576,.T.);
#7218 = FACE_BOUND('',#7219,.T.);
#7219 = EDGE_LOOP('',(#7220));
#7220 = ORIENTED_EDGE('',*,*,#6562,.T.);
#7221 = ADVANCED_FACE('',(#7222),#6628,.T.);
#7222 = FACE_BOUND('',#7223,.T.);
#7223 = EDGE_LOOP('',(#7224));
#7224 = ORIENTED_EDGE('',*,*,#6614,.T.);
#7225 = ADVANCED_FACE('',(#7226),#6680,.T.);
#7226 = FACE_BOUND('',#7227,.T.);
#7227 = EDGE_LOOP('',(#7228));
#7228 = ORIENTED_EDGE('',*,*,#6666,.T.);
#7229 = ADVANCED_FACE('',(#7230),#6732,.T.);
#7230 = FACE_BOUND('',#7231,.T.);
#7231 = EDGE_LOOP('',(#7232));
#7232 = ORIENTED_EDGE('',*,*,#6718,.T.);
#7233 = ADVANCED_FACE('',(#7234),#6784,.T.);
#7234 = FACE_BOUND('',#7235,.T.);
#7235 = EDGE_LOOP('',(#7236));
#7236 = ORIENTED_EDGE('',*,*,#6770,.T.);
#7237 = ADVANCED_FACE('',(#7238),#6836,.T.);
#7238 = FACE_BOUND('',#7239,.T.);
#7239 = EDGE_LOOP('',(#7240));
#7240 = ORIENTED_EDGE('',*,*,#6822,.T.);
#7241 = ADVANCED_FACE('',(#7242),#6888,.T.);
#7242 = FACE_BOUND('',#7243,.T.);
#7243 = EDGE_LOOP('',(#7244));
#7244 = ORIENTED_EDGE('',*,*,#6874,.T.);
#7245 = ADVANCED_FACE('',(#7246),#6940,.T.);
#7246 = FACE_BOUND('',#7247,.T.);
#7247 = EDGE_LOOP('',(#7248));
#7248 = ORIENTED_EDGE('',*,*,#6926,.T.);
#7249 = ADVANCED_FACE('',(#7250),#6992,.T.);
#7250 = FACE_BOUND('',#7251,.T.);
#7251 = EDGE_LOOP('',(#7252));
#7252 = ORIENTED_EDGE('',*,*,#6978,.T.);
#7253 = ADVANCED_FACE('',(#7254),#7044,.T.);
#7254 = FACE_BOUND('',#7255,.T.);
#7255 = EDGE_LOOP('',(#7256));
#7256 = ORIENTED_EDGE('',*,*,#7030,.T.);
#7257 = ADVANCED_FACE('',(#7258),#7096,.T.);
#7258 = FACE_BOUND('',#7259,.T.);
#7259 = EDGE_LOOP('',(#7260));
#7260 = ORIENTED_EDGE('',*,*,#7082,.T.);
#7261 = ADVANCED_FACE('',(#7262),#7148,.T.);
#7262 = FACE_BOUND('',#7263,.T.);
#7263 = EDGE_LOOP('',(#7264));
#7264 = ORIENTED_EDGE('',*,*,#7134,.T.);
#7265 = ADVANCED_FACE('',(#7266),#7200,.T.);
#7266 = FACE_BOUND('',#7267,.T.);
#7267 = EDGE_LOOP('',(#7268));
#7268 = ORIENTED_EDGE('',*,*,#7186,.T.);
#7269 = ( GEOMETRIC_REPRESENTATION_CONTEXT(3) 
GLOBAL_UNCERTAINTY_ASSIGNED_CONTEXT((#7273)) 
GLOBAL_UNIT_ASSIGNED_CONTEXT((#7270,#7271,#7272)) REPRESENTATION_CONTEXT
('Context #1','3D Context with UNIT and UNCERTAINTY') );
#7270 = ( LENGTH_UNIT() NAMED_UNIT(*) SI_UNIT(.CENTI.,.METRE.) );
#7271 = ( NAMED_UNIT(*) PLANE_ANGLE_UNIT() SI_UNIT($,.RADIAN.) );
#7272 = ( NAMED_UNIT(*) SI_UNIT($,.STERADIAN.) SOLID_ANGLE_UNIT() );
#7273 = UNCERTAINTY_MEASURE_WITH_UNIT(LENGTH_MEASURE(5.E-07),#7270,
  'distance_accuracy_value','confusion accuracy');
#7274 = PRODUCT_RELATED_PRODUCT_CATEGORY('part',$,(#7));
ENDSEC;
END-ISO-10303-21;
